product_code,product_name,category,unit_price,is_active
P012143,Revolutionize Frictionless Technologies,Electronics,-871.4081213341284,True
P006923,NavajoWhite Est,Books,2934.73,True
P005603,MediumTurquoise Unde,Toys,7704.43,True
P009625,MediumSeaGreen Voluptates,Fashion,18009.72,True
P000600,DarkBlue Nemo,Beauty,5484.52,True
P008874,DodgerBlue Cumque,Sports,997.18,True
P000904,PeachPuff Blanditiis,Home,694.68,True
P002022,Salmon Aut,Sports,14086.47,True
P007324,PeachPuff Fugiat,Sports,1946.83,True
P008159,DarkOrchid Perferendis,Sports,8841.92,True
P010249,LightSkyBlue Odit,Beauty,9458.47,True
P002551,Moccasin Explicabo,Books,12251.94,True
P008199,DarkSeaGreen Nostrum,Toys,23877.54,True
P000153,Peru Ipsum,Electronics,14354.41,True
P008040,Thistle Iusto,Fashion,17168.95,True
P000140,PaleVioletRed Odio,Sports,2660.55,True
P005798,SandyBrown Tempore,Home,3954.82,True
P001211,Teal Dolore,Electronics,11568.88,True
P012414,Evolve Turn-Key Initiatives,Sports,FREE,True
P004257,MediumPurple Sint,Home,20712.36,True
P011909,Violet Minima,Books,2612.57,True
P004841,Fuchsia Deleniti,Grocery,3617.85,True
P005379,LightSkyBlue Tempora,Home,18446.34,True
P006009,Silver Commodi,Sports,13372.8,True
P004339,NavajoWhite Aliquam,Electronics,6546.55,True
P000529,CornflowerBlue Quisquam,Beauty,12167.96,True
P005666,Green Eveniet,Books,8373.84,True
P007713,BurlyWood Maxime,Toys,23803.44,True
P009171,DarkOliveGreen Corporis,Grocery,20297.66,True
P000894,MediumSlateBlue Ipsa,Electronics,18777.49,True
P014238,Utilize Visionary Platforms,Toys,-332.2258943236529,True
P004478,ForestGreen Tempora,Sports,4665.62,True
P006651,DarkMagenta Debitis,Beauty,12543.31,True
P003627,ForestGreen Ut,Fashion,2747.83,True
P013398,Enable Interactive Experiences,,FREE,True
P002125,DeepPink Dolor,Beauty,17755.81,True
P008154,BurlyWood Facere,Fashion,11774.84,True
P001396,Chartreuse Eos,Books,9924.81,True
P014072,Leverage Impactful Initiatives,Sports,-557.3386105071941,True
P001460,DeepPink Architecto,Fashion,2686.92,True
P001549,Turquoise Laudantium,Electronics,19669.26,True
P007380,DarkSeaGreen Nihil,Electronics,23454.75,True
P002905,MintCream Iure,Fashion,4963.99,True
P002743,Pink Enim,Books,14620.13,True
P003712,DarkGoldenRod Voluptatibus,Electronics,13655.26,True
P011911,Azure Ducimus,Toys,16578.46,True
P002558,Wheat Adipisci,Sports,20357.13,True
P006850,Pink Saepe,Fashion,11581.9,True
P004676,LightSteelBlue Amet,Grocery,4435.32,True
P007348,DarkOrchid Harum,Home,10661.56,True
P008870,Deploy B2B Supply-Chains,Electronics,9385.38,True
P002652,DodgerBlue Facere,Sports,13206.14,True
P009927,Turquoise Dolor,Fashion,21667.69,True
P008578,PaleGreen Iusto,Fashion,2307.12,True
P012095,Transition Seamless Communities,Home,-758.2198588037991,True
P005475,PaleTurquoise Atque,Toys,19928.81,True
P003638,Tan Rerum,Beauty,2738.94,True
P011865,LimeGreen Rerum,Fashion,2746.98,True
P003955,SeaShell Quos,Beauty,20414.52,True
P006759,LightCyan Laboriosam,Toys,16880.45,True
P004404,SeaGreen Harum,Toys,22059.88,True
P013122,Engineer Revolutionary Partnerships,Fashion,FREE,True
P010338,Navy Delectus,Home,15509.7,True
P000649,Tomato Accusamus,Books,2760.81,True
P002751,Orchid Aliquid,Books,22224.35,True
P002929,PeachPuff Voluptas,Fashion,15387.96,True
P013551,Deploy Integrated Vortals,Sports,-981.9718398397573,True
P002311,Green Adipisci,Grocery,6536.67,True
P014591,,Books,10606.62,True
P009867,Moccasin Sed,Toys,22337.12,True
P006798,Cyan Dolorum,Electronics,21321.29,True
P009323,Teal Sed,Home,14335.93,True
P000873,DarkKhaki Veniam,Fashion,10447.16,True
P011137,MediumSeaGreen Illo,Beauty,9128.0,True
P009440,Black Pariatur,Toys,3537.64,True
P002223,Bisque Quae,Books,4624.66,True
P008928,Magenta Asperiores,Toys,15108.77,True
P007200,MediumBlue Modi,Toys,6083.02,True
P007556,AliceBlue Architecto,Home,20077.14,True
P012791,Benchmark Distributed Systems,Toys,-247.23738733863266,True
P014776,Grow End-To-End Convergence,Home,-748.4970114017913,True
P007117,LimeGreen Corporis,Books,193.95,True
P010224,Orchid Magnam,Toys,5712.89,True
P007164,DarkSalmon Accusamus,Grocery,4893.91,True
P009327,Repurpose Clicks-And-Mortar Niches,Grocery,4124.42,True
P010135,Bisque A,Electronics,6526.33,True
P009934,SlateBlue Tempora,Sports,4283.0,True
P003709,GoldenRod Accusantium,Electronics,16517.86,True
P006626,AliceBlue Dolorum,Home,20924.54,True
P007270,Indigo Iste,Grocery,8352.04,True
P004436,Teal Recusandae,Fashion,7544.13,True
P009149,Snow Ex,Home,16267.02,True
P008087,Brown Labore,Electronics,3043.16,True
P010215,Lime Unde,Fashion,12583.18,True
P002544,DarkViolet Optio,Toys,22890.83,True
P011029,MintCream Quia,Grocery,104.84,True
P001237,Chocolate Illum,Books,809.26,True
P000492,Olive Iste,Sports,3032.54,True
P002733,OldLace Temporibus,Fashion,11222.32,True
P002473,Moccasin Accusamus,Sports,21056.68,True
P014467,Seize End-To-End Partnerships,Sports,-532.182899393493,True
P005860,DarkOrchid Occaecati,Grocery,18647.64,True
P010230,Violet Nisi,Fashion,13567.17,True
P011852,FloralWhite Asperiores,Electronics,18948.52,True
P014972,Productize Global Solutions,Electronics,-11.19343689948991,True
P004809,Khaki Dolores,Sports,16359.79,True
P002994,Monetize Open-Source Interfaces,Beauty,19280.61,True
P006060,DeepPink Quos,Toys,12204.96,True
P011630,Azure Iste,Books,17714.43,True
P010757,MediumSeaGreen Odit,Fashion,15378.49,True
P011293,Cyan Neque,Fashion,19954.05,True
P006729,CadetBlue Minus,Books,3871.9,True
P014471,Empower Bricks-And-Clicks Functionalities,Books,-503.18486473421194,True
P009665,DeepPink Repellat,Home,9306.17,True
P006647,MediumBlue Officia,Beauty,1277.36,True
P005253,Chartreuse Illo,Beauty,14889.08,True
P009643,SlateGray Nostrum,Fashion,22121.86,True
P012051,,Beauty,24511.63,True
P002934,Gainsboro Perferendis,Grocery,13130.22,True
P013441,Architect Visionary Web Services,Electronics,-429.81394992610103,True
P002331,PaleTurquoise Odio,Sports,24226.35,True
P006358,DarkGray Dolores,Books,5758.45,True
P008755,SlateGray Exercitationem,Toys,11382.53,True
P004315,LightYellow Similique,Sports,5736.39,True
P013811,Engineer Dynamic Mindshare,Fashion,-610.8407113192171,True
P002189,SandyBrown Blanditiis,Toys,11663.27,True
P005409,MediumBlue Libero,Home,12376.83,True
P012286,,Sports,15845.41,True
P012519,Monetize One-To-One E-Tailers,Sports,FREE,True
P006553,LightGray Recusandae,Beauty,9927.4,True
P010105,Teal Iure,Toys,1528.84,True
P012604,Incentivize Enterprise Platforms,Fashion,FREE,True
P002392,IndianRed Porro,Fashion,1288.32,True
P000020,Deploy World-Class Eyeballs,Sports,16610.71,True
P006861,DarkGray Quas,Books,18378.06,True
P010414,Aquamarine Quisquam,Books,8358.29,True
P010956,OrangeRed Voluptas,Books,15894.53,True
P007513,LawnGreen Cupiditate,Toys,24052.08,True
P003721,Lime Ipsum,Fashion,14150.67,True
P006778,Chocolate Similique,Sports,21770.63,True
P003664,DarkGreen Eos,Beauty,19958.75,True
P006164,DarkRed Exercitationem,Electronics,8191.69,True
P011104,OliveDrab Molestias,Grocery,23433.06,True
P007571,DarkRed Repudiandae,Electronics,19863.07,True
P006760,DarkRed Ullam,Books,5022.8,True
P010342,PaleGoldenRod Tenetur,Electronics,24682.6,True
P013829,Maximize Front-End Niches,Electronics,FREE,True
P000219,Maroon Impedit,Sports,10656.32,True
P002894,BurlyWood Quia,Toys,2681.31,True
P003756,AliceBlue Fugit,Grocery,4401.96,True
P003240,LightCyan Totam,Fashion,4592.72,True
P007243,Peru Eius,Home,1854.33,True
P001541,LightSlateGray Quas,Grocery,18450.76,True
P005324,SlateGray Similique,Grocery,17301.82,True
P011573,Pink Sint,Sports,18028.4,True
P005831,WhiteSmoke In,Books,13354.59,True
P000148,MediumBlue Similique,Sports,4363.26,True
P008011,MistyRose Vero,Electronics,19420.17,True
P012895,Morph Efficient Action-Items,,-445.36521776448416,True
P001125,ForestGreen Hic,Electronics,9342.59,True
P009509,Blue Vitae,Electronics,387.86,True
P005061,Ivory Saepe,Books,8483.85,True
P014919,Re-Intermediate Revolutionary Users,Electronics,FREE,True
P002568,Mesh Killer Supply-Chains,,13266.91,True
P004406,Peru Aut,Books,6330.0,True
P012622,,Beauty,8273.19,True
P004998,SandyBrown Assumenda,Beauty,19403.9,True
P004911,DarkOrange Iure,Electronics,6990.14,True
P006007,LawnGreen Tenetur,Books,19778.37,True
P001511,LightGray Nihil,Electronics,21063.52,True
P003969,LightSalmon Dolorum,Books,14160.46,True
P001170,PaleVioletRed Consectetur,Fashion,10640.2,True
P014554,Disintermediate B2B Methodologies,,FREE,True
P001869,CornflowerBlue Ea,Grocery,2308.7,True
P014933,,Beauty,2583.99,True
P007850,Lavender Hic,Beauty,5721.11,True
P004582,MediumBlue Ipsa,Electronics,17381.11,True
P000914,PaleGreen Laboriosam,Toys,16075.05,True
P010734,LightPink Eos,Grocery,15771.96,True
P008506,Beige Sequi,Electronics,19521.37,True
P000547,PeachPuff Nostrum,Books,18443.47,True
P001132,Bisque Tempore,Toys,443.87,True
P008913,LightGoldenRodYellow Sapiente,Beauty,18379.39,True
P011440,Lime Esse,Beauty,23516.3,True
P002321,MediumSpringGreen Possimus,Electronics,11878.04,True
P000032,NavajoWhite Minus,Beauty,11047.82,True
P005297,SlateGray Quae,Toys,20045.08,True
P010417,Monetize Leading-Edge E-Tailers,Beauty,15510.75,True
P006452,DarkTurquoise Error,Electronics,20569.35,True
P002273,Brown Dignissimos,Fashion,8310.74,True
P009962,Tomato Quaerat,Beauty,93.56,True
P007318,ForestGreen Ex,Electronics,12001.14,True
P005770,PowderBlue Esse,Electronics,18221.01,True
P006201,Green Cupiditate,Books,14214.25,True
P003424,YellowGreen Amet,Home,23465.29,True
P001827,MintCream Officia,Grocery,1109.87,True
P007847,Chartreuse Delectus,Electronics,24298.6,True
P001307,Azure Nihil,Home,23560.88,True
P001293,Indigo Magni,Beauty,22334.98,True
P009995,MediumVioletRed Consectetur,Electronics,18575.72,True
P008980,Crimson Ratione,Beauty,21858.41,True
P012879,,Beauty,7355.86,True
P011689,FloralWhite Quos,Fashion,17148.35,True
P001005,SandyBrown Rem,Toys,24338.45,True
P003176,Brown Iste,Fashion,20734.39,True
P002735,SaddleBrown Hic,Beauty,1210.42,True
P005424,SeaGreen Facere,Electronics,16121.88,True
P005644,DarkCyan Ipsa,Home,2891.74,True
P004181,DarkViolet Asperiores,Home,15236.57,True
P014328,Exploit Revolutionary Users,Electronics,FREE,True
P008726,LawnGreen Repellat,Beauty,12141.69,True
P013000,,Grocery,10766.17,True
P009724,SlateBlue Id,Electronics,6953.19,True
P006921,MediumBlue Maiores,Books,21158.94,True
P014865,,Electronics,3999.14,True
P012184,Engineer B2C Functionalities,Sports,FREE,True
P010647,DarkSalmon Alias,Sports,10906.7,True
P006711,DarkOrchid Illo,Toys,18512.84,True
P013972,,Home,6698.95,True
P002548,Strategize B2C Portals,Sports,3671.71,True
P002555,LavenderBlush Porro,Fashion,19498.13,True
P001068,MediumTurquoise Ipsa,Grocery,19246.0,True
P002640,Innovate Extensible Supply-Chains,Sports,299.95,True
P002390,Chocolate Quas,Electronics,18752.17,True
P002245,MintCream Cum,Sports,3921.21,True
P010806,MediumOrchid Itaque,Books,10321.73,True
P011163,DarkSlateGray Saepe,Toys,23068.62,True
P013251,Enhance Dot-Com Infrastructures,Books,FREE,True
P003582,Transition Enterprise Roi,Sports,6668.06,True
P009277,OldLace Nulla,Home,5261.97,True
P000916,LightSeaGreen Nihil,Beauty,369.81,True
P005592,Gold Commodi,Books,8574.79,True
P000648,MediumSeaGreen Quibusdam,Beauty,19415.86,True
P011727,Thistle Necessitatibus,Books,17761.08,True
P013623,,Home,5087.68,True
P011857,MistyRose Doloribus,Home,18115.78,True
P011213,DarkKhaki Ex,Books,9124.88,True
P000049,DarkOliveGreen Incidunt,Home,8496.16,True
P001923,LightPink Animi,Toys,15714.95,True
P004725,DarkGray Delectus,Toys,1130.77,True
P012475,Architect 24/365 Methodologies,Toys,-862.2553035959613,True
P011892,PaleTurquoise Quas,Grocery,6128.22,True
P001844,Black Ea,Books,19589.24,True
P004939,IndianRed Amet,Grocery,22528.09,True
P003432,Blue Provident,Fashion,5869.28,True
P003583,Orange Harum,Books,2541.67,True
P007294,LightSkyBlue Laboriosam,Grocery,11516.87,True
P012923,,Beauty,11947.33,True
P010429,HoneyDew Harum,Beauty,21668.64,True
P006917,OldLace Nesciunt,Home,19595.89,True
P001851,Gainsboro Soluta,Fashion,4324.57,True
P007902,AliceBlue Unde,Grocery,11713.31,True
P012214,,Beauty,18112.15,True
P010714,LightSalmon Vel,Home,9430.99,True
P001882,Benchmark Front-End Models,Books,16275.23,True
P010080,DarkMagenta Et,Grocery,10507.51,True
P003853,RoyalBlue Excepturi,Home,7627.67,True
P013960,,Toys,6643.94,True
P006337,LightYellow Tempora,Toys,14144.98,True
P002337,Enable E-Business Content,Beauty,7689.28,True
P006556,DarkSlateBlue Quasi,Sports,8270.23,True
P000245,DarkSeaGreen Nam,Home,13383.99,True
P002629,Engineer Impactful Portals,Beauty,17153.07,True
P010099,DarkKhaki Veniam,Grocery,84.62,True
P001688,Silver Harum,Home,22803.22,True
P005136,MediumSpringGreen Consequatur,Grocery,4733.56,True
P010840,Incubate Seamless Markets,,2152.98,True
P002366,Navy Odit,Home,10063.96,True
P008493,Aquamarine Soluta,Home,18918.36,True
P003530,LimeGreen Quis,Books,10970.58,True
P001022,Khaki Cum,Books,10221.41,True
P005448,MediumSpringGreen Doloribus,Toys,1784.52,True
P013114,,Electronics,9904.33,True
P010958,Ivory Eligendi,Toys,21821.04,True
P006560,Violet Eum,Books,2807.29,True
P003065,PapayaWhip Eos,Fashion,7379.22,True
P011290,DarkSalmon Voluptates,Books,12900.04,True
P012838,Extend Cross-Platform Relationships,Toys,FREE,True
P010393,Azure Optio,Toys,9570.21,True
P005345,ForestGreen Beatae,Sports,4958.8,True
P014160,Evolve Enterprise Models,Sports,FREE,True
P004971,Lime Aliquid,Toys,23354.46,True
P000527,Facilitate Extensible Functionalities,Books,3562.85,True
P000436,MediumAquaMarine Consequuntur,Grocery,14960.48,True
P001035,SeaShell Nobis,Books,19395.78,True
P007746,Plum Aliquid,Books,10628.57,True
P001776,HotPink Blanditiis,Toys,10023.12,True
P006728,Navy Ratione,Electronics,10263.25,True
P005447,MediumBlue Dolor,Books,10379.88,True
P006438,DarkGray Sunt,Electronics,21845.36,True
P010127,BlueViolet Ipsum,Grocery,24581.63,True
P010973,MediumSeaGreen Sapiente,Toys,19319.65,True
P006534,DarkTurquoise Tenetur,Electronics,3470.82,True
P002346,DarkSalmon Distinctio,Electronics,19204.89,True
P005051,BlanchedAlmond Explicabo,Electronics,17772.78,True
P004812,Turquoise At,Beauty,5859.61,True
P014724,Implement Ubiquitous Relationships,Sports,-575.9823322045645,True
P014245,,Beauty,7168.16,True
P012114,,Fashion,24259.57,True
P010039,Blue Asperiores,Sports,15835.62,True
P000590,Indigo Ab,Electronics,13200.92,True
P009631,LightGray Culpa,Toys,5473.88,True
P002307,LavenderBlush Voluptas,Fashion,20896.6,True
P012721,Synthesize End-To-End Applications,Home,FREE,True
P010058,PaleTurquoise Veritatis,Fashion,2236.53,True
P009613,Orange Commodi,Beauty,16559.98,True
P005829,BlanchedAlmond Labore,Home,22674.46,True
P010452,LightGray Dolore,Fashion,3185.69,True
P002085,Sienna Fugiat,Beauty,1954.45,True
P008345,DarkBlue Ullam,Toys,10803.9,True
P007612,Black Inventore,Beauty,20844.59,True
P004888,LightYellow Iste,Books,8549.73,True
P001568,SandyBrown At,Home,16737.57,True
P012996,Synthesize Virtual Supply-Chains,Fashion,-655.8612629260119,True
P014325,,Electronics,5648.43,True
P003723,PaleTurquoise Minima,Grocery,11374.33,True
P003413,Navy Amet,Books,7283.05,True
P010397,Thistle Illum,Beauty,19128.88,True
P010952,MediumSpringGreen Consectetur,Grocery,9059.35,True
P001251,SpringGreen Ea,Fashion,23457.81,True
P004835,Crimson Quas,Fashion,14187.19,True
P008746,Lavender Quae,Beauty,18070.3,True
P008466,DarkBlue Neque,Electronics,14932.43,True
P010454,Cornsilk Facilis,Sports,18172.71,True
P007978,YellowGreen Optio,Toys,3146.12,True
P001753,LightPink Nam,Toys,13639.24,True
P004537,Navy Deserunt,Home,20625.06,True
P012132,Strategize Frictionless Mindshare,,FREE,True
P008282,Linen Numquam,Fashion,11565.05,True
P003394,Beige Mollitia,Electronics,1418.37,True
P003435,Fuchsia Tenetur,Sports,1887.71,True
P004862,MediumVioletRed Culpa,Books,6885.06,True
P001381,SkyBlue Ad,Toys,2673.91,True
P009765,Crimson Minima,Grocery,17387.7,True
P008822,Re-Contextualize Compelling Partnerships,,2526.07,True
P007857,Cyan Quidem,Beauty,16159.29,True
P005968,GoldenRod Eveniet,Home,9582.97,True
P005799,Yellow Possimus,Home,9660.37,True
P011390,DeepSkyBlue Asperiores,Home,12621.93,True
P002780,LightGreen Molestias,Books,15758.59,True
P003648,OldLace Accusantium,Home,5961.57,True
P001791,GoldenRod Aliquid,Beauty,3255.91,True
P005891,DarkMagenta Ex,Home,21011.02,True
P001874,Deliver Best-Of-Breed Technologies,Electronics,12332.82,True
P002334,LightGreen Possimus,Sports,14525.06,True
P011914,Indigo Dignissimos,Beauty,11756.29,True
P008304,IndianRed Inventore,Toys,17474.93,True
P007940,LawnGreen Ullam,Toys,2463.19,True
P013060,Envisioneer Rich Interfaces,Grocery,FREE,True
P003923,Tan Quidem,Toys,24070.98,True
P003360,DarkSlateBlue Aut,Books,2193.9,True
P007092,SandyBrown Saepe,Grocery,16580.47,True
P006989,Violet Dignissimos,Home,14450.21,True
P013716,Generate Virtual Initiatives,Sports,-920.5177069679887,True
P003882,PaleGreen Possimus,Electronics,311.13,True
P005328,Chartreuse Omnis,Home,15538.9,True
P002947,Orchid Necessitatibus,Beauty,24798.86,True
P010072,SeaShell Dolor,Fashion,16431.22,True
P003062,Brown Quam,Electronics,18738.2,True
P000378,ForestGreen Provident,Fashion,6196.84,True
P006019,BlanchedAlmond Dignissimos,Books,9591.21,True
P009313,Peru Assumenda,Toys,12938.12,True
P011448,Cyan Consequuntur,Toys,963.46,True
P005750,PaleGreen Unde,Fashion,4129.43,True
P014457,Strategize Innovative E-Tailers,Books,-327.45464557360543,True
P006163,PaleGreen Expedita,Grocery,10626.38,True
P000371,Plum Adipisci,Books,23834.01,True
P009078,MintCream Nemo,Beauty,1474.23,True
P011140,DarkKhaki Quod,Toys,4267.71,True
P010708,PaleTurquoise Maxime,Sports,22398.61,True
P000568,Maroon Molestiae,Grocery,21432.6,True
P002157,MediumAquaMarine Ipsa,Home,7501.55,True
P003469,NavajoWhite Fugit,Books,21656.19,True
P001265,LawnGreen Dolorum,Books,22425.04,True
P006160,YellowGreen A,Home,16051.63,True
P007892,Aqua Suscipit,Electronics,16318.96,True
P000699,White Nam,Electronics,7436.0,True
P014552,Incubate Enterprise Models,,-148.52691377786522,True
P001990,Thistle Hic,Toys,6676.55,True
P013700,Maximize Intuitive Mindshare,Sports,-692.3105406145283,True
P010671,DarkGoldenRod Facilis,Fashion,6118.89,True
P009913,Gainsboro Aut,Home,14533.43,True
P004991,FireBrick Nihil,Beauty,23953.04,True
P014113,Utilize B2C Applications,Beauty,FREE,True
P007862,MediumVioletRed Consequatur,Fashion,5171.23,True
P006351,LightSteelBlue Ipsam,Fashion,472.54,True
P005480,MediumSpringGreen Eius,Home,12856.29,True
P000521,Cornsilk Rerum,Beauty,16421.88,True
P002983,FireBrick Optio,Home,20128.89,True
P000985,NavajoWhite Voluptates,Grocery,23610.27,True
P003129,Plum Doloribus,Beauty,12272.84,True
P005575,Khaki Occaecati,Sports,15182.27,True
P012786,,Electronics,3931.89,True
P001494,LightSeaGreen Quia,Electronics,7944.32,True
P004225,Architect Bricks-And-Clicks E-Commerce,Electronics,14166.91,True
P013174,Enable Customized Content,,-556.0845714762374,True
P011933,PaleTurquoise Ex,Grocery,6435.62,True
P006218,Crimson Consequatur,Beauty,9858.66,True
P009451,DimGray Ullam,Sports,22153.56,True
P007297,Yellow Perferendis,Beauty,22790.65,True
P010291,MediumSlateBlue Explicabo,Toys,18489.89,True
P002980,Khaki Debitis,Fashion,22716.9,True
P003951,Violet Ratione,Home,222.56,True
P002197,GhostWhite Animi,Electronics,1460.42,True
P007084,Cornsilk Rem,Home,19162.69,True
P014574,Redefine 24/365 E-Tailers,Grocery,FREE,True
P005865,Wheat Officiis,Electronics,4785.44,True
P008592,SlateGray Vero,Toys,9955.02,True
P012504,Deliver Killer Portals,Books,-674.4528354649747,True
P000075,MidnightBlue In,Sports,24468.27,True
P000959,LightSalmon Aliquid,Fashion,8675.23,True
P011887,Maroon Voluptas,Home,19688.02,True
P001732,Turquoise Quisquam,Beauty,24501.18,True
P001142,Wheat Maxime,Grocery,18718.46,True
P005773,Khaki Natus,Home,2937.43,True
P007413,MediumAquaMarine Veniam,Grocery,1914.39,True
P013813,,Toys,23196.43,True
P005154,Green Beatae,Sports,4023.73,True
P011659,DarkSlateGray Modi,Home,5750.59,True
P001434,MediumSlateBlue Necessitatibus,Sports,24814.29,True
P000060,PowderBlue Corrupti,Grocery,1085.71,True
P012835,,Sports,12818.26,True
P014498,Streamline Granular Portals,Electronics,FREE,True
P004610,DarkGray Veritatis,Electronics,20139.12,True
P011766,Linen Laudantium,Beauty,1119.99,True
P008411,MediumAquaMarine Tempore,Books,6964.46,True
P011084,Tan Deserunt,Grocery,15817.69,True
P003599,Magenta Dolore,Books,2351.94,True
P009391,DarkKhaki Fuga,Electronics,4719.64,True
P008756,LimeGreen Necessitatibus,Grocery,18093.35,True
P001774,Plum Ad,Grocery,5457.2,True
P008480,DimGray Doloremque,Fashion,8702.5,True
P001360,SteelBlue Ullam,Sports,23195.78,True
P013703,Re-Contextualize Wireless Architectures,Sports,FREE,True
P000330,Snow Neque,Books,19765.32,True
P014796,,Grocery,12094.74,True
P014134,Cultivate Leading-Edge Solutions,Grocery,-666.6488486061805,True
P008769,Magenta Voluptate,Electronics,17371.26,True
P011641,DarkSalmon Quisquam,Home,5244.56,True
P004061,Blue Aperiam,Beauty,10730.26,True
P003770,Tomato Asperiores,Sports,5751.13,True
P001910,HoneyDew Expedita,Beauty,2647.4,True
P007134,Navy Ad,Beauty,3451.62,True
P014758,Extend Next-Generation Architectures,Electronics,-525.712908895841,True
P003918,Peru Quo,Books,14198.96,True
P013920,,Grocery,16739.24,True
P008885,PowderBlue Cumque,Grocery,23251.72,True
P003387,DarkMagenta Sequi,Toys,10452.57,True
P005275,Crimson Cum,Books,11826.81,True
P009444,SpringGreen Odit,Home,22929.71,True
P007651,White Necessitatibus,Fashion,80.77,True
P014524,Disintermediate Extensible Roi,Grocery,FREE,True
P006688,SlateGray Hic,Toys,21136.1,True
P014199,Facilitate Mission-Critical Models,Electronics,-112.4028243167214,True
P014303,Engage Cutting-Edge Roi,Toys,FREE,True
P008655,Fuchsia Inventore,Grocery,17884.06,True
P000325,Peru Repellendus,Electronics,10665.31,True
P011828,Black Perspiciatis,Books,17593.73,True
P010595,BlueViolet Modi,Beauty,20016.52,True
P012034,,Toys,18725.19,True
P002794,Aqua Iste,Toys,18842.42,True
P002826,PaleVioletRed Dolor,Home,13006.28,True
P006723,Chocolate Non,Electronics,17791.04,True
P009186,Turquoise Praesentium,Beauty,12637.46,True
P014360,,Home,14813.91,True
P000191,Wheat Ut,Sports,23090.45,True
P004408,LightCoral Occaecati,Sports,20567.55,True
P013445,Incentivize Compelling Systems,Sports,-693.5166547153049,True
P008266,DarkRed Quibusdam,Sports,23313.84,True
P004921,MediumAquaMarine Iste,Home,23168.39,True
P010578,DarkSeaGreen Illo,Grocery,21208.08,True
P004577,Plum Nisi,Books,10948.19,True
P006268,E-Enable Synergistic Applications,Sports,14586.17,True
P001278,Red Architecto,Beauty,21109.84,True
P013947,Strategize Holistic E-Commerce,Electronics,-966.6230880268303,True
P006345,OrangeRed Fugiat,Books,24473.76,True
P006576,Grow Collaborative E-Business,Toys,11589.56,True
P011176,Violet Doloribus,Toys,23913.04,True
P001318,BurlyWood Atque,Grocery,8539.71,True
P007755,DarkBlue Magnam,Books,23793.12,True
P003785,SeaGreen Saepe,Fashion,18012.81,True
P012918,Evolve Best-Of-Breed Deliverables,Beauty,-80.74403732931418,True
P014158,Strategize Back-End Metrics,,FREE,True
P004140,LawnGreen Perferendis,Beauty,7726.32,True
P001335,White Doloribus,Fashion,22698.67,True
P000175,Sienna Consequatur,Beauty,13608.14,True
P007727,Bisque Atque,Sports,16020.71,True
P009886,DarkSlateGray Sit,Beauty,4817.43,True
P007864,DarkBlue Cum,Grocery,11626.78,True
P007589,PaleGoldenRod Veniam,Sports,1769.58,True
P001226,FireBrick Reprehenderit,Books,18866.34,True
P012774,Incubate Robust E-Business,Sports,-116.0506720780568,True
P001223,PaleGoldenRod Doloremque,Toys,16827.96,True
P005591,SeaShell Accusamus,Electronics,5848.9,True
P007705,Redefine Wireless Applications,Grocery,11866.81,True
P014560,,Beauty,24958.43,True
P000036,Gray Impedit,Beauty,384.71,True
P008615,GreenYellow Quisquam,Grocery,8417.24,True
P007354,DarkGreen Laboriosam,Toys,9571.46,True
P001327,MediumPurple Velit,Fashion,20858.51,True
P000511,Blue Nisi,Toys,15257.11,True
P000139,Maroon Corporis,Toys,6496.73,True
P001765,Linen Quasi,Home,17525.54,True
P003956,FloralWhite Eaque,Home,13839.17,True
P006589,Linen Qui,Books,15875.88,True
P000473,MediumAquaMarine Laboriosam,Beauty,4798.04,True
P007670,DarkSlateBlue Deleniti,Electronics,23152.95,True
P007184,LightPink Alias,Toys,16335.9,True
P000966,Brown Cum,Grocery,11893.24,True
P010542,Crimson Quibusdam,Home,21494.41,True
P010417,OliveDrab Veritatis,Fashion,714.59,True
P011706,Orchid Eveniet,Electronics,16593.62,True
P011845,Cultivate Granular Vortals,Sports,16851.99,True
P003781,DarkGoldenRod Hic,Books,13226.79,True
P008008,Reinvent Wireless Portals,,24273.77,True
P002227,PaleGoldenRod Ipsum,Beauty,14508.19,True
P002650,Blue Minima,Toys,21617.7,True
P010419,RosyBrown Placeat,Sports,13414.1,True
P011801,Bisque Repudiandae,Home,22282.79,True
P010410,MediumBlue Voluptates,Home,21675.46,True
P001748,LawnGreen Laudantium,Toys,11418.62,True
P012041,,Toys,22994.97,True
P010109,MediumBlue Corrupti,Fashion,14105.29,True
P005356,DarkKhaki Saepe,Toys,3210.25,True
P005997,SandyBrown Illum,Books,1856.47,True
P003073,Lavender Fugiat,Beauty,12917.17,True
P003406,FireBrick Dolores,Grocery,14086.26,True
P001074,DarkCyan Deleniti,Fashion,16537.52,True
P009347,Plum Atque,Beauty,23747.71,True
P008693,LightSalmon Voluptatibus,Sports,16991.69,True
P011268,Snow Qui,Toys,18952.89,True
P011045,Pink Voluptates,Grocery,8366.26,True
P002766,Bisque Asperiores,Sports,4633.79,True
P008818,RosyBrown Nam,Home,20820.74,True
P014488,Transition Turn-Key Info-Mediaries,Sports,-314.5776213481724,True
P011226,Teal Molestias,Home,4179.3,True
P010445,MediumPurple Molestiae,Toys,21059.96,True
P006240,DarkGreen Quibusdam,Toys,21935.9,True
P003520,Brown Veritatis,Toys,4532.28,True
P009413,Beige Recusandae,Grocery,5829.31,True
P011471,Beige Dolor,Books,11566.6,True
P007474,Linen Deleniti,Fashion,9679.57,True
P001453,LightPink Similique,Electronics,12846.44,True
P003047,PaleGreen Accusamus,Toys,3102.21,True
P009344,Olive Magni,Beauty,14568.47,True
P014082,Deliver Sticky E-Markets,,FREE,True
P014550,,Beauty,2829.7,True
P000509,DarkGray Provident,Beauty,16878.25,True
P014216,Maximize Magnetic Bandwidth,Toys,FREE,True
P008110,Tan Quod,Grocery,20104.94,True
P009687,Matrix Visionary Roi,,605.34,True
P013929,,Toys,22543.28,True
P002440,Cornsilk Adipisci,Fashion,1969.37,True
P004329,LightBlue Eos,Fashion,18656.8,True
P001929,ForestGreen Eaque,Sports,4359.15,True
P011404,BurlyWood Laborum,Books,11240.8,True
P004740,CornflowerBlue Placeat,Fashion,5336.43,True
P012823,Streamline B2B Architectures,Beauty,-530.1671172866329,True
P003170,Magenta Eaque,Electronics,19178.7,True
P004234,Visualize Rich Applications,Books,12280.26,True
P000676,Olive Excepturi,Grocery,23401.84,True
P007189,MediumVioletRed Hic,Toys,6968.46,True
P005181,GreenYellow Est,Sports,2185.23,True
P010315,Bisque Dolores,Beauty,12602.88,True
P010526,Chartreuse Ipsa,Home,1290.07,True
P012576,,Books,13970.81,True
P013189,Transition Seamless Interfaces,Books,FREE,True
P010921,Mesh Frictionless Paradigms,Fashion,24942.63,True
P000795,Red Vero,Beauty,5471.73,True
P009718,SeaShell Quia,Sports,4024.42,True
P003383,BurlyWood A,Beauty,13492.37,True
P004462,DarkCyan Quas,Fashion,6774.14,True
P013796,Incubate Seamless Synergies,,-386.0451469393314,True
P002155,DimGray Sequi,Fashion,23051.27,True
P001656,SpringGreen Repudiandae,Sports,21622.98,True
P009350,MintCream Id,Books,16938.48,True
P002976,Violet Ipsum,Electronics,4115.93,True
P006297,GhostWhite Unde,Home,20313.44,True
P012893,Grow Extensible Platforms,Electronics,FREE,True
P010585,Lime Unde,Books,8822.91,True
P005559,Incubate Synergistic Convergence,Fashion,10354.12,True
P008372,DarkRed Dolor,Home,11380.39,True
P002630,Streamline Viral Applications,Sports,22474.31,True
P005057,DarkTurquoise Repellendus,Beauty,10664.95,True
P005145,Navy Corporis,Fashion,21559.56,True
P009980,MediumSlateBlue Eligendi,Toys,20814.92,True
P007496,Salmon Culpa,Fashion,14628.63,True
P001290,OliveDrab Vero,Fashion,2821.61,True
P009776,DarkMagenta Amet,Beauty,9432.71,True
P001920,DarkOrchid Quibusdam,Home,15214.59,True
P011134,Aqua Perspiciatis,Fashion,24869.0,True
P011595,AliceBlue Quia,Sports,4744.15,True
P007671,Thistle Non,Toys,17697.03,True
P007714,White Eos,Home,11071.84,True
P002049,SteelBlue Consectetur,Grocery,12936.87,True
P009045,SteelBlue Corrupti,Fashion,13940.02,True
P003189,LightGreen Libero,Books,14703.49,True
P011485,FloralWhite Error,Beauty,8347.02,True
P005066,LightCoral Eius,Home,11946.23,True
P001902,Crimson Unde,Electronics,16477.87,True
P006134,DarkViolet Corrupti,Grocery,9378.32,True
P008075,DarkOrchid Animi,Grocery,22053.1,True
P002111,Navy Perspiciatis,Beauty,19612.23,True
P008509,Aquamarine Fugit,Grocery,16745.46,True
P001454,DeepPink Quam,Fashion,10976.24,True
P009699,MediumSlateBlue Beatae,Electronics,21151.24,True
P007214,Purple Blanditiis,Beauty,23006.86,True
P007441,YellowGreen A,Books,5913.65,True
P010691,Synthesize Collaborative Vortals,Grocery,2830.56,True
P006015,DarkSalmon Natus,Sports,23598.63,True
P006314,Teal Occaecati,Books,5843.02,True
P014579,,Books,23068.43,True
P005870,YellowGreen Aspernatur,Sports,12682.18,True
P006442,White Optio,Grocery,23610.27,True
P003674,Lavender Tempora,Electronics,13163.18,True
P002036,Lime Perspiciatis,Beauty,14701.58,True
P006377,MediumSpringGreen Ipsum,Fashion,23720.72,True
P007248,Snow Ut,Home,20368.03,True
P002536,DarkCyan Quidem,Books,2431.61,True
P000305,MediumAquaMarine Fugit,Home,24224.55,True
P003808,LavenderBlush Quo,Electronics,4775.06,True
P010705,WhiteSmoke Quia,Grocery,5112.72,True
P001614,SandyBrown Molestias,Home,13576.9,True
P003730,LightCyan Officiis,Sports,7977.97,True
P005202,BlueViolet Vitae,Fashion,19552.49,True
P001341,BlueViolet Voluptatem,Electronics,6743.83,True
P003858,GreenYellow Nulla,Beauty,15853.96,True
P001647,OldLace Ut,Sports,19377.72,True
P012344,,Fashion,982.69,True
P012079,Architect Front-End Platforms,Electronics,FREE,True
P006494,DarkOliveGreen In,Books,4460.37,True
P009992,BurlyWood Reprehenderit,Toys,18493.45,True
P013671,Integrate Bleeding-Edge Convergence,,FREE,True
P012726,Harness Best-Of-Breed Vortals,Electronics,FREE,True
P012098,Expedite Dynamic E-Services,Fashion,FREE,True
P004847,Architect Holistic Solutions,Fashion,21594.49,True
P006927,White Nesciunt,Fashion,8241.9,True
P006678,Gainsboro Nesciunt,Toys,20077.71,True
P002724,Monetize Holistic Methodologies,Grocery,6847.25,True
P000710,Sienna Saepe,Books,8526.11,True
P002756,Morph Bricks-And-Clicks Communities,Home,10327.4,True
P014847,Enhance Scalable Action-Items,Fashion,-115.97358269553746,True
P004295,DarkSalmon Laborum,Books,24717.7,True
P002622,LightSeaGreen Incidunt,Grocery,1639.91,True
P004682,Strategize Front-End Vortals,Fashion,10764.79,True
P004848,DarkOrange Esse,Beauty,16672.04,True
P001863,SkyBlue Eligendi,Sports,8000.31,True
P013603,Morph Vertical Markets,Books,FREE,True
P010449,LightCoral Quo,Sports,23900.14,True
P002019,Wheat Suscipit,Books,13885.21,True
P004789,SeaGreen Iusto,Grocery,9893.23,True
P004199,MediumOrchid Rem,Grocery,23299.5,True
P010840,Olive Impedit,Toys,20770.83,True
P014198,Exploit Best-Of-Breed Eyeballs,Home,FREE,True
P000094,DarkGray Id,Toys,4568.55,True
P006548,GreenYellow Odio,Electronics,4396.42,True
P005973,GoldenRod Consectetur,Fashion,1571.68,True
P007001,RosyBrown Consequatur,Electronics,11505.88,True
P014148,Deliver B2B Deliverables,Beauty,-582.7107154166305,True
P009552,DarkTurquoise Maiores,Grocery,2288.26,True
P006947,Ivory Totam,Sports,20808.93,True
P008121,Optimize Customized Platforms,Fashion,20951.7,True
P014958,Mesh One-To-One Models,Beauty,FREE,True
P004612,PaleTurquoise Ut,Beauty,4938.4,True
P005358,AliceBlue Quo,Electronics,12313.02,True
P001116,DeepPink Unde,Sports,6412.37,True
P000794,Lime Illo,Beauty,3599.83,True
P009504,LimeGreen Sint,Fashion,16931.33,True
P001912,MediumTurquoise Harum,Electronics,18280.94,True
P002591,Maroon Repellendus,Fashion,5358.06,True
P012600,Morph Enterprise Relationships,,FREE,True
P002357,PeachPuff Praesentium,Beauty,8863.96,True
P012760,,Home,14882.61,True
P002981,Violet Provident,Sports,18035.95,True
P011529,RoyalBlue Sapiente,Toys,8536.76,True
P014297,,Toys,11687.43,True
P000426,DarkOrange Deserunt,Electronics,6360.75,True
P003710,LightCoral Corporis,Books,14399.86,True
P010573,Teal Magni,Grocery,7202.07,True
P014533,Grow Compelling Vortals,Books,FREE,True
P007553,BurlyWood Earum,Fashion,5855.25,True
P011121,LightBlue Fuga,Fashion,19409.71,True
P003608,PaleGreen Placeat,Fashion,23760.66,True
P011945,BlanchedAlmond Nemo,Sports,15385.19,True
P011156,DarkCyan Fugiat,Toys,18708.09,True
P002399,SeaGreen Adipisci,Electronics,21686.86,True
P006860,Snow Voluptatem,Grocery,18843.77,True
P000222,DarkSeaGreen Officia,Fashion,4544.19,True
P011948,LightGray Dolorum,Books,17579.56,True
P008295,Transform Mission-Critical Convergence,Home,19685.99,True
P003151,Ivory Labore,Books,24820.96,True
P001870,ForestGreen Quisquam,Toys,14037.39,True
P000729,Green Earum,Sports,24713.28,True
P009120,Salmon Similique,Toys,21273.25,True
P008896,Gray Quia,Sports,13242.85,True
P001336,MediumVioletRed Vel,Sports,11979.14,True
P002010,LavenderBlush Fugiat,Beauty,568.17,True
P010465,Beige Iste,Toys,18495.02,True
P007388,Cyan Placeat,Fashion,3052.7,True
P012417,,Beauty,19715.04,True
P014700,Brand Bricks-And-Clicks Architectures,Electronics,-589.1150924999758,True
P014279,,,22711.9,True
P010842,DarkSlateGray Et,Beauty,24562.08,True
P011827,PaleGreen Expedita,Grocery,21311.04,True
P001521,SandyBrown Dignissimos,Toys,17031.46,True
P013349,Morph Plug-And-Play Info-Mediaries,,FREE,True
P003080,Azure Nemo,Electronics,10079.25,True
P003183,DeepSkyBlue Autem,Grocery,20191.65,True
P013987,Syndicate Frictionless E-Tailers,Beauty,FREE,True
P007580,DarkBlue Numquam,Electronics,7424.7,True
P011273,Aquamarine Vel,Books,17567.52,True
P014562,,Beauty,11657.97,True
P003861,DarkBlue Consequuntur,Fashion,706.14,True
P003417,FloralWhite Voluptate,Books,8538.5,True
P005748,PaleTurquoise Rem,Home,15615.57,True
P014476,,Electronics,10046.35,True
P001505,Azure Ratione,Beauty,24985.2,True
P012706,,,24004.09,True
P007742,DeepSkyBlue Excepturi,Toys,13330.9,True
P010250,LavenderBlush Temporibus,Toys,15652.26,True
P010512,MediumBlue Maiores,Fashion,10472.72,True
P008530,Green Iste,Beauty,4520.46,True
P003459,BlueViolet Laudantium,Beauty,7175.51,True
P006322,HotPink Aut,Books,2094.79,True
P003246,Orchid Soluta,Beauty,5772.95,True
P004869,DeepSkyBlue Voluptas,Toys,5884.38,True
P002344,Fuchsia Qui,Beauty,23010.27,True
P003883,PowderBlue Dolores,Grocery,22920.18,True
P006524,Lime Excepturi,Toys,22413.16,True
P005421,PaleGoldenRod Error,Grocery,6736.41,True
P001634,Orchid Rem,Home,20317.73,True
P005430,Cornsilk Quam,Fashion,2170.27,True
P006131,DarkBlue Rerum,Books,8820.92,True
P006712,LightSalmon Blanditiis,Toys,8214.96,True
P007813,DarkSlateBlue Modi,Electronics,9750.82,True
P001485,SeaGreen Cum,Electronics,24199.16,True
P012421,Aggregate Enterprise Web-Readiness,,-942.497006637345,True
P003750,Navy Natus,Sports,8156.56,True
P002201,Bisque Hic,Beauty,3863.71,True
P001965,LavenderBlush Eligendi,Home,7382.04,True
P000827,DarkGoldenRod Aut,Sports,2652.02,True
P005284,MediumSeaGreen Earum,Toys,2777.28,True
P008664,MediumOrchid Quibusdam,Home,4924.82,True
P013605,,Books,12101.32,True
P008114,Magenta Facere,Electronics,1434.18,True
P008713,DarkSeaGreen Quasi,Grocery,10513.77,True
P011010,SlateBlue Sunt,Grocery,1900.56,True
P005791,IndianRed Ipsa,Electronics,5162.04,True
P003984,Ivory Itaque,Fashion,22516.16,True
P010677,Pink Error,Toys,16328.93,True
P009942,Khaki Ut,Grocery,20040.07,True
P004720,SpringGreen Voluptas,Electronics,1797.38,True
P012730,,Beauty,14706.06,True
P002511,Purple Molestiae,Books,13571.9,True
P007775,Indigo Ipsam,Beauty,17991.77,True
P012910,,Grocery,9816.85,True
P008247,OldLace Eos,Fashion,2326.08,True
P007367,Brown Ea,Sports,1193.1,True
P008666,OliveDrab Repudiandae,Fashion,5628.48,True
P013039,,Books,14289.16,True
P011722,PaleVioletRed Sed,Sports,199.19,True
P011306,LightSkyBlue Placeat,Electronics,24925.2,True
P006080,DarkGray Omnis,Beauty,8236.75,True
P013888,Brand Customized Interfaces,Books,FREE,True
P011287,DarkSalmon Hic,Sports,4095.95,True
P012548,Optimize Next-Generation Mindshare,Fashion,FREE,True
P012270,Syndicate Revolutionary Action-Items,Sports,FREE,True
P004531,Cornsilk Aperiam,Books,18387.82,True
P008902,LawnGreen Illo,Home,3291.27,True
P009024,LavenderBlush Esse,Home,2084.3,True
P001619,Aqua Neque,Electronics,13613.55,True
P000404,MediumTurquoise Repellendus,Beauty,12255.96,True
P007555,NavajoWhite Tempore,Electronics,3159.49,True
P008697,DarkCyan Ipsum,Electronics,5423.4,True
P012003,Incubate Back-End E-Services,Fashion,FREE,True
P005249,LightCoral Minima,Beauty,11192.91,True
P010664,Silver Ex,Electronics,7720.86,True
P006877,DodgerBlue Quod,Toys,2792.07,True
P009037,Wheat Eos,Fashion,18368.95,True
P009789,MediumSlateBlue Provident,Home,7395.67,True
P014273,,Grocery,21817.18,True
P007913,Khaki Quibusdam,Fashion,3748.28,True
P002767,MediumSpringGreen Dolores,Beauty,7821.43,True
P010837,Bisque Molestiae,Books,18520.61,True
P005515,Crimson Culpa,Grocery,12199.64,True
P004915,Ivory Itaque,Beauty,21985.49,True
P001706,Thistle Enim,Electronics,1454.9,True
P008852,DarkMagenta Ex,Sports,24640.42,True
P004886,GhostWhite Quae,Electronics,11979.19,True
P014226,Empower Synergistic E-Markets,Grocery,-903.810516770831,True
P011386,DarkViolet Ad,Toys,16601.19,True
P007295,LightSeaGreen Voluptas,Books,5969.89,True
P000546,DarkSlateGray Tenetur,Sports,1938.72,True
P003697,GhostWhite Delectus,Grocery,4833.26,True
P003115,Architect Cross-Media Roi,Beauty,7105.02,True
P011746,Salmon Nostrum,Sports,6249.0,True
P010029,MediumBlue Incidunt,Grocery,15156.2,True
P005783,White Iure,Grocery,12905.38,True
P006535,Orange Soluta,Fashion,18492.86,True
P008786,Chartreuse Optio,Beauty,19452.98,True
P004645,Magenta Asperiores,Fashion,6870.29,True
P008427,DarkGray Occaecati,Sports,2418.92,True
P004236,Maroon Necessitatibus,Grocery,19532.12,True
P000808,MediumSeaGreen Veritatis,Beauty,4474.35,True
P001737,LightSalmon Dolor,Sports,18855.15,True
P003347,Bisque Veritatis,Sports,6919.4,True
P011926,PowderBlue Aperiam,Sports,11926.66,True
P011006,White Eaque,Grocery,10590.04,True
P005499,PapayaWhip Molestias,Books,17276.05,True
P013283,Scale Revolutionary Platforms,Sports,-643.9286799710222,True
P002495,LightSeaGreen Pariatur,Electronics,24787.89,True
P003411,MediumVioletRed Maxime,Electronics,15659.17,True
P005445,Redefine Cross-Platform Communities,Electronics,18535.54,True
P007206,OrangeRed Error,Toys,21523.85,True
P001115,DarkKhaki Et,Fashion,24504.59,True
P000967,RoyalBlue Sunt,Toys,1741.42,True
P003317,Ivory Aliquam,Beauty,9224.44,True
P000291,Chartreuse Quod,Books,10728.9,True
P004814,Ivory Ratione,Fashion,21908.77,True
P007059,Thistle Eveniet,Beauty,13401.84,True
P000592,DarkGoldenRod At,Grocery,2665.96,True
P006024,LightCoral Dolor,Fashion,4637.15,True
P009500,Chocolate Nesciunt,Sports,3995.06,True
P006260,MediumSlateBlue Quisquam,Sports,7483.33,True
P000743,Wheat Magni,Books,14759.02,True
P012789,Drive Clicks-And-Mortar Channels,Home,-494.3886883642198,True
P003661,Brand Front-End Technologies,Grocery,5530.93,True
P008086,PaleGoldenRod Ipsa,Grocery,11028.89,True
P012922,Embrace Interactive Models,Books,-494.0933677801815,True
P006691,DarkRed Et,Beauty,9236.42,True
P000256,Beige Ratione,Books,8236.37,True
P011270,SpringGreen Dicta,Beauty,3874.16,True
P000725,OldLace Exercitationem,Toys,17494.09,True
P014124,,Beauty,966.36,True
P011965,CornflowerBlue Repellat,Electronics,928.29,True
P009184,Maroon Aut,Home,23019.26,True
P006670,Aquamarine Nostrum,Home,9360.56,True
P001627,Olive Ex,Books,16031.21,True
P006655,LawnGreen Minima,Sports,11123.86,True
P005069,DarkTurquoise Veritatis,Sports,4920.58,True
P010936,BlueViolet Minima,Home,4146.49,True
P004556,WhiteSmoke Autem,Beauty,19911.26,True
P009003,YellowGreen Sapiente,Electronics,14507.93,True
P001376,SeaShell Error,Beauty,17558.2,True
P008382,MediumSpringGreen Asperiores,Books,13138.34,True
P008908,DarkTurquoise Vero,Fashion,21008.43,True
P002559,GoldenRod Pariatur,Beauty,13729.16,True
P009496,Harness Frictionless Applications,Grocery,15172.76,True
P008269,AntiqueWhite Explicabo,Books,5746.07,True
P006700,LemonChiffon Officiis,Beauty,14115.1,True
P013557,Matrix One-To-One Web-Readiness,Grocery,-514.3528094293201,True
P008629,LightGoldenRodYellow Magnam,Sports,14570.66,True
P013129,,Fashion,5403.91,True
P007353,LightPink Dignissimos,Grocery,16968.21,True
P007203,Azure Quae,Fashion,15258.27,True
P000091,SpringGreen Dolores,Toys,16289.92,True
P013670,Incentivize Granular Mindshare,Sports,-862.0827915361897,True
P009884,LightSkyBlue Quos,Fashion,6891.8,True
P011777,SandyBrown Harum,Electronics,10669.34,True
P008566,DodgerBlue Perspiciatis,Toys,13654.31,True
P001798,SaddleBrown Commodi,Fashion,21882.17,True
P007137,BlanchedAlmond Delectus,Books,12859.38,True
P012157,Revolutionize E-Business Vortals,Fashion,FREE,True
P007854,Crimson Quis,Electronics,20943.8,True
P010848,OliveDrab Eaque,Beauty,21099.58,True
P000451,Aquamarine Ipsum,Fashion,20073.65,True
P008987,Orange Nobis,Toys,18664.35,True
P006902,DarkBlue Quaerat,Grocery,13407.96,True
P005133,DarkTurquoise Tempora,Sports,17540.41,True
P009077,LightPink Officia,Beauty,598.65,True
P004487,Orchid Cum,Grocery,2860.36,True
P010641,LightBlue Eligendi,Beauty,2500.92,True
P003267,DarkSlateGray Necessitatibus,Electronics,21670.14,True
P007884,SeaShell Inventore,Books,1521.78,True
P011088,LightYellow Suscipit,Toys,21221.37,True
P013354,Orchestrate World-Class Networks,Books,FREE,True
P005206,RosyBrown Ipsa,Beauty,10963.95,True
P014478,Reinvent Revolutionary Methodologies,Books,-105.69076848005646,True
P003227,Silver Dolores,Toys,4586.66,True
P005167,GoldenRod Ipsam,Fashion,12102.61,True
P013363,,Home,16259.63,True
P004962,DarkOrchid Recusandae,Sports,3396.22,True
P004550,OliveDrab Aut,Beauty,20490.63,True
P006663,DarkBlue Aut,Home,19279.8,True
P004158,LightYellow Itaque,Toys,19757.11,True
P006076,SkyBlue Repellendus,Books,15458.45,True
P011578,PaleGoldenRod Minima,Books,12768.84,True
P000659,OliveDrab Quo,Toys,24309.84,True
P000692,OldLace Quia,Books,16690.72,True
P009825,Seize Intuitive E-Services,Toys,18736.98,True
P014590,Revolutionize Killer E-Commerce,Beauty,-696.2020137768731,True
P008384,Silver Commodi,Electronics,19914.02,True
P007411,LightSeaGreen Eius,Fashion,22089.61,True
P002572,Silver Voluptatem,Electronics,11858.56,True
P008942,DarkOliveGreen Aspernatur,Grocery,21035.51,True
P002200,Violet Nesciunt,Toys,9090.8,True
P014294,,Books,3843.39,True
P006951,SaddleBrown Recusandae,Grocery,20641.6,True
P010851,LightGreen Dolorum,Fashion,21199.97,True
P009436,MintCream Optio,Home,7700.26,True
P002092,Green Ea,Sports,20397.91,True
P011296,MediumSlateBlue Labore,Beauty,19405.57,True
P003244,Gainsboro Doloribus,Books,891.15,True
P006394,DeepSkyBlue Repudiandae,Books,8195.98,True
P004657,GreenYellow Quo,Grocery,19898.18,True
P002235,LawnGreen Voluptatum,Toys,10195.5,True
P006985,ForestGreen Eveniet,Beauty,24399.68,True
P009085,HoneyDew Eum,Fashion,24236.79,True
P011799,DarkGreen Ullam,Grocery,14943.75,True
P001856,Gainsboro Excepturi,Toys,1229.1,True
P000664,FireBrick Quas,Books,13316.05,True
P014289,,Fashion,13188.03,True
P001993,DarkRed Architecto,Electronics,6147.11,True
P005235,Yellow In,Home,5236.01,True
P000051,AntiqueWhite Rem,Fashion,2187.22,True
P000981,Indigo Explicabo,Toys,8385.7,True
P002582,Strategize Holistic Functionalities,Sports,12737.72,True
P006981,LightGray Explicabo,Sports,211.98,True
P008132,Bisque Necessitatibus,Books,24967.02,True
P007721,Tomato Quisquam,Beauty,19416.07,True
P000552,Tan Voluptate,Electronics,11203.58,True
P011339,Peru Asperiores,Books,22550.55,True
P005955,Navy Laborum,Toys,19762.28,True
P014066,Productize Robust Applications,Books,FREE,True
P004724,MintCream Illo,Fashion,16395.92,True
P007810,Incentivize User-Centric Schemas,Beauty,947.24,True
P006667,Gainsboro Quam,Beauty,4619.16,True
P001254,MediumSlateBlue Ducimus,Books,1697.43,True
P005182,Plum Similique,Fashion,16660.13,True
P009950,HoneyDew Molestiae,Beauty,16705.74,True
P010266,DarkGray Assumenda,Grocery,21547.62,True
P009583,LightCyan Eveniet,Beauty,9073.71,True
P008753,LightBlue Rem,Beauty,22209.4,True
P010908,PaleGreen Veritatis,Electronics,14986.28,True
P003053,Silver Rem,Electronics,2062.66,True
P000836,LightSkyBlue Odio,Grocery,17166.0,True
P005351,SlateBlue Officiis,Toys,17191.03,True
P008133,Olive Error,Fashion,21946.64,True
P003327,HoneyDew Praesentium,Electronics,4044.56,True
P001355,Cyan A,Toys,1816.41,True
P008833,Syndicate Wireless Networks,Sports,7569.36,True
P011154,Embrace Compelling Portals,Beauty,3508.52,True
P009951,SandyBrown Eius,Books,2248.62,True
P013816,,Toys,21254.84,True
P008243,Maroon Sapiente,Beauty,24065.1,True
P004176,Yellow Occaecati,Grocery,14769.65,True
P011877,MediumOrchid Perspiciatis,Home,14633.9,True
P002352,DarkOrchid Laborum,Beauty,10825.1,True
P002841,MediumSpringGreen Maiores,Sports,5732.08,True
P003950,Chartreuse Voluptatum,Books,10621.38,True
P000135,MediumSlateBlue Voluptatum,Grocery,20642.63,True
P005456,DeepSkyBlue Repudiandae,Fashion,9501.67,True
P013952,Monetize World-Class Content,Home,FREE,True
P011988,MediumOrchid Facere,Toys,15681.29,True
P008293,Engineer Front-End Roi,Sports,23296.68,True
P007966,DarkCyan Odio,Beauty,19161.12,True
P008379,Gold Id,Fashion,9921.21,True
P006002,Bisque Sint,Home,23342.38,True
P006446,Synthesize Collaborative Roi,Electronics,11204.01,True
P003529,Incubate Ubiquitous Deliverables,Home,599.22,True
P011835,SlateGray Ab,Sports,19236.34,True
P007729,Navy Sint,Electronics,3530.19,True
P006491,DarkCyan Deserunt,Sports,17087.08,True
P005028,Orchid Ipsam,Electronics,18144.29,True
P012897,Generate B2B Content,Home,FREE,True
P002035,Pink Optio,Books,14618.05,True
P005703,Fuchsia Consectetur,Sports,5227.75,True
P002694,RosyBrown Ad,Grocery,10150.59,True
P013397,,Electronics,14784.59,True
P007653,Ivory Suscipit,Beauty,467.38,True
P009258,GoldenRod Illo,Beauty,17428.89,True
P010541,BurlyWood Eos,Books,8276.8,True
P012067,Extend Killer Deliverables,Grocery,-847.464306790681,True
P005203,WhiteSmoke Porro,Fashion,4832.12,True
P000214,DimGray Id,Books,16950.08,True
P007745,DarkBlue Doloremque,Electronics,11154.33,True
P002993,LemonChiffon Ullam,Sports,11782.42,True
P010759,SkyBlue Ipsum,Books,14255.8,True
P004444,RosyBrown Doloribus,Beauty,17591.24,True
P002797,PowderBlue Quidem,Electronics,17076.68,True
P003727,NavajoWhite Officia,Beauty,8063.27,True
P012363,Optimize Ubiquitous Users,Beauty,-981.2620687744318,True
P004111,Azure Et,Sports,5095.87,True
P003427,Integrate 24/365 Architectures,Toys,3812.42,True
P003499,LavenderBlush Dolore,Toys,603.96,True
P011229,LightCoral Nemo,Fashion,8225.98,True
P006782,DimGray Adipisci,Grocery,6367.48,True
P009135,SeaGreen Dolor,Fashion,15977.69,True
P002682,MediumSpringGreen Facere,Grocery,7428.6,True
P002885,PeachPuff Molestiae,Toys,7294.9,True
P002284,WhiteSmoke Voluptas,Toys,4034.81,True
P001430,DarkGreen Amet,Toys,16307.59,True
P005818,LightSkyBlue Nobis,Fashion,10542.49,True
P013619,,Books,10952.31,True
P003628,LightCoral Voluptatibus,Home,11345.95,True
P005064,DarkGoldenRod Porro,Toys,21547.92,True
P002568,Aggregate Efficient E-Services,Beauty,21824.58,True
P009903,DimGray Pariatur,Toys,153.34,True
P002655,NavajoWhite Minus,Fashion,15785.02,True
P009750,SaddleBrown Aperiam,Books,17632.94,True
P009337,LightGray Magnam,Grocery,2449.15,True
P007147,DarkOrange Incidunt,Books,10889.53,True
P001937,YellowGreen Enim,Grocery,8748.92,True
P004284,SteelBlue Facere,Fashion,13513.9,True
P005661,BurlyWood Perspiciatis,Home,2692.59,True
P001529,IndianRed Veritatis,Toys,23608.15,True
P008111,DarkOrange Magnam,Home,6934.79,True
P006530,MediumAquaMarine Repudiandae,Sports,13819.2,True
P005657,ForestGreen Quae,Home,3484.99,True
P001139,OliveDrab Odit,Sports,8840.74,True
P001011,GhostWhite Cumque,Home,9479.3,True
P007070,DarkViolet Consequatur,Books,18739.54,True
P004227,Blue Temporibus,Sports,1459.61,True
P011115,DodgerBlue Doloremque,Electronics,4324.78,True
P000096,Lime Non,Toys,16549.32,True
P004673,LimeGreen Pariatur,Electronics,513.58,True
P003084,Thistle Quo,Beauty,11001.62,True
P004866,Gray Dolorem,Books,52.15,True
P006068,Aqua Error,Books,15293.41,True
P001551,Aqua Consectetur,Electronics,13109.17,True
P006610,LightYellow Odit,Home,14148.16,True
P009712,Thistle Quaerat,Sports,11888.67,True
P000840,Aqua Quidem,Electronics,20483.21,True
P005238,Purple Aliquid,Home,4970.22,True
P002785,LavenderBlush Labore,Electronics,5452.66,True
P007684,Linen Laudantium,Grocery,16050.2,True
P011964,LawnGreen Rerum,Fashion,22270.29,True
P003126,Chocolate Rerum,Grocery,11151.3,True
P005905,AntiqueWhite Delectus,Fashion,11793.29,True
P008732,PaleTurquoise Quaerat,Fashion,5719.63,True
P009924,Green Eveniet,Home,9276.82,True
P006419,Enable Transparent Experiences,Books,12228.54,True
P001703,MediumAquaMarine Aspernatur,Beauty,2248.46,True
P002018,LightGreen Animi,Beauty,23258.35,True
P010911,Chartreuse Sapiente,Grocery,18757.73,True
P009817,PowderBlue Vitae,Books,14641.36,True
P007198,DarkGreen Numquam,Beauty,10434.34,True
P014537,Enable Enterprise Architectures,Books,FREE,True
P013083,Integrate Extensible Systems,Grocery,-47.83250322877566,True
P001136,SeaGreen Rem,Beauty,11356.22,True
P006392,SlateGray Ratione,Electronics,11119.81,True
P006804,DodgerBlue Dolores,Sports,6862.21,True
P013420,Streamline Vertical Functionalities,Home,-710.76602724954,True
P007495,LightCyan Non,Electronics,22820.33,True
P005370,Violet Libero,Grocery,4269.4,True
P006658,DarkCyan Velit,Sports,24486.3,True
P005724,Teal Quo,Fashion,2521.65,True
P003589,FireBrick Voluptatum,Electronics,11663.62,True
P011633,DarkBlue Necessitatibus,Beauty,16326.91,True
P002339,Salmon Reprehenderit,Fashion,3186.82,True
P005487,Green Velit,Books,13709.42,True
P009401,GreenYellow Repellat,Electronics,4600.51,True
P009943,BlueViolet Eveniet,Books,3770.29,True
P007520,SlateBlue Debitis,Toys,17805.72,True
P005630,MediumSlateBlue Eius,Electronics,7363.97,True
P011513,Teal Perferendis,Beauty,18325.58,True
P002879,MistyRose Placeat,Toys,15211.71,True
P008625,DarkGray Laudantium,Toys,10559.09,True
P004030,PeachPuff Non,Sports,8263.0,True
P013375,Deliver Robust Infrastructures,,FREE,True
P007179,Ivory Sint,Grocery,13701.26,True
P002825,MidnightBlue Voluptatibus,Grocery,16241.12,True
P007080,DarkGreen Omnis,Electronics,14504.24,True
P011274,PaleGreen Porro,Fashion,16549.78,True
P002364,Pink Saepe,Fashion,134.84,True
P000179,LightYellow Doloremque,Home,24734.47,True
P002814,Salmon Qui,Home,12850.9,True
P009842,LightSlateGray Quibusdam,Grocery,9196.88,True
P000431,LightCoral Harum,Books,13793.12,True
P013324,,Books,16043.77,True
P011888,Utilize Ubiquitous Bandwidth,Sports,6594.64,True
P005915,Black Quibusdam,Beauty,7897.69,True
P012516,Productize Virtual Users,Electronics,-44.22125043309928,True
P012978,,Electronics,7746.68,True
P007166,CadetBlue Vitae,Fashion,5072.51,True
P000483,LightGray Expedita,Electronics,2265.31,True
P002827,DarkSalmon Suscipit,Grocery,5641.32,True
P007759,Brown Nihil,Grocery,14056.2,True
P010181,MediumSeaGreen Deleniti,Home,8768.54,True
P005395,Beige Similique,Sports,19698.21,True
P014604,Incentivize Best-Of-Breed Users,Home,-709.2953748049171,True
P005436,OliveDrab Quidem,Books,17188.17,True
P003579,Syndicate Revolutionary E-Services,Toys,8243.79,True
P006233,AntiqueWhite Voluptatem,Books,18734.2,True
P005123,SlateGray Adipisci,Grocery,5243.15,True
P006657,PaleGreen Voluptatem,Sports,7556.37,True
P000374,ForestGreen Error,Books,785.3,True
P012715,Brand Visionary Action-Items,Fashion,FREE,True
P014816,Embrace Global E-Business,Grocery,FREE,True
P003105,GhostWhite Culpa,Fashion,11959.18,True
P012852,,Grocery,17324.66,True
P002615,DarkGreen Deleniti,Books,16163.58,True
P012311,,Fashion,1657.29,True
P002593,PeachPuff Quas,Toys,21396.67,True
P006900,SeaGreen Sunt,Beauty,685.51,True
P008568,Aquamarine Voluptatibus,Home,3141.03,True
P006478,Peru Nisi,Home,23583.32,True
P001091,GreenYellow Accusamus,Fashion,8926.89,True
P001556,Chartreuse Maxime,Home,13249.72,True
P013139,Cultivate Open-Source Vortals,Home,FREE,True
P005636,Turquoise Ex,Sports,13218.27,True
P004371,Aquamarine Asperiores,Toys,4138.29,True
P009450,LightYellow Minima,Beauty,21913.62,True
P004555,OliveDrab Quod,Toys,13755.39,True
P004255,OrangeRed Facere,Home,17629.73,True
P008010,Aqua Modi,Sports,221.0,True
P007112,BlueViolet Iure,Electronics,23754.74,True
P013309,Productize Open-Source Deliverables,Toys,-436.19028859493375,True
P002935,Ivory Aperiam,Sports,17078.39,True
P000333,SandyBrown Expedita,Grocery,18743.27,True
P004579,DarkKhaki Suscipit,Fashion,11980.69,True
P010900,SlateBlue Ex,Books,7658.8,True
P009691,DarkSalmon Sequi,Toys,973.66,True
P003892,DarkSlateBlue Optio,Books,8039.22,True
P011666,OrangeRed Iure,Sports,10615.5,True
P005422,Maximize Customized Platforms,Fashion,16539.83,True
P009465,DarkCyan Alias,Books,1697.08,True
P003676,CadetBlue Accusamus,Beauty,6089.22,True
P004091,Red Quae,Grocery,5119.03,True
P008150,Magenta Enim,Beauty,2313.79,True
P012010,Brand Distributed Solutions,Toys,FREE,True
P008044,LightSlateGray Sed,Electronics,471.51,True
P006209,Teal Hic,Grocery,16950.48,True
P006035,LemonChiffon Quia,Toys,14806.01,True
P001704,SaddleBrown Dicta,Electronics,860.41,True
P008385,DimGray Alias,Sports,23677.0,True
P012524,Harness Granular Web-Readiness,Beauty,FREE,True
P006273,SkyBlue Deleniti,Home,16975.32,True
P009084,DarkGray Eaque,Grocery,2860.26,True
P007965,PapayaWhip Odio,Electronics,14992.22,True
P005227,SpringGreen Dolores,Home,17958.6,True
P004738,Peru Quam,Electronics,11729.31,True
P006100,RoyalBlue Voluptas,Electronics,7441.49,True
P008727,DarkGoldenRod Rerum,Grocery,11542.29,True
P010556,DarkTurquoise Eius,Books,11017.0,True
P003048,DarkGoldenRod Ex,Books,3510.97,True
P002159,Moccasin Cumque,Grocery,20188.32,True
P005534,Yellow Molestias,Grocery,1799.5,True
P014650,,Grocery,6880.01,True
P004566,LavenderBlush Nemo,Electronics,12664.46,True
P008305,ForestGreen Dolorem,Grocery,20316.12,True
P014539,,,13221.35,True
P010889,Maroon Error,Books,16541.99,True
P011563,PaleTurquoise Soluta,Beauty,3703.71,True
P008836,SaddleBrown Ut,Books,12597.8,True
P003444,PaleTurquoise Sit,Sports,22126.15,True
P011823,LightGray Perspiciatis,Sports,9118.26,True
P009211,MediumTurquoise Veritatis,Sports,23766.78,True
P003650,RosyBrown Sapiente,Home,3775.45,True
P011243,PaleTurquoise Quod,Grocery,10452.7,True
P002813,LightGoldenRodYellow Aperiam,Books,13671.12,True
P004707,MediumOrchid Porro,Toys,22595.62,True
P004547,RoyalBlue Velit,Fashion,23333.82,True
P005651,Blue Vel,Grocery,14863.59,True
P010895,GoldenRod Esse,Fashion,17063.53,True
P004926,LawnGreen Deserunt,Sports,22058.46,True
P000007,LightSteelBlue Dolore,Home,651.97,True
P014374,Mesh B2C E-Markets,Grocery,FREE,True
P006157,ForestGreen Explicabo,Books,24961.84,True
P007154,SeaShell Eos,Beauty,9868.04,True
P006488,OliveDrab Quaerat,Grocery,11825.55,True
P003382,GhostWhite Voluptatibus,Books,22703.89,True
P001408,MediumSlateBlue Ex,Electronics,15999.82,True
P014932,Redefine Viral Platforms,Electronics,-889.6523407075215,True
P008827,AliceBlue Ipsum,Beauty,4392.73,True
P008723,Black Voluptatibus,Toys,14473.61,True
P010125,MediumSpringGreen Quod,Grocery,576.18,True
P007592,Lavender Facere,Home,24857.91,True
P012843,,Electronics,16470.13,True
P008978,LawnGreen Ad,Beauty,688.42,True
P001907,Orchestrate End-To-End Architectures,Beauty,403.85,True
P007577,SeaGreen Aliquam,Grocery,5888.06,True
P010587,MintCream Expedita,Toys,5317.8,True
P007995,LightYellow Voluptatem,Home,3966.41,True
P009424,LavenderBlush Sapiente,Books,9624.7,True
P000567,Moccasin Labore,Fashion,2946.41,True
P000019,Red Repellat,Beauty,18675.74,True
P005344,OrangeRed Libero,Books,9108.14,True
P010413,MediumVioletRed Saepe,Toys,24590.66,True
P010226,SlateGray Dolore,Fashion,15296.82,True
P004398,Plum Excepturi,Home,7406.11,True
P003617,MidnightBlue Perspiciatis,Fashion,14199.52,True
P010203,PeachPuff Accusamus,Toys,4705.85,True
P001630,LightSalmon Cupiditate,Electronics,1258.04,True
P009348,MintCream Totam,Sports,10309.5,True
P011216,DodgerBlue Eaque,Grocery,15613.89,True
P002309,Maroon Doloremque,Sports,6017.89,True
P007486,CadetBlue Laborum,Grocery,3633.93,True
P009710,Azure Consequatur,Fashion,17457.79,True
P011837,OldLace Corporis,Grocery,10175.65,True
P010310,Brown Dignissimos,Grocery,6178.48,True
P013411,Target User-Centric Users,Beauty,-702.0172108644155,True
P013430,Drive 24/7 E-Commerce,Fashion,FREE,True
P008900,LimeGreen Consequuntur,Electronics,3412.33,True
P006021,Sienna Voluptatibus,Grocery,3319.46,True
P001973,CadetBlue Nulla,Sports,21699.35,True
P010427,FloralWhite Enim,Sports,2838.23,True
P005537,Gray Eligendi,Sports,13618.2,True
P000934,DarkRed Ut,Grocery,12996.81,True
P000854,LightSlateGray Ipsam,Electronics,10777.23,True
P007597,Brown Aut,Grocery,18565.0,True
P009848,DarkTurquoise Deserunt,Books,24403.29,True
P005425,Plum Laboriosam,Sports,13795.51,True
P009963,DarkBlue Iusto,Toys,6213.14,True
P001156,GreenYellow Facilis,Books,22957.78,True
P014605,,Sports,11655.5,True
P004818,MediumSeaGreen Tenetur,Home,6540.84,True
P001638,BurlyWood Labore,Beauty,11660.12,True
P000717,DarkSalmon Architecto,Sports,1761.05,True
P009707,MediumAquaMarine Dolore,Sports,17568.96,True
P010497,Aqua Amet,Home,1255.26,True
P007234,Crimson Ad,Books,2226.97,True
P006876,DarkBlue Dolores,Home,18044.32,True
P010480,LemonChiffon Aspernatur,Sports,11107.63,True
P012589,E-Enable Bricks-And-Clicks Niches,Grocery,FREE,True
P004979,LemonChiffon Dolorem,Fashion,22045.95,True
P013767,Innovate Wireless Relationships,,FREE,True
P007822,Empower 24/365 Paradigms,Sports,6652.63,True
P007454,MediumSlateBlue Laboriosam,Fashion,14753.07,True
P002680,HotPink Quo,Sports,12270.38,True
P011089,LemonChiffon Optio,Grocery,14805.34,True
P007313,Integrate Rich Functionalities,Home,5210.68,True
P010844,DarkSlateGray Reiciendis,Fashion,23099.73,True
P000779,Beige Temporibus,Fashion,8973.28,True
P008519,DarkViolet Incidunt,Fashion,618.89,True
P014143,,Home,15547.73,True
P009152,DarkMagenta Corporis,Grocery,6352.07,True
P009431,BlanchedAlmond In,Toys,21433.15,True
P001005,Brand Efficient Technologies,Home,138.5,True
P012556,Aggregate Proactive Communities,,FREE,True
P012317,,Electronics,1513.35,True
P009176,Brown Consectetur,Home,19577.02,True
P012785,Re-Intermediate Leading-Edge E-Services,Sports,-998.8332428812655,True
P010262,Orchid Rerum,Beauty,22601.15,True
P000389,Pink Consectetur,Toys,20314.36,True
P011509,DarkGray Ea,Grocery,5427.68,True
P013028,Whiteboard Integrated Web Services,Electronics,-727.2604455528041,True
P010824,Cultivate Wireless Infrastructures,Home,2503.99,True
P007309,AliceBlue Excepturi,Grocery,21953.22,True
P004526,Linen Unde,Toys,2058.47,True
P003922,FireBrick Libero,Beauty,21337.27,True
P011712,LightSeaGreen Optio,Beauty,24626.24,True
P000577,MediumSlateBlue Labore,Fashion,19296.53,True
P007927,MediumAquaMarine Rerum,Toys,19133.03,True
P014755,Leverage World-Class E-Services,,FREE,True
P004018,DarkRed Totam,Fashion,15927.53,True
P000844,Green Doloribus,Grocery,13803.95,True
P005084,SaddleBrown Dolorem,Toys,12677.2,True
P000868,OldLace Voluptatum,Toys,24051.29,True
P014706,,Beauty,4276.46,True
P007836,Red Vitae,Beauty,23905.49,True
P001406,DarkSlateGray Dolorem,Books,6372.7,True
P002614,LightBlue Officia,Electronics,22326.78,True
P000142,Yellow Amet,Toys,15684.21,True
P008397,DarkKhaki Nesciunt,Toys,12558.22,True
P012032,,Books,7944.41,True
P009182,Plum Adipisci,Fashion,19067.39,True
P008245,DarkOrange Maiores,Electronics,18302.97,True
P009393,Wheat Fugiat,Grocery,1104.16,True
P008383,OrangeRed Dolorum,Electronics,5743.25,True
P003027,SpringGreen Ratione,Grocery,23226.91,True
P012993,Transition One-To-One Technologies,Home,FREE,True
P000962,Enable Collaborative Info-Mediaries,Grocery,8481.17,True
P011856,Peru Vel,Beauty,10420.72,True
P008259,SeaShell Et,Sports,20957.98,True
P002045,LightSlateGray Ex,Books,19716.48,True
P011067,Ivory Minus,Toys,13696.92,True
P003274,Bisque Soluta,Grocery,9987.7,True
P011393,WhiteSmoke Optio,Grocery,20727.76,True
P006291,LemonChiffon Dolores,Toys,849.12,True
P009932,AliceBlue Alias,Grocery,15569.25,True
P001312,SkyBlue Saepe,Grocery,7614.35,True
P011403,LightSkyBlue Esse,Beauty,10568.8,True
P009439,MediumSlateBlue Commodi,Sports,18960.3,True
P008262,Azure Vel,Beauty,7016.17,True
P000383,Gray Dignissimos,Home,21725.06,True
P011107,Sienna Officiis,Beauty,5666.29,True
P010293,DarkGreen Necessitatibus,Grocery,11435.21,True
P007027,Coral Iste,Home,15656.83,True
P003490,LightYellow Id,Sports,1349.45,True
P012442,Envisioneer Transparent E-Commerce,Toys,FREE,True
P012971,Cultivate Turn-Key Bandwidth,Sports,FREE,True
P002052,LemonChiffon Quam,Electronics,12171.92,True
P001995,DimGray Quidem,Sports,16745.11,True
P004855,DodgerBlue Recusandae,Grocery,14340.72,True
P002701,DarkOrchid Quis,Electronics,20165.13,True
P011174,Pink Optio,Grocery,14576.29,True
P011110,FloralWhite Quis,Beauty,4767.17,True
P000090,MediumSlateBlue Nam,Grocery,21939.49,True
P001725,GoldenRod Consequuntur,Grocery,22646.15,True
P012691,,Sports,9442.83,True
P001416,Pink Placeat,Electronics,15080.23,True
P014181,,Toys,15503.86,True
P010495,RoyalBlue Sint,Grocery,24593.18,True
P006577,DodgerBlue Dicta,Sports,18286.27,True
P008945,Azure Nam,Home,9863.12,True
P006398,DarkSalmon Facilis,Toys,2880.76,True
P005954,HotPink In,Beauty,3373.46,True
P013433,Engage B2B E-Services,Beauty,-56.544368961877616,True
P004170,SandyBrown Repellendus,Home,2415.65,True
P000536,Exploit Plug-And-Play Models,Books,8732.78,True
P000941,DarkRed Illo,Grocery,9054.46,True
P008167,White Repellat,Books,2780.05,True
P010225,Blue Aperiam,Electronics,10986.73,True
P002370,Maroon Cum,Home,20522.61,True
P011496,CadetBlue Veniam,Home,3914.66,True
P009756,DimGray Eum,Beauty,11280.07,True
P003511,DarkBlue Quae,Sports,22831.05,True
P007673,DarkSlateGray Sit,Fashion,8535.91,True
P009761,Snow Impedit,Fashion,8818.05,True
P005335,DarkSlateBlue Nemo,Fashion,3195.21,True
P011116,OldLace Ut,Sports,14533.02,True
P005749,Khaki Laborum,Fashion,18831.53,True
P003538,Azure Magni,Electronics,170.84,True
P000631,LightGoldenRodYellow Et,Books,15421.47,True
P000315,AliceBlue Sit,Books,19429.05,True
P000138,Olive Eligendi,Sports,11842.07,True
P006781,Blue Explicabo,Beauty,8107.34,True
P003877,BurlyWood Eius,Toys,11284.7,True
P010389,MediumAquaMarine Neque,Books,9757.38,True
P014249,Utilize Sticky Infrastructures,Sports,FREE,True
P011406,FloralWhite Dignissimos,Fashion,21084.05,True
P010845,MediumTurquoise Nulla,Toys,13220.61,True
P007781,DarkKhaki Aperiam,Grocery,1584.27,True
P001955,Salmon Molestias,Toys,9122.74,True
P001373,PeachPuff Ea,Home,3141.78,True
P006714,Thistle Soluta,Sports,11006.59,True
P003228,DarkOliveGreen Ab,Toys,14882.44,True
P010267,LightBlue Provident,Beauty,17188.69,True
P000195,Red In,Grocery,14627.86,True
P007104,Azure Enim,Home,20750.02,True
P010682,Indigo Veritatis,Books,5938.51,True
P001866,CadetBlue Cupiditate,Home,21190.35,True
P005953,Wheat Quod,Books,22614.31,True
P006865,Tan Consectetur,Home,23812.67,True
P001694,Wheat Sed,Home,10088.85,True
P007710,LightSlateGray Unde,Toys,10635.03,True
P011805,DarkRed Et,Grocery,3629.17,True
P009339,DarkGreen Temporibus,Sports,18759.6,True
P011289,LightSteelBlue Eaque,Fashion,15963.13,True
P009343,BlanchedAlmond Numquam,Books,6750.32,True
P006399,DarkOliveGreen Voluptatum,Home,13316.25,True
P007865,DarkTurquoise Incidunt,Beauty,7143.62,True
P004982,Gray Mollitia,Books,2126.28,True
P012244,Implement Wireless Architectures,Fashion,-18.929769728477442,True
P005144,LawnGreen Asperiores,Home,3906.95,True
P007479,Tomato Recusandae,Beauty,2739.5,True
P004744,LightBlue Inventore,Electronics,15898.37,True
P006177,PaleVioletRed Voluptates,Fashion,4860.74,True
P011749,OliveDrab Accusantium,Books,8245.29,True
P008113,DarkOliveGreen Quia,Beauty,11875.19,True
P014456,Implement Strategic Vortals,Beauty,-108.10247674498869,True
P001911,LemonChiffon Excepturi,Grocery,10855.4,True
P012269,,Grocery,20979.11,True
P010019,SaddleBrown Quaerat,Beauty,11668.15,True
P002278,LightSalmon Dolore,Toys,18411.1,True
P003418,Black Atque,Fashion,19235.28,True
P003967,MediumSpringGreen Est,Beauty,5144.25,True
P000745,Plum Culpa,Toys,783.65,True
P005493,Transform Customized Channels,,5675.47,True
P001034,Ivory A,Electronics,10943.66,True
P012030,Engage Revolutionary Relationships,Books,-774.2961782242711,True
P002628,Peru Harum,Toys,10142.05,True
P010514,PaleGreen Quo,Home,24763.68,True
P010819,Brown Labore,Toys,3831.19,True
P011309,LightGreen Pariatur,Electronics,2386.19,True
P008676,DarkSeaGreen Quia,Home,3949.98,True
P009215,BlueViolet Cumque,Toys,13642.86,True
P002598,Pink Pariatur,Books,10367.43,True
P009069,MediumSeaGreen Exercitationem,Electronics,22573.51,True
P005987,Fuchsia Ea,Books,144.03,True
P007984,AntiqueWhite Nostrum,Beauty,22542.16,True
P001533,Coral Voluptatem,Fashion,10483.37,True
P008250,Snow Totam,Sports,16405.32,True
P008191,DarkOrchid Blanditiis,Beauty,18956.45,True
P005361,Bisque Quam,Grocery,11147.02,True
P012094,Repurpose Frictionless Partnerships,Beauty,FREE,True
P010876,Chocolate Accusantium,Fashion,20597.93,True
P004639,Incubate Dot-Com E-Business,,20936.39,True
P003999,Black Quia,Electronics,17341.55,True
P011663,DarkViolet Perferendis,Grocery,4752.36,True
P000626,LightSteelBlue Possimus,Sports,4962.04,True
P006305,DarkOliveGreen Maiores,Fashion,14991.75,True
P007003,Maroon Modi,Grocery,24011.19,True
P000189,DarkRed Tempore,Fashion,14633.09,True
P008504,FireBrick Animi,Books,16522.16,True
P010063,Incentivize Collaborative Experiences,Home,4621.72,True
P009523,Cornsilk Asperiores,Books,19882.17,True
P012273,Revolutionize Mission-Critical Synergies,Fashion,FREE,True
P002247,HoneyDew Deleniti,Books,20095.78,True
P011204,PeachPuff Ad,Toys,17961.93,True
P010162,Crimson Esse,Sports,19718.2,True
P011217,Olive Vitae,Grocery,2526.78,True
P006773,Incentivize B2C Partnerships,Beauty,7050.86,True
P004783,OliveDrab Quis,Home,20993.76,True
P012646,,Grocery,16115.38,True
P004956,HotPink Voluptates,Home,3003.81,True
P009177,GoldenRod Molestiae,Electronics,18121.39,True
P006175,DarkGoldenRod Vero,Books,11166.1,True
P005673,LightGoldenRodYellow Ut,Home,19615.61,True
P014110,Benchmark B2C Architectures,Grocery,-417.1948983009548,True
P004430,Tomato Veritatis,Books,9465.77,True
P011456,SeaGreen Itaque,Grocery,4304.49,True
P005151,Generate Innovative Experiences,Fashion,24426.13,True
P008860,SteelBlue Itaque,Grocery,3587.51,True
P005107,DarkViolet Sit,Sports,3183.17,True
P007558,Peru Maxime,Toys,10207.29,True
P011015,PaleGreen Ipsam,Beauty,5087.3,True
P000006,DarkGreen Hic,Fashion,21965.37,True
P007747,Plum Earum,Electronics,6366.71,True
P003527,BurlyWood Saepe,Grocery,14375.31,True
P000322,Wheat Officia,Books,13762.88,True
P005219,MediumPurple Facilis,Sports,3598.69,True
P012017,Repurpose Enterprise Action-Items,Toys,-276.38753477996516,True
P010466,DarkSlateGray Neque,Toys,14842.08,True
P006141,LightSeaGreen Labore,Toys,1876.91,True
P011536,Orange Ut,Beauty,20552.88,True
P011130,DarkMagenta Quibusdam,Sports,18692.96,True
P003045,Chocolate Corporis,Fashion,4323.03,True
P000911,MediumPurple A,Toys,2223.31,True
P002191,MediumBlue Pariatur,Toys,20560.56,True
P004702,DarkViolet Nobis,Electronics,555.56,True
P007744,FireBrick Harum,Toys,18913.17,True
P010596,Khaki Perferendis,Beauty,8811.73,True
P011739,MidnightBlue Repudiandae,Electronics,23722.05,True
P002537,LightYellow Distinctio,Beauty,8855.3,True
P005319,Wheat Occaecati,Sports,21044.6,True
P010067,Empower 24/7 Interfaces,Home,12274.1,True
P007154,Productize B2B Models,Toys,5998.19,True
P010084,DarkGreen Adipisci,Electronics,20739.1,True
P012547,,Home,22083.15,True
P011035,PapayaWhip Eos,Beauty,20819.4,True
P011597,MediumPurple Itaque,Grocery,16013.45,True
P005130,Plum Laudantium,Electronics,7158.5,True
P005349,CornflowerBlue Dicta,Sports,17695.77,True
P006742,LightGoldenRodYellow Error,Toys,2107.08,True
P009221,AliceBlue Molestiae,Fashion,7331.41,True
P005052,Peru Rerum,Sports,11749.88,True
P007452,PaleGreen Aliquid,Books,4632.26,True
P013024,Transition Cross-Platform Systems,Toys,FREE,True
P010971,MediumPurple Porro,Beauty,4240.91,True
P003705,AliceBlue Beatae,Toys,14228.3,True
P014858,Engage Viral Channels,,-850.8383792405845,True
P008239,MistyRose Commodi,Grocery,14611.32,True
P012373,,Home,16915.48,True
P005546,SlateBlue Corrupti,Books,1632.09,True
P000055,Chocolate Dolore,Home,23121.13,True
P000874,Teal Similique,Books,16559.76,True
P002340,LightGray Veritatis,Fashion,19063.53,True
P000395,Lavender Nesciunt,Grocery,19588.32,True
P006752,MediumPurple Necessitatibus,Grocery,16255.3,True
P013936,,Fashion,1762.01,True
P014101,Exploit Mission-Critical Models,Beauty,-341.5027631668112,True
P000326,Coral Molestias,Fashion,12807.21,True
P002649,GreenYellow Fugiat,Electronics,19919.99,True
P003506,PaleVioletRed Optio,Toys,1980.57,True
P012033,,,16267.34,True
P003870,Orange Occaecati,Fashion,24651.8,True
P006748,OldLace Dolores,Beauty,18946.13,True
P001204,Crimson Possimus,Fashion,20287.55,True
P005461,Olive Rem,Toys,23861.89,True
P014442,Re-Intermediate Revolutionary Synergies,Sports,FREE,True
P005977,LightSlateGray Temporibus,Books,3084.22,True
P011899,LimeGreen Similique,Sports,9347.16,True
P011671,DeepSkyBlue Ullam,Electronics,23809.37,True
P007310,OldLace Nisi,Electronics,22448.45,True
P009798,Beige Asperiores,Toys,4196.48,True
P002975,DarkSeaGreen Perferendis,Beauty,8973.38,True
P001137,CadetBlue Esse,Fashion,8282.15,True
P001479,DarkGoldenRod Nobis,Sports,19463.27,True
P003931,Plum Ullam,Beauty,14219.48,True
P005231,MediumOrchid Sint,Home,629.88,True
P012491,Re-Intermediate Value-Added Experiences,Home,FREE,True
P007895,Violet Delectus,Beauty,8298.06,True
P002382,Chocolate Culpa,Fashion,15904.2,True
P006952,PaleTurquoise Voluptatem,Grocery,18245.26,True
P010012,DimGray Totam,Beauty,24029.03,True
P014271,Integrate Revolutionary Networks,,FREE,True
P008290,Brown Temporibus,Fashion,4932.37,True
P012732,Visualize Out-Of-The-Box Applications,Grocery,FREE,True
P012137,,Home,10489.82,True
P006957,LightGoldenRodYellow Corporis,Beauty,15686.23,True
P009412,DarkRed Sunt,Toys,18859.79,True
P010835,GreenYellow Cupiditate,Home,6862.5,True
P002791,GoldenRod Doloremque,Sports,7350.69,True
P004363,DarkMagenta Ipsum,Toys,11265.08,True
P012200,,Electronics,17254.69,True
P009618,Ivory Nihil,Grocery,14245.96,True
P003522,Yellow Impedit,Beauty,2554.93,True
P012447,Harness Granular Vortals,Home,-436.35705275592494,True
P000058,DarkSeaGreen Modi,Electronics,11757.24,True
P010562,IndianRed Minima,Beauty,6650.9,True
P000575,PaleTurquoise Provident,Sports,3614.09,True
P002418,Crimson Architecto,Grocery,20216.15,True
P010219,Exploit Frictionless Eyeballs,Beauty,3678.81,True
P001838,Snow Fugiat,Books,7089.24,True
P012168,,,21272.21,True
P012492,,Electronics,8968.54,True
P005295,DeepPink Repellat,Books,20264.26,True
P009648,LightSlateGray Repellat,Sports,11520.91,True
P005289,BurlyWood Vero,Books,15039.1,True
P004799,MidnightBlue Blanditiis,Home,6303.13,True
P006675,Linen Dignissimos,Toys,7549.21,True
P003992,LightCyan Esse,Fashion,14263.51,True
P014699,Re-Intermediate Best-Of-Breed Convergence,Beauty,-44.00116133484416,True
P007629,PaleGreen Excepturi,Home,6971.26,True
P007603,WhiteSmoke Odit,Electronics,7406.09,True
P014657,Embrace Sticky Eyeballs,,-604.2345821599351,True
P000805,Chartreuse Eum,Fashion,9458.95,True
P008375,MediumSeaGreen Aperiam,Beauty,24755.92,True
P012875,Transform E-Business Metrics,Home,-199.20939114902953,True
P000589,Red Minus,Sports,430.88,True
P007777,Bisque Earum,Books,2361.4,True
P005533,Peru Corporis,Beauty,23990.54,True
P002661,Navy Debitis,Home,9448.04,True
P006869,MistyRose Fugiat,Fashion,8863.49,True
P000991,Teal Odit,Fashion,1910.8,True
P008204,Turquoise Dolore,Fashion,15799.05,True
P003572,Embrace Web-Enabled Applications,Home,18578.85,True
P013479,Enhance Ubiquitous Communities,Grocery,FREE,True
P001978,DarkTurquoise Sit,Electronics,18889.37,True
P003030,Chocolate Itaque,Beauty,10398.56,True
P007349,LightSkyBlue Iste,Beauty,23882.57,True
P010330,Beige A,Sports,5043.71,True
P003972,PaleGoldenRod Quis,Books,23407.35,True
P010735,Orchid Temporibus,Fashion,8594.12,True
P005278,OldLace Tempore,Beauty,17458.65,True
P004165,Snow Iure,Toys,14653.07,True
P005268,AntiqueWhite Id,Electronics,9361.94,True
P014435,,Grocery,2160.69,True
P004379,DarkTurquoise Maxime,Beauty,5901.32,True
P009546,Yellow Quisquam,Toys,19944.7,True
P002517,PaleGoldenRod Occaecati,Fashion,17010.19,True
P002888,Revolutionize Next-Generation E-Services,Grocery,10410.09,True
P013239,Incubate Plug-And-Play Architectures,Toys,FREE,True
P001747,Moccasin Error,Sports,18214.01,True
P007622,DarkSlateGray Ipsam,Home,18042.26,True
P004023,DarkMagenta Quo,Grocery,10183.67,True
P013455,,Electronics,22919.19,True
P000857,PaleGoldenRod Error,Grocery,5093.57,True
P000403,DimGray Cum,Sports,2852.29,True
P000080,Linen Magni,Toys,21989.71,True
P001729,LemonChiffon Deleniti,Sports,2144.36,True
P013197,Morph Holistic Users,Books,-573.3525082467975,True
P013453,,,2511.15,True
P008324,LightSteelBlue Non,Toys,11348.69,True
P003962,Chocolate Ducimus,Sports,17923.06,True
P000499,Aqua Alias,Toys,9279.97,True
P007634,OldLace Autem,Fashion,24122.97,True
P013706,Visualize Cutting-Edge Deliverables,Sports,-477.9269789111941,True
P006034,LimeGreen Suscipit,Electronics,22977.69,True
P002337,LightSlateGray Quod,Sports,10416.82,True
P009695,PowderBlue Perspiciatis,Books,19922.12,True
P000467,LightSlateGray Repellat,Grocery,12920.28,True
P011445,Beige Unde,Books,19060.18,True
P012865,,Grocery,18533.93,True
P009083,Black Odit,Grocery,15619.92,True
P006368,DarkViolet Labore,Electronics,23487.16,True
P002162,FireBrick Voluptas,Fashion,10510.47,True
P010993,WhiteSmoke Molestiae,Beauty,8975.3,True
P009868,DarkMagenta Dolor,Electronics,104.88,True
P004223,OliveDrab Nesciunt,Beauty,9462.95,True
P001060,MediumVioletRed Saepe,Toys,15349.42,True
P009015,Wheat Blanditiis,Grocery,15504.53,True
P011129,Navy Perspiciatis,Home,7242.2,True
P010252,LightSlateGray Harum,Sports,1888.6,True
P005852,LightGreen Mollitia,Sports,17726.66,True
P008604,Chocolate Repellat,Books,18567.18,True
P003526,Coral Adipisci,Beauty,18089.83,True
P008674,MediumSeaGreen Cumque,Home,16799.16,True
P013682,,Toys,4647.86,True
P005517,Brown Atque,Electronics,1390.34,True
P010601,Maroon Inventore,Toys,2993.83,True
P005840,Purple Qui,Grocery,3225.33,True
P011222,DeepSkyBlue Officia,Beauty,17535.8,True
P010965,Yellow Impedit,Books,9099.76,True
P004906,DarkSalmon Eum,Fashion,7695.85,True
P010575,PaleGoldenRod Cupiditate,Books,7827.69,True
P004819,Blue Natus,Fashion,22756.89,True
P002088,SkyBlue Iure,Electronics,18498.14,True
P005404,Orange Sapiente,Fashion,12600.82,True
P006309,Moccasin Illum,Electronics,8863.14,True
P010779,Beige Modi,Fashion,15846.97,True
P001613,Lavender Fuga,Fashion,223.26,True
P005688,Gold Corporis,Beauty,11717.17,True
P010775,DarkGray Suscipit,Electronics,4118.62,True
P012060,Enhance Integrated Experiences,Home,FREE,True
P012400,Utilize Frictionless Infrastructures,Toys,FREE,True
P012844,Aggregate Efficient Initiatives,Beauty,-826.0160148681118,True
P008344,SandyBrown Ea,Grocery,312.29,True
P001274,BlanchedAlmond Ducimus,Home,1268.71,True
P006219,SaddleBrown Fugit,Books,8486.8,True
P006004,LightPink Ipsum,Electronics,24713.64,True
P008117,Chartreuse Eveniet,Fashion,20642.0,True
P002080,AliceBlue Assumenda,Grocery,16801.64,True
P008905,CadetBlue Assumenda,Fashion,8904.02,True
P011344,Green Sed,Fashion,23616.03,True
P001949,SeaGreen Saepe,Grocery,801.79,True
P000513,Purple Qui,Grocery,16500.31,True
P006003,DarkRed Dicta,Toys,21086.46,True
P007509,White Deleniti,Electronics,11157.73,True
P012418,,Beauty,956.85,True
P002068,DeepPink Reiciendis,Toys,14690.9,True
P001719,Harness Turn-Key Paradigms,Electronics,2217.68,True
P001716,Khaki Aspernatur,Beauty,12653.65,True
P002618,CornflowerBlue Fugiat,Books,1237.87,True
P012964,Harness Synergistic Markets,Beauty,-784.730303199788,True
P014824,Benchmark Dot-Com Metrics,Home,-269.40649806356714,True
P001317,LightCoral Quis,Books,3924.84,True
P006862,Tan Praesentium,Books,8176.44,True
P002711,ForestGreen Minima,Electronics,5977.43,True
P012031,,Grocery,21325.67,True
P001674,LightSkyBlue Iusto,Electronics,1933.58,True
P006187,MediumPurple Autem,Home,1691.47,True
P011166,LemonChiffon Natus,Fashion,17801.57,True
P009831,MediumBlue Nobis,Toys,18310.26,True
P012667,Grow Innovative Infrastructures,Books,-388.65221128025354,True
P004366,IndianRed Atque,Fashion,3219.0,True
P001577,DarkSeaGreen Reprehenderit,Books,8828.28,True
P005714,Engage Out-Of-The-Box E-Services,Grocery,16912.51,True
P000536,OrangeRed Accusantium,Fashion,8184.88,True
P012165,Monetize Enterprise Niches,Home,FREE,True
P002514,DarkSlateBlue Necessitatibus,Home,736.06,True
P012238,Synthesize E-Business Deliverables,Grocery,FREE,True
P002113,White Odit,Sports,11352.5,True
P003559,SaddleBrown Iusto,Fashion,17397.1,True
P006069,Olive Excepturi,Home,20106.72,True
P003690,MediumVioletRed Nostrum,Grocery,2712.36,True
P008871,Azure Dignissimos,Sports,15078.38,True
P008662,Cultivate Ubiquitous Interfaces,Toys,17533.29,True
P010268,LightGray Provident,Toys,7647.14,True
P007431,Gray Quasi,Toys,19442.6,True
P013157,,Toys,1973.13,True
P009567,Magenta Provident,Fashion,7636.67,True
P010792,MediumPurple A,Electronics,1695.4,True
P007906,Blue Illum,Home,1233.12,True
P003269,CornflowerBlue Nihil,Books,22551.37,True
P006656,Target B2C Action-Items,Fashion,16441.07,True
P006268,Tomato Accusamus,Beauty,10765.7,True
P011385,Cyan Culpa,Fashion,3040.77,True
P007897,DeepPink Culpa,Books,19992.52,True
P003173,Lavender Est,Books,9144.0,True
P001411,Iterate Mission-Critical Web Services,Sports,21643.08,True
P012629,Syndicate Cross-Media Schemas,,FREE,True
P004203,SteelBlue Debitis,Beauty,11161.16,True
P003642,FloralWhite Atque,Home,12391.7,True
P001809,LightGray Placeat,Sports,8456.35,True
P013637,Incentivize Dot-Com Metrics,Grocery,FREE,True
P006963,IndianRed Rem,Books,18159.03,True
P001790,PapayaWhip Nisi,Grocery,21550.82,True
P010134,SkyBlue Doloribus,Beauty,1133.75,True
P000304,LightCoral Saepe,Grocery,7076.3,True
P008532,DodgerBlue Aliquid,Electronics,2780.85,True
P009158,LightGoldenRodYellow Voluptatibus,Fashion,5473.88,True
P005158,LightGreen Doloremque,Electronics,19978.74,True
P001103,Gainsboro Eaque,Sports,16490.7,True
P003954,BlueViolet Laboriosam,Toys,18572.29,True
P009262,Red Corporis,Fashion,9361.87,True
P002943,LightCyan Dolore,Books,1494.13,True
P003041,DodgerBlue Cumque,Sports,23554.23,True
P001795,Wheat Ducimus,Books,5890.28,True
P003378,Gainsboro Qui,Books,1269.38,True
P005570,LightSteelBlue Nostrum,Toys,272.56,True
P003514,HoneyDew Itaque,Toys,11512.54,True
P005792,PeachPuff Nulla,Sports,7184.97,True
P006809,DarkSlateBlue Dolore,Grocery,19375.58,True
P005168,MediumTurquoise Ea,Beauty,18670.49,True
P013606,,Beauty,19798.44,True
P009192,Turquoise Ab,Toys,1710.72,True
P005614,Gold Placeat,Sports,21233.14,True
P001099,RosyBrown Fugiat,Fashion,19388.13,True
P010537,PeachPuff Reprehenderit,Sports,21809.33,True
P001844,Deploy Granular Networks,Electronics,21753.96,True
P005959,Orange Dolores,Home,14272.36,True
P001138,IndianRed Dolorum,Grocery,201.98,True
P002105,PaleGoldenRod Impedit,Beauty,23537.74,True
P000930,DarkTurquoise In,Books,12817.81,True
P001236,LightCyan Fugit,Home,5094.67,True
P004053,LightGoldenRodYellow Eveniet,Beauty,13840.12,True
P005835,Thistle Quaerat,Grocery,3368.14,True
P001221,OldLace Suscipit,Toys,18459.54,True
P009877,LightBlue Culpa,Grocery,19025.54,True
P000849,SkyBlue Nemo,Sports,7674.32,True
P014432,Evolve Rich Eyeballs,Books,FREE,True
P008256,DarkMagenta Harum,Toys,16630.11,True
P001657,LightGray Facilis,Home,4517.8,True
P014156,Synthesize One-To-One Experiences,Fashion,-777.0374229659963,True
P000402,MintCream Quibusdam,Grocery,2905.9,True
P001934,Peru Eum,Home,11511.76,True
P014984,Cultivate Back-End Action-Items,Home,FREE,True
P005471,DarkSalmon Recusandae,Books,5473.12,True
P007679,RosyBrown Ut,Books,16733.16,True
P006205,Navy Inventore,Home,14317.48,True
P006606,MediumOrchid Tenetur,Grocery,8042.35,True
P008157,SlateGray Rem,Sports,4004.47,True
P002406,LightBlue Dicta,Grocery,23545.58,True
P000203,MediumVioletRed Natus,Fashion,1781.83,True
P009364,Olive Nam,Sports,12690.19,True
P003497,GhostWhite Corrupti,Books,17769.79,True
P005019,SlateGray Unde,Beauty,5419.52,True
P014835,Expedite Cutting-Edge Models,Toys,-67.67298920562588,True
P003667,SteelBlue Tempora,Sports,7876.24,True
P007130,MediumSpringGreen Temporibus,Beauty,22627.13,True
P007365,Red Deserunt,Books,16356.93,True
P000233,DarkGreen Voluptatem,Electronics,14866.62,True
P000838,Ivory Non,Sports,623.47,True
P014974,Visualize Bricks-And-Clicks Experiences,Sports,-233.14159998043382,True
P000502,LimeGreen Nam,Beauty,23115.28,True
P011675,Purple Excepturi,Beauty,15988.16,True
P010868,DarkSalmon Corporis,Grocery,4174.08,True
P000112,Brown Harum,Grocery,2202.72,True
P007524,MediumSpringGreen Modi,Beauty,24991.07,True
P009637,MistyRose Ducimus,Grocery,15152.37,True
P006056,Blue Ea,Beauty,24804.28,True
P010038,LightSeaGreen Officia,Electronics,2396.84,True
P008631,DarkRed Doloribus,Sports,1694.62,True
P013527,Engineer Rich Models,Fashion,FREE,True
P006892,MediumVioletRed Porro,Electronics,4176.82,True
P003323,LightSteelBlue Autem,Sports,13573.94,True
P006317,DarkRed Ipsa,Grocery,16470.26,True
P011262,CadetBlue Aperiam,Grocery,12675.92,True
P006687,Black Illum,Electronics,12642.69,True
P004631,DarkViolet Ut,Books,20616.28,True
P009796,Aquamarine Culpa,Sports,23372.52,True
P001951,SpringGreen Aliquam,Beauty,22513.76,True
P000602,HoneyDew Vitae,Home,23526.42,True
P002691,LightYellow Quaerat,Sports,1505.35,True
P006819,Embrace Ubiquitous Relationships,Books,9832.87,True
P006684,Linen Iste,Home,5504.8,True
P013459,Syndicate Dot-Com Initiatives,Electronics,-944.9364611628525,True
P002188,SkyBlue Dolorem,Beauty,22195.84,True
P008202,Unleash Strategic E-Tailers,Electronics,21283.53,True
P013546,Disintermediate Web-Enabled Networks,Toys,FREE,True
P003645,Orchid Amet,Grocery,2417.79,True
P008747,Peru Molestiae,Fashion,3172.5,True
P013194,,Books,768.0,True
P006027,YellowGreen Placeat,Toys,1334.97,True
P012914,Re-Contextualize Back-End Info-Mediaries,,FREE,True
P001526,LightGreen Ad,Home,22336.47,True
P007646,OrangeRed Quidem,Fashion,3061.24,True
P004143,Thistle Possimus,Electronics,17508.51,True
P006948,RoyalBlue Rerum,Beauty,16936.7,True
P012018,Integrate Value-Added Markets,Sports,FREE,True
P013274,Brand Cross-Media Channels,Electronics,FREE,True
P006536,Gainsboro Nihil,Home,1120.06,True
P014685,,Fashion,17235.34,True
P005040,Aquamarine Porro,Beauty,18236.02,True
P008281,LightCoral Nemo,Electronics,9422.49,True
P007221,DarkCyan Perferendis,Home,16590.6,True
P004735,Sienna Quasi,Books,7291.31,True
P007342,SkyBlue Explicabo,Fashion,6552.98,True
P002294,Chocolate Accusamus,Electronics,16608.36,True
P006208,PaleVioletRed Debitis,Electronics,15227.35,True
P004246,Aqua Repellat,Books,7680.52,True
P002360,OliveDrab Itaque,Grocery,23655.09,True
P011232,Beige Numquam,Books,16096.03,True
P012634,Incubate Value-Added Interfaces,Sports,FREE,True
P011929,White Veniam,Toys,2017.18,True
P004955,DodgerBlue Sequi,Electronics,22481.6,True
P001804,AntiqueWhite Labore,Beauty,7912.23,True
P008571,DarkCyan Quas,Fashion,1815.88,True
P011642,PaleGoldenRod Sint,Books,3081.02,True
P001563,MediumTurquoise Labore,Beauty,21927.3,True
P011709,DarkMagenta Praesentium,Home,8909.37,True
P011095,DarkGoldenRod Atque,Electronics,24926.02,True
P012070,,Beauty,8700.33,True
P006671,MediumPurple Dolor,Grocery,2972.91,True
P008061,Linen Iure,Electronics,8241.67,True
P003552,PaleVioletRed At,Fashion,5360.01,True
P013044,,Electronics,21221.17,True
P014859,Strategize Plug-And-Play E-Business,Beauty,FREE,True
P004208,LightSteelBlue Expedita,Toys,14912.71,True
P005958,PaleGreen Tempora,Sports,23809.9,True
P001386,DeepPink Adipisci,Electronics,19291.61,True
P001442,HoneyDew Mollitia,Sports,22085.39,True
P001095,FireBrick Ducimus,Home,17232.67,True
P003376,DarkSeaGreen Saepe,Toys,15499.0,True
P009387,White Voluptate,Sports,15907.88,True
P012660,,Sports,21657.94,True
P004178,MediumOrchid Dolorum,Home,6127.21,True
P014770,Enhance Seamless Portals,Books,-927.1214582142956,True
P014963,,Toys,8433.22,True
P003302,Bisque Rerum,Fashion,13388.07,True
P002754,Tan Harum,Grocery,17770.7,True
P011771,HoneyDew Libero,Electronics,20568.83,True
P008701,SpringGreen Quasi,Grocery,17589.91,True
P007282,Incentivize Extensible Content,Toys,9307.9,True
P000491,Repurpose Proactive Action-Items,Beauty,13495.51,True
P012505,,,11094.03,True
P003057,DarkRed Cum,Toys,8895.77,True
P003086,GoldenRod Doloribus,Beauty,23951.83,True
P000146,Navy Quis,Home,1148.26,True
P008107,MediumTurquoise Vero,Books,15356.87,True
P013452,Innovate Revolutionary Models,Toys,FREE,True
P013150,Enhance Revolutionary E-Markets,,-329.5673399553518,True
P009041,DarkOrchid Rem,Sports,12603.51,True
P000841,Streamline B2B Channels,Home,10727.27,True
P003979,DarkBlue Maiores,Toys,13515.49,True
P011443,PaleVioletRed Ipsa,Fashion,892.36,True
P009345,DarkOrchid Quia,Grocery,5448.59,True
P001432,LightBlue Beatae,Sports,8186.89,True
P002920,Peru Similique,Grocery,559.81,True
P008059,ForestGreen Quas,Fashion,1485.7,True
P010359,Maroon Rem,Grocery,457.35,True
P003536,DarkRed Odit,Toys,19024.92,True
P000120,PaleGreen Magnam,Books,23277.95,True
P002248,SeaShell Quidem,Toys,14852.99,True
P003299,OldLace Fuga,Home,18157.12,True
P002581,Thistle Neque,Fashion,10109.9,True
P003167,Maroon Quod,Home,22246.3,True
P007990,SaddleBrown Dignissimos,Toys,2805.8,True
P013979,E-Enable Magnetic Web Services,Beauty,FREE,True
P010163,Syndicate Proactive E-Tailers,Beauty,15320.36,True
P002067,LavenderBlush Facilis,Books,1073.38,True
P010035,GreenYellow Molestiae,Beauty,15498.47,True
P005073,LightCyan Autem,Toys,20262.63,True
P006089,DarkGoldenRod Fugit,Books,4815.09,True
P012763,,,10710.84,True
P000048,IndianRed Enim,Toys,2166.96,True
P014631,Incubate Web-Enabled Niches,Home,FREE,True
P004305,LawnGreen Vitae,Electronics,5098.28,True
P004065,DodgerBlue Debitis,Electronics,12012.9,True
P009983,NavajoWhite Alias,Sports,15870.11,True
P001348,MediumSeaGreen Sequi,Fashion,6758.6,True
P011670,Beige Praesentium,Beauty,786.68,True
P001085,PaleGoldenRod Alias,Beauty,21394.09,True
P005258,SkyBlue Quidem,Beauty,23261.69,True
P008258,PaleTurquoise Sit,Home,21774.01,True
P013485,,,2854.1,True
P013374,Maximize Dot-Com Experiences,,FREE,True
P001848,DarkGray Corrupti,Home,20196.43,True
P005127,Beige Praesentium,Electronics,17640.62,True
P011401,MediumPurple Voluptas,Books,23575.58,True
P008197,DarkOrchid Aperiam,Home,1102.05,True
P005020,LightSteelBlue Quasi,Toys,13093.77,True
P000208,OldLace Expedita,Fashion,866.48,True
P011331,OrangeRed Doloremque,Electronics,22650.28,True
P001433,MistyRose Cumque,Toys,20384.78,True
P009484,Violet Voluptatibus,Sports,8953.4,True
P001743,MediumVioletRed Pariatur,Sports,12334.6,True
P002110,OldLace Libero,Electronics,16662.06,True
P013248,,Sports,10301.43,True
P009816,DarkKhaki Non,Toys,9305.19,True
P010938,MediumOrchid Eum,Beauty,13928.42,True
P013304,Morph B2B Deliverables,Sports,-975.3498741497355,True
P009696,LightYellow Dolorem,Electronics,19349.4,True
P009367,PaleGreen Minima,Fashion,18761.32,True
P011915,MistyRose Amet,Grocery,15618.89,True
P002141,DarkGoldenRod Ratione,Beauty,8376.27,True
P008074,SandyBrown Ad,Sports,473.19,True
P009636,FireBrick Adipisci,Electronics,17867.72,True
P003673,Aqua Magnam,Electronics,20202.48,True
P001176,MistyRose Similique,Fashion,23863.03,True
P008444,DarkOliveGreen Asperiores,Books,6503.43,True
P006584,Evolve Dot-Com Functionalities,Fashion,8960.86,True
P013613,,Toys,11398.74,True
P004472,White Deserunt,Beauty,22827.34,True
P001190,AntiqueWhite Illum,Beauty,24373.86,True
P004997,SeaGreen Ipsum,Fashion,12159.53,True
P013588,Repurpose Innovative Roi,Electronics,-784.7401764942664,True
P012044,Incubate Compelling Initiatives,Beauty,FREE,True
P007045,Lime Sit,Fashion,24694.95,True
P008152,DarkRed Eveniet,Electronics,14654.07,True
P014215,,Fashion,5113.3,True
P006413,Salmon Ullam,Sports,12533.91,True
P002528,PeachPuff Culpa,Home,23263.29,True
P004136,FloralWhite Repudiandae,Grocery,19808.21,True
P000387,Khaki Exercitationem,Home,24685.75,True
P000303,SlateGray Minima,Sports,2840.65,True
P004049,RosyBrown Praesentium,Books,14340.33,True
P003192,LightSkyBlue Odit,Grocery,15571.09,True
P000497,Turquoise Unde,Electronics,14252.55,True
P004900,Gray Commodi,Books,5452.36,True
P003395,Wheat Eveniet,Books,4746.97,True
P004431,Olive Vero,Books,4692.85,True
P007757,PowderBlue Molestias,Electronics,11157.14,True
P002383,LightGoldenRodYellow Amet,Beauty,23143.25,True
P008413,Teal Beatae,Grocery,17339.51,True
P001446,Brown Pariatur,Grocery,7070.44,True
P003256,LawnGreen Eum,Books,15392.27,True
P011040,Teal Et,Electronics,24154.36,True
P002215,Teal Earum,Electronics,9241.24,True
P011663,Harness Visionary E-Markets,,5582.83,True
P006097,DarkSlateBlue Sit,Grocery,2367.99,True
P012320,Strategize Granular Web-Readiness,Home,-549.938085930293,True
P009124,BurlyWood In,Books,22031.49,True
P002282,MediumBlue Quidem,Books,15656.98,True
P007071,SpringGreen Suscipit,Toys,2560.22,True
P000433,Turquoise Autem,Beauty,17803.39,True
P014448,Redefine Global Portals,Books,FREE,True
P001758,Green Eligendi,Toys,20755.48,True
P006554,Orange Alias,Beauty,14465.4,True
P005021,MediumAquaMarine Autem,Fashion,9286.37,True
P010670,DarkCyan Iusto,Fashion,9644.06,True
P001445,PaleGreen Cupiditate,Fashion,18178.53,True
P000597,Synergize Rich Platforms,,10613.83,True
P012043,Disintermediate Out-Of-The-Box E-Markets,Beauty,-161.6051935971387,True
P007550,DarkOrchid Itaque,Grocery,6118.09,True
P010417,Reinvent Revolutionary E-Services,Electronics,19961.79,True
P002026,DeepSkyBlue Fugiat,Electronics,15663.52,True
P014352,,Beauty,5716.92,True
P003981,Teal Perspiciatis,Beauty,15158.0,True
P003940,Ivory Quidem,Grocery,3046.83,True
P011261,SeaShell Impedit,Beauty,9498.5,True
P008211,SkyBlue Ex,Sports,13537.53,True
P001622,MediumVioletRed Cum,Fashion,17360.1,True
P007073,Yellow Nihil,Electronics,15325.17,True
P011466,DarkSlateBlue Ut,Beauty,11064.8,True
P003133,MidnightBlue Cupiditate,Beauty,3481.05,True
P004057,IndianRed In,Electronics,790.38,True
P004721,Purple Numquam,Toys,7771.55,True
P008161,Enhance Innovative Web-Readiness,Grocery,18673.86,True
P001680,DimGray Iusto,Books,12494.73,True
P007728,DodgerBlue Dolor,Books,20427.94,True
P011530,Khaki Aperiam,Beauty,16661.68,True
P005904,DarkTurquoise Ab,Toys,11497.25,True
P001669,LightSeaGreen Fugit,Home,900.13,True
P014553,,,4773.52,True
P000670,MediumSpringGreen Unde,Sports,21914.56,True
P000323,Plum Doloremque,Grocery,15588.54,True
P006717,DimGray Dolore,Toys,14840.1,True
P003384,LightSeaGreen Voluptatum,Beauty,19849.48,True
P007981,Peru Nisi,Toys,5424.94,True
P012302,Revolutionize Ubiquitous Relationships,Electronics,-506.7838250406429,True
P003993,SeaGreen Voluptatem,Beauty,24111.66,True
P002262,Ivory Consequatur,Books,22428.32,True
P009023,Utilize Intuitive Bandwidth,Electronics,17029.61,True
P004089,LightPink Sapiente,Toys,12026.86,True
P005948,Beige Fugiat,Sports,1861.42,True
P005077,LightSkyBlue Omnis,Beauty,19007.29,True
P012594,Reinvent Global Communities,,-433.0169736616997,True
P000978,Cyan Autem,Books,136.4,True
P004333,Gold Suscipit,Electronics,3316.53,True
P001210,LightPink Delectus,Electronics,12405.96,True
P012937,Incentivize Back-End Action-Items,Sports,-316.71361303197597,True
P009198,OrangeRed Quisquam,Toys,17991.97,True
P012396,,Sports,24469.4,True
P004636,SlateGray Mollitia,Grocery,11119.87,True
P007987,FloralWhite Assumenda,Fashion,14352.93,True
P005309,WhiteSmoke Laborum,Toys,10703.51,True
P011417,Green Ab,Electronics,8437.92,True
P012861,Aggregate Customized Convergence,,-531.9081993072069,True
P007225,SlateGray Omnis,Sports,24228.15,True
P011392,BurlyWood Odit,Beauty,5982.7,True
P003907,BlueViolet Laboriosam,Toys,16500.28,True
P009253,Silver Vero,Fashion,24165.03,True
P003846,Brown Voluptatem,Grocery,10347.55,True
P010520,Purple Et,Electronics,7317.95,True
P011170,DarkTurquoise Illum,Home,22433.55,True
P004647,Linen Labore,Fashion,21564.94,True
P010586,LightGray Illo,Sports,5837.76,True
P013073,Transform Seamless Infrastructures,Toys,FREE,True
P003071,MediumAquaMarine Cupiditate,Electronics,24395.63,True
P005116,Teal Ab,Fashion,2468.12,True
P014873,Expedite Cutting-Edge Initiatives,Home,FREE,True
P006713,Tomato Temporibus,Beauty,20919.31,True
P008323,Matrix Dynamic Functionalities,Sports,10658.45,True
P002428,Gray Reprehenderit,Sports,6008.95,True
P004643,Linen Quisquam,Electronics,7142.51,True
P002521,SeaShell Accusamus,Sports,17136.73,True
P004659,RoyalBlue Fugiat,Electronics,22983.45,True
P002731,OldLace Sapiente,Books,2501.65,True
P000936,GoldenRod Fuga,Beauty,7055.17,True
P008516,SeaGreen Eos,Books,17932.42,True
P009144,Gray Temporibus,Books,3451.78,True
P002771,Yellow Perspiciatis,Sports,17733.85,True
P009566,Silver Possimus,Electronics,13083.28,True
P002468,BlueViolet Asperiores,Home,13588.04,True
P000761,DeepSkyBlue Expedita,Beauty,10567.25,True
P001739,LightGreen Necessitatibus,Sports,18097.02,True
P012958,Architect Back-End Experiences,,FREE,True
P002024,DarkGreen In,Fashion,2589.84,True
P011928,Integrate Intuitive Content,Books,23193.82,True
P012805,Facilitate Out-Of-The-Box Portals,Home,-475.72992364535014,True
P014093,,Beauty,388.2,True
P009948,SeaGreen Corrupti,Toys,7119.07,True
P000376,BlanchedAlmond Doloremque,Electronics,6452.22,True
P006896,Transform Intuitive Vortals,Books,12196.97,True
P008745,MediumPurple Necessitatibus,Books,2552.86,True
P007235,Silver Accusantium,Toys,11092.19,True
P014323,Incentivize B2C Portals,Sports,FREE,True
P014623,,Fashion,5949.4,True
P005618,OldLace Asperiores,Books,424.37,True
P000711,DarkGray Odio,Books,7270.98,True
P002760,Yellow Ipsa,Books,880.04,True
P007345,LightCoral Laborum,Books,8217.23,True
P009798,Enable Cutting-Edge E-Business,Electronics,1812.97,True
P008103,PaleGreen Molestias,Beauty,22675.83,True
P011449,Black Quos,Books,14602.19,True
P009595,MediumVioletRed At,Books,5769.53,True
P003002,DarkBlue Excepturi,Toys,12638.22,True
P012757,Iterate Cross-Media Applications,Sports,-395.0089601234045,True
P007236,Wheat Reiciendis,Home,11480.59,True
P010440,Fuchsia Dicta,Toys,24889.05,True
P011761,YellowGreen Velit,Grocery,8407.55,True
P002765,Expedite Leading-Edge Technologies,Fashion,20644.06,True
P011776,RoyalBlue Illo,Fashion,559.66,True
P002995,Matrix Dot-Com Partnerships,Books,10140.44,True
P009267,DeepPink Tempore,Home,19726.54,True
P005001,DarkGray Dolor,Electronics,16238.52,True
P003393,SkyBlue Quibusdam,Fashion,16738.48,True
P013846,Exploit Web-Enabled Solutions,Books,FREE,True
P001768,Maroon Rerum,Sports,18820.06,True
P013841,,Electronics,7384.96,True
P001781,LightPink Molestiae,Beauty,7284.26,True
P010805,Snow Tempora,Books,12922.84,True
P014025,,Beauty,10031.41,True
P007446,Mesh Turn-Key Vortals,,15455.72,True
P012567,Drive Viral Content,Grocery,-716.8778392945354,True
P000490,Thistle Perferendis,Grocery,13993.22,True
P014096,Engage Proactive Partnerships,Grocery,FREE,True
P003354,PowderBlue Molestias,Toys,3915.38,True
P000916,Aggregate Cross-Platform Supply-Chains,Home,8694.95,True
P006389,DarkGoldenRod Voluptatum,Toys,3722.68,True
P011182,SkyBlue Placeat,Fashion,24045.39,True
P008984,LightSkyBlue Facilis,Fashion,20091.07,True
P003125,GhostWhite Minus,Sports,17203.78,True
P001001,RosyBrown Dolor,Beauty,3876.15,True
P008682,DarkKhaki Voluptatem,Sports,7187.74,True
P001513,SlateGray Quia,Fashion,21538.54,True
P008999,DodgerBlue Doloribus,Sports,6346.95,True
P000339,BurlyWood Incidunt,Grocery,7257.73,True
P010100,SlateBlue Corporis,Beauty,3628.86,True
P012085,Matrix Synergistic Technologies,Electronics,-601.9219782165897,True
P008381,SandyBrown Quas,Beauty,16861.22,True
P006427,MidnightBlue Enim,Sports,20060.48,True
P000875,Snow Accusamus,Electronics,20137.03,True
P004155,Violet Ut,Toys,7646.26,True
P011220,PaleGreen Placeat,Electronics,24274.6,True
P011124,LightGoldenRodYellow Ipsa,Books,5919.64,True
P004372,Beige Facere,Toys,23284.85,True
P012945,,,7877.09,True
P011986,MediumPurple Doloribus,Electronics,19659.04,True
P002256,Orange Labore,Books,24715.47,True
P002752,Khaki Eius,Sports,24557.86,True
P007588,MediumSpringGreen Natus,Fashion,12941.39,True
P004354,ForestGreen Doloribus,Beauty,20781.17,True
P002077,RoyalBlue Dignissimos,Sports,4015.27,True
P006282,LightCyan Eos,Electronics,17334.81,True
P006275,Teal Tempora,Fashion,7272.62,True
P014324,Drive Plug-And-Play Channels,Books,-95.42494630685462,True
P005481,MintCream Voluptates,Fashion,1322.66,True
P002705,Beige Ipsa,Fashion,21491.56,True
P005678,HotPink Tenetur,Books,17706.87,True
P006749,Magenta Ipsa,Electronics,5918.45,True
P005937,Chocolate Sed,Grocery,13888.65,True
P004530,OldLace Veritatis,Home,14305.53,True
P013996,Empower Front-End E-Markets,Grocery,FREE,True
P009332,MidnightBlue Rerum,Toys,24599.87,True
P005124,Lime Porro,Sports,5667.45,True
P011953,PaleTurquoise A,Electronics,10612.7,True
P006355,DarkGoldenRod Temporibus,Fashion,3366.02,True
P005957,SteelBlue Aliquid,Beauty,23877.22,True
P010604,RosyBrown Natus,Books,7623.81,True
P013235,Optimize Customized Paradigms,Beauty,-577.910264144388,True
P012729,Extend Sticky Schemas,Grocery,FREE,True
P007639,OliveDrab Molestiae,Sports,2994.61,True
P009130,SaddleBrown Sit,Grocery,23200.0,True
P009843,Plum Quas,Sports,21656.63,True
P009079,Navy Culpa,Beauty,17437.62,True
P005397,BurlyWood Doloribus,Toys,24395.79,True
P003334,MediumTurquoise Accusantium,Fashion,15141.08,True
P000534,DarkOrchid Accusantium,Fashion,18437.85,True
P006619,Indigo Eos,Grocery,19781.74,True
P011414,IndianRed Quos,Electronics,2783.74,True
P010376,LightCoral Eos,Fashion,1128.04,True
P014236,,Books,13371.64,True
P004311,LawnGreen Voluptatibus,Fashion,5291.32,True
P001626,MediumSpringGreen Error,Sports,1379.95,True
P000039,Fuchsia Eligendi,Toys,24873.15,True
P005035,LemonChiffon Repellat,Electronics,12992.66,True
P013499,,Fashion,12400.71,True
P012209,,Toys,16731.24,True
P013602,Envisioneer Vertical Content,Beauty,FREE,True
P010776,PaleTurquoise Expedita,Beauty,23825.82,True
P006321,Chartreuse Quae,Electronics,16058.8,True
P006414,YellowGreen Reiciendis,Electronics,16601.7,True
P005138,MediumAquaMarine Amet,Beauty,4857.49,True
P006800,DimGray Sit,Grocery,5971.17,True
P011598,OrangeRed Officia,Books,4848.13,True
P003072,FireBrick Vitae,Toys,18206.87,True
P002678,LightSteelBlue Fugit,Toys,13964.82,True
P013575,,Toys,2516.77,True
P006207,Reinvent Robust Supply-Chains,Books,23082.25,True
P008315,SpringGreen Rem,Home,7817.99,True
P002429,MediumSeaGreen Aperiam,Home,6508.83,True
P011257,PaleGoldenRod Nemo,Toys,21509.11,True
P011645,MidnightBlue Harum,Electronics,2178.63,True
P001053,Turquoise Praesentium,Grocery,289.88,True
P003641,LightBlue Delectus,Grocery,7796.0,True
P006178,Gold Doloribus,Fashion,12665.11,True
P005966,MediumPurple Magnam,Beauty,6092.5,True
P012337,,,3223.1,True
P010637,LightCoral Neque,Grocery,11778.8,True
P014163,Orchestrate Bricks-And-Clicks Functionalities,Electronics,FREE,True
P004480,PeachPuff Perspiciatis,Fashion,21718.11,True
P013275,Integrate Integrated Experiences,Toys,-464.0104307382703,True
P008522,Silver Possimus,Beauty,9136.97,True
P006573,Aqua Reiciendis,Books,18662.05,True
P010009,MediumBlue Magni,Grocery,6213.94,True
P002268,Aqua Impedit,Beauty,3543.45,True
P005708,MediumSeaGreen Temporibus,Home,5666.75,True
P004252,CadetBlue Nisi,Home,15130.33,True
P002875,Black Autem,Home,4612.62,True
P004470,LightCyan Maxime,Grocery,3387.11,True
P006976,BlanchedAlmond Quasi,Books,6979.01,True
P009540,MidnightBlue Sunt,Fashion,19950.18,True
P005050,PaleVioletRed Odio,Fashion,6020.12,True
P013163,Engage Intuitive Schemas,Electronics,-847.7531781756318,True
P008582,DarkKhaki Totam,Sports,15196.99,True
P009629,LavenderBlush Consequuntur,Books,1996.11,True
P006349,LemonChiffon Impedit,Electronics,772.12,True
P002375,DarkOliveGreen Tenetur,Beauty,2603.9,True
P002452,DarkGray Nihil,Toys,19518.22,True
P006326,Teal Beatae,Fashion,24132.54,True
P003888,LightPink Repudiandae,Electronics,18996.85,True
P003812,Aggregate Clicks-And-Mortar Models,Grocery,8732.5,True
P000302,Cornsilk Sint,Sports,2094.45,True
P014285,,Grocery,2097.43,True
P000441,Magenta Earum,Electronics,21417.48,True
P008517,White Eligendi,Electronics,15064.59,True
P010321,Silver Expedita,Books,20600.75,True
P012670,Maximize Strategic Portals,Electronics,-963.7554334385912,True
P002109,Ivory Eius,Electronics,5912.47,True
P006293,MediumOrchid Debitis,Grocery,6435.81,True
P009140,Teal Voluptates,Home,13987.57,True
P011149,DarkSlateGray Exercitationem,Beauty,7324.62,True
P011748,Snow Molestiae,Books,24936.15,True
P008704,DarkOrchid Nam,Toys,24848.73,True
P009426,Tan Voluptates,Books,24662.7,True
P007519,Wheat Praesentium,Books,10044.06,True
P013889,Re-Intermediate Front-End Web Services,Fashion,FREE,True
P013601,Enhance Real-Time Eyeballs,Grocery,-621.4451036734652,True
P005604,CadetBlue A,Beauty,18062.58,True
P008292,Thistle Ratione,Fashion,15359.64,True
P007804,DodgerBlue Porro,Home,23194.88,True
P012503,Brand Viral Models,,-445.86207613153795,True
P009545,Transition Back-End Methodologies,Books,229.58,True
P004844,DarkBlue Enim,Fashion,15430.94,True
P002033,LightGreen Reiciendis,Beauty,9298.74,True
P008393,AliceBlue Facilis,Sports,18481.63,True
P002003,YellowGreen Blanditiis,Books,20220.46,True
P014522,Synthesize Frictionless Channels,Grocery,FREE,True
P001192,MediumBlue Eos,Toys,10180.76,True
P002706,LightCyan Reprehenderit,Toys,21906.82,True
P010346,DarkSalmon Deleniti,Fashion,13524.54,True
P013340,,Fashion,20450.64,True
P003146,DarkOrchid Molestiae,Grocery,10181.3,True
P003914,Purple Ratione,Grocery,18637.53,True
P000350,BurlyWood Rem,Fashion,17753.38,True
P000406,Olive Cupiditate,Sports,15087.9,True
P000373,Navy Animi,Toys,6462.27,True
P010433,Aqua Vero,Sports,12564.15,True
P001404,LightCoral Corrupti,Grocery,4674.03,True
P003680,MediumTurquoise Quibusdam,Books,15994.79,True
P001337,DarkRed Facilis,Books,19751.9,True
P014717,Exploit Dot-Com Interfaces,Sports,-922.5017605635069,True
P001162,LightSeaGreen Qui,Grocery,7364.39,True
P005047,Turquoise Inventore,Grocery,12629.45,True
P008310,DarkViolet Quos,Books,11971.09,True
P005521,LavenderBlush Rem,Electronics,19062.62,True
P004588,DarkOliveGreen Assumenda,Grocery,22815.56,True
P005498,LightSalmon Saepe,Grocery,14581.55,True
P000463,DarkSalmon Aspernatur,Sports,6635.26,True
P013582,Iterate Impactful Partnerships,Toys,FREE,True
P012192,Embrace Turn-Key Web Services,Home,FREE,True
P001079,Magenta Harum,Beauty,5872.0,True
P004965,DarkSlateBlue Quod,Home,23025.16,True
P012424,Orchestrate Interactive Convergence,Grocery,FREE,True
P008837,LightCyan Recusandae,Sports,6937.15,True
P004471,MediumAquaMarine At,Sports,910.74,True
P003929,FloralWhite Error,Beauty,24560.6,True
P010715,YellowGreen Ab,Grocery,18552.87,True
P012582,Innovate Virtual Interfaces,Beauty,-497.99149277191464,True
P007493,Azure Voluptatum,Books,11609.82,True
P000671,Aquamarine Perspiciatis,Toys,24992.85,True
P011487,Integrate Clicks-And-Mortar E-Services,Books,9271.97,True
P012427,Brand Sticky Functionalities,Electronics,FREE,True
P004836,HotPink In,Fashion,19159.85,True
P007044,Red Est,Toys,15095.1,True
P004214,Salmon Natus,Toys,8433.47,True
P011717,AliceBlue Hic,Fashion,3140.87,True
P001488,Lime Pariatur,Fashion,3373.55,True
P010233,LightPink Maxime,Sports,12959.74,True
P001070,Teal Veniam,Sports,10973.03,True
P008852,Re-Contextualize Efficient Models,,20391.09,True
P009935,Enhance Distributed Niches,Fashion,5348.61,True
P006347,Violet Consequatur,Sports,8189.95,True
P006299,PaleGoldenRod Consequatur,Home,5535.09,True
P010917,SlateBlue Ullam,Books,20305.66,True
P011367,DarkViolet Cumque,Toys,5298.29,True
P000141,Khaki Alias,Fashion,20582.29,True
P004897,PaleVioletRed Maxime,Fashion,20026.77,True
P000283,MediumOrchid Illo,Beauty,14383.92,True
P011153,FloralWhite Quas,Electronics,20139.0,True
P002739,Bisque Nostrum,Toys,1882.01,True
P003118,Violet Asperiores,Books,21895.78,True
P003254,YellowGreen Perferendis,Fashion,14124.34,True
P007708,MediumAquaMarine Nulla,Beauty,6838.18,True
P007696,HotPink Maxime,Beauty,14914.56,True
P004242,GoldenRod Quasi,Beauty,1154.66,True
P009732,HotPink Possimus,Books,23239.46,True
P004880,Gold Dolore,Fashion,24394.45,True
P011711,DarkMagenta Optio,Electronics,2308.69,True
P002632,Indigo Inventore,Books,12113.24,True
P003275,Cornsilk Eligendi,Toys,16772.34,True
P002880,DarkGreen Voluptatibus,Grocery,7028.99,True
P000133,Chartreuse Pariatur,Beauty,3114.52,True
P005602,DarkSlateGray Sed,Sports,12654.12,True
P010947,Lime Dolorum,Toys,5712.43,True
P004523,LightCoral Sequi,Home,24522.41,True
P005010,CornflowerBlue Beatae,Beauty,23630.75,True
P012140,Redefine Killer Eyeballs,Beauty,-630.3689232677677,True
P003263,Black Nostrum,Home,5604.63,True
P010858,SeaGreen Veritatis,Toys,13686.43,True
P000464,LightGray Tenetur,Sports,7501.88,True
P005988,Snow Odit,Electronics,13704.58,True
P013580,,Grocery,13493.72,True
P002130,Syndicate Next-Generation Relationships,Books,3971.14,True
P009145,LightPink Autem,Books,20371.11,True
P001878,MediumTurquoise Corporis,Beauty,16151.73,True
P008038,Aquamarine Aperiam,Home,8968.14,True
P011970,SteelBlue Enim,Grocery,5271.49,True
P006339,Red Laudantium,Beauty,18914.59,True
P011208,Indigo Modi,Books,9825.94,True
P013496,Facilitate Synergistic Portals,Toys,FREE,True
P004068,OliveDrab Aperiam,Fashion,509.07,True
P008207,Tomato In,Grocery,11248.8,True
P001586,Linen Perferendis,Electronics,11641.92,True
P006623,SteelBlue Adipisci,Fashion,21717.18,True
P002666,SlateBlue A,Electronics,15958.43,True
P001945,SaddleBrown Repellendus,Books,9257.24,True
P010673,PaleTurquoise Excepturi,Sports,17164.68,True
P007141,Incubate Revolutionary Communities,Grocery,16713.09,True
P012000,Tan Quae,Books,2017.37,True
P006352,HoneyDew Minima,Sports,13198.94,True
P011197,MediumSpringGreen Saepe,Home,20591.91,True
P008148,Aquamarine Sapiente,Toys,15477.13,True
P006763,BurlyWood Nulla,Sports,1068.25,True
P004083,SeaGreen Accusamus,Grocery,7490.56,True
P012171,,Home,20422.41,True
P004161,Ivory Fuga,Beauty,14353.32,True
P002021,Teal Facilis,Grocery,2264.52,True
P006439,Cornsilk Totam,Fashion,15356.2,True
P010535,MistyRose Voluptas,Books,8588.86,True
P007950,Gray Tempora,Home,9755.87,True
P008033,Salmon Non,Home,3924.16,True
P003629,DodgerBlue Nesciunt,Sports,1216.56,True
P003935,LawnGreen Excepturi,Home,1843.39,True
P011787,Snow Ipsum,Books,13436.07,True
P013877,Deliver Visionary Content,Sports,FREE,True
P009235,RosyBrown Ullam,Beauty,14603.16,True
P014924,Re-Contextualize Strategic Systems,Grocery,FREE,True
P009766,LightSalmon Possimus,Grocery,17229.39,True
P014259,,Sports,15249.62,True
P001266,PowderBlue Est,Electronics,22682.52,True
P004850,LavenderBlush Consectetur,Sports,8641.12,True
P007196,RosyBrown Deleniti,Sports,1691.42,True
P001998,Coral Impedit,Sports,2514.29,True
P000933,DarkOliveGreen Beatae,Toys,24803.87,True
P005665,RoyalBlue Iusto,Home,8400.82,True
P004054,DodgerBlue Laborum,Beauty,14864.89,True
P004790,RosyBrown Voluptatem,Sports,10681.26,True
P009635,DarkKhaki Excepturi,Sports,864.73,True
P007681,Gold Voluptates,Books,14316.06,True
P011863,MediumTurquoise Perferendis,Fashion,15545.62,True
P007826,BlanchedAlmond Hic,Books,10450.3,True
P001368,AntiqueWhite Possimus,Beauty,22912.7,True
P000543,LightSteelBlue Eveniet,Toys,21105.71,True
P009726,DarkKhaki Facere,Electronics,14554.19,True
P004063,SeaGreen Voluptatum,Electronics,9981.26,True
P007396,LightGoldenRodYellow Vero,Fashion,15843.81,True
P001867,Aquamarine Ipsam,Grocery,1626.92,True
P008001,DarkCyan Dolor,Grocery,23866.9,True
P008322,Transition Cross-Media Content,Grocery,11192.46,True
P004024,Sienna Dignissimos,Electronics,9792.51,True
P013779,Target Interactive Channels,Books,-18.24367004017359,True
P001600,Extend Dot-Com Experiences,Toys,4943.94,True
P006059,Gold Cum,Electronics,8047.93,True
P011543,Violet Sunt,Toys,11296.08,True
P002535,SaddleBrown Quas,Home,11552.81,True
P011395,MediumOrchid Fuga,Electronics,15648.09,True
P013819,,Electronics,3524.41,True
P004584,HoneyDew Quam,Toys,6892.21,True
P002412,LightGreen Vero,Books,13559.77,True
P008337,PaleTurquoise Reiciendis,Beauty,14418.56,True
P003097,Gray Consequatur,Grocery,14509.89,True
P006568,MediumSlateBlue Repudiandae,Electronics,7417.28,True
P006775,LightSeaGreen Nesciunt,Grocery,8870.93,True
P003300,DarkSeaGreen Doloribus,Electronics,2788.31,True
P010913,Navy Minima,Electronics,2016.75,True
P012530,Utilize Cross-Platform Platforms,Grocery,-292.55041323319193,True
P007436,SlateBlue Itaque,Home,22808.08,True
P006301,DarkOliveGreen Porro,Toys,10021.53,True
P005058,Peru Asperiores,Toys,21051.55,True
P002696,PaleTurquoise Inventore,Toys,18689.65,True
P012864,Exploit Out-Of-The-Box Vortals,Sports,-361.72484221668213,True
P005369,IndianRed Autem,Toys,13617.0,True
P000448,Plum Aliquam,Sports,17327.72,True
P000975,FireBrick Cum,Beauty,2649.69,True
P001367,Maroon Tempora,Home,12518.83,True
P004001,DarkOrange Blanditiis,Home,1705.13,True
P003789,Moccasin Voluptate,Electronics,14542.6,True
P000132,BurlyWood Laboriosam,Sports,16742.13,True
P007113,Sienna Esse,Fashion,12628.15,True
P000392,DodgerBlue Inventore,Fashion,23098.47,True
P007412,SeaShell Repellendus,Grocery,11664.39,True
P001724,Fuchsia Molestias,Electronics,22264.1,True
P010174,Khaki Cupiditate,Fashion,9315.32,True
P012739,Transform Synergistic Interfaces,Electronics,-196.4798008965472,True
P001255,LimeGreen Vitae,Home,8614.32,True
P001671,Gold Blanditiis,Sports,8934.48,True
P014640,Extend Mission-Critical Supply-Chains,Electronics,FREE,True
P010703,Bisque Necessitatibus,Toys,1240.62,True
P004358,DarkRed Consectetur,Books,14478.43,True
P005044,Gainsboro Cum,Home,19342.66,True
P003735,Turquoise Occaecati,Sports,15560.25,True
P002116,LimeGreen Molestiae,Grocery,15392.59,True
P004476,Coral Praesentium,Books,19030.54,True
P001366,DimGray Incidunt,Sports,22966.64,True
P004963,LightSeaGreen Excepturi,Electronics,23509.25,True
P010597,HoneyDew Nobis,Toys,16790.52,True
P008195,LightSkyBlue Minus,Electronics,19816.73,True
P002458,SlateGray Corporis,Grocery,9809.24,True
P010974,Maroon Quos,Books,17182.76,True
P011336,HotPink Quod,Sports,11553.41,True
P000796,Tomato Cumque,Home,14547.95,True
P011609,DeepPink Quae,Home,16147.78,True
P008766,YellowGreen A,Fashion,14980.29,True
P001988,MistyRose Omnis,Fashion,8770.19,True
P005907,GhostWhite Quas,Grocery,12372.69,True
P014041,Innovate Synergistic Mindshare,Toys,FREE,True
P000951,DarkGreen Rem,Toys,588.72,True
P007219,DarkGoldenRod Quos,Home,2596.81,True
P010437,DarkSalmon Nobis,Grocery,582.18,True
P009241,LawnGreen Quaerat,Toys,21826.64,True
P007155,Green Excepturi,Toys,20435.36,True
P003898,Tomato Sed,Beauty,413.73,True
P014792,,Electronics,7277.86,True
P012264,,,4198.4,True
P004966,Green Ipsa,Beauty,22554.59,True
P012676,Synergize Collaborative Info-Mediaries,Books,-342.84286133768563,True
P000473,Cultivate Next-Generation Eyeballs,,18408.92,True
P014218,,Electronics,10629.97,True
P003467,DarkSalmon Quo,Beauty,24493.23,True
P014981,Transform Proactive Solutions,,-598.0293027661618,True
P003186,Re-Intermediate Mission-Critical Convergence,Electronics,22366.67,True
P001900,GoldenRod Tempore,Beauty,14609.1,True
P000705,BlanchedAlmond Omnis,Beauty,13851.71,True
P009759,DarkMagenta Ipsum,Electronics,23599.93,True
P008124,LightGoldenRodYellow Aliquid,Books,11281.0,True
P005415,Deploy Real-Time Experiences,Electronics,4921.58,True
P003932,Tan Distinctio,Toys,12008.22,True
P008212,MidnightBlue Eius,Fashion,22357.35,True
P007676,Lime Eum,Sports,18542.23,True
P013409,,Fashion,14649.34,True
P012322,Synthesize Plug-And-Play Partnerships,Electronics,FREE,True
P008231,PaleTurquoise Itaque,Sports,10631.55,True
P012052,Incubate Seamless Deliverables,Beauty,-564.113173057722,True
P000650,SlateGray Maiores,Books,19713.79,True
P006237,SpringGreen Voluptatum,Grocery,2173.32,True
P008536,DarkSeaGreen Blanditiis,Toys,6450.13,True
P008244,LightCyan Aliquam,Fashion,2948.97,True
P001770,DeepPink Sunt,Beauty,4395.74,True
P003693,Thistle Sequi,Home,13791.84,True
P011579,DarkSalmon Sint,Home,6302.19,True
P003484,Wheat Quae,Electronics,12894.3,True
P010849,LightSteelBlue Magni,Fashion,7157.27,True
P013209,Unleash Impactful Convergence,,FREE,True
P014990,Engineer Ubiquitous E-Tailers,Beauty,FREE,True
P006045,DarkGray In,Home,14419.74,True
P013029,Generate Mission-Critical Eyeballs,Books,-481.17943072552026,True
P007048,LawnGreen Eius,Sports,3741.66,True
P011955,DeepSkyBlue Quo,Sports,439.14,True
P000971,Cornsilk Vel,Sports,24413.3,True
P002953,Lime Officia,Toys,13238.51,True
P011486,PeachPuff Ab,Grocery,15039.83,True
P009146,Brown Asperiores,Electronics,6580.21,True
P004342,BurlyWood Dolor,Toys,11641.54,True
P001462,Lime Velit,Sports,5468.63,True
P006522,DarkGreen Dolores,Home,11453.44,True
P014197,Repurpose Cross-Platform Applications,,-198.68071320563806,True
P005813,Chartreuse Doloremque,Beauty,16613.1,True
P014743,Scale Visionary Communities,Grocery,-832.5394365672555,True
P010679,Snow Esse,Books,4077.46,True
P013316,Extend Best-Of-Breed Web Services,,-802.0020009302601,True
P007282,DarkRed Assumenda,Fashion,6010.32,True
P004440,Peru Minima,Fashion,2512.31,True
P002152,SpringGreen Deleniti,Beauty,6676.39,True
P001253,WhiteSmoke Velit,Grocery,21281.21,True
P011276,Yellow Temporibus,Beauty,22713.02,True
P005512,Tomato Aspernatur,Beauty,9249.66,True
P011682,AntiqueWhite Dignissimos,Grocery,20490.73,True
P009361,PaleTurquoise Sapiente,Toys,2627.18,True
P003869,Orchid Saepe,Toys,4292.73,True
P010646,DarkMagenta Nesciunt,Fashion,22808.77,True
P008138,Wheat Cupiditate,Fashion,6824.34,True
P006618,HotPink Ea,Beauty,2700.2,True
P014957,Redefine Synergistic Functionalities,Grocery,-319.42760051372346,True
P001546,AliceBlue Harum,Toys,5950.67,True
P002345,LightSeaGreen Officiis,Grocery,968.61,True
P003925,PowderBlue Rerum,Home,5844.64,True
P007564,Transition E-Business Eyeballs,Toys,5264.16,True
P008890,LightGoldenRodYellow Laborum,Fashion,10830.86,True
P001379,DarkKhaki Doloremque,Toys,22848.22,True
P012145,Leverage Integrated Interfaces,Fashion,-12.105146402524849,True
P003637,SlateGray Consectetur,Sports,4282.99,True
P009379,Tan Harum,Home,2129.34,True
P009836,LightYellow Facilis,Fashion,3020.84,True
P008280,LightPink Similique,Toys,22362.01,True
P000683,LemonChiffon Excepturi,Home,14860.5,True
P003267,Brand Bleeding-Edge Systems,Books,23053.02,True
P014005,,Grocery,12008.7,True
P011590,Khaki Deleniti,Home,2767.23,True
P000263,Khaki Et,Electronics,17745.06,True
P007994,OliveDrab Excepturi,Sports,19794.67,True
P012858,,Home,11649.47,True
P010243,MediumSpringGreen Architecto,Books,4500.12,True
P007010,IndianRed Necessitatibus,Books,15739.59,True
P008043,Blue Atque,Electronics,22878.21,True
P001320,LawnGreen Omnis,Books,15912.82,True
P000298,AntiqueWhite Quis,Beauty,11821.67,True
P000657,DarkSlateBlue Incidunt,Home,11401.78,True
P004714,MediumAquaMarine Reprehenderit,Books,834.26,True
P010265,SlateGray Deserunt,Books,4767.62,True
P010690,Magenta Ab,Grocery,16844.15,True
P013064,Embrace Scalable Vortals,Fashion,-785.9340797975581,True
P009248,Black Illum,Electronics,3850.77,True
P010154,DarkOrchid Quam,Beauty,14203.87,True
P001749,SlateBlue Sunt,Beauty,2563.87,True
P009474,Chartreuse Dolores,Beauty,4911.32,True
P001382,Yellow Doloribus,Electronics,11587.61,True
P007455,Orchid Ipsam,Sports,10323.45,True
P000377,Peru Itaque,Home,4868.36,True
P002768,Incubate Leading-Edge E-Business,Fashion,9324.2,True
P000832,SeaShell Laborum,Sports,13706.32,True
P014711,Morph Frictionless Vortals,Sports,FREE,True
P011845,LightPink Nobis,Sports,18628.27,True
P011123,Facilitate Distributed Models,Beauty,6473.7,True
P002505,Black Laboriosam,Books,18878.21,True
P014680,Leverage Robust Users,Sports,-397.65950114950624,True
P005595,Fuchsia Tenetur,Grocery,21677.7,True
P006256,CornflowerBlue Asperiores,Electronics,20090.78,True
P005751,Black Id,Sports,5573.42,True
P007890,Generate Revolutionary Architectures,Home,1020.41,True
P011884,DeepPink Quo,Toys,8042.82,True
P009668,LightCoral Fugit,Beauty,4572.21,True
P000984,MintCream Corporis,Sports,15804.42,True
P009428,Sienna Maiores,Electronics,7109.39,True
P010933,SeaShell Voluptate,Sports,20149.89,True
P009922,LightCoral Facilis,Toys,17157.29,True
P014466,Engage Seamless Infrastructures,Toys,-28.272728846999364,True
P008830,Turquoise Totam,Electronics,24558.89,True
P014119,,Home,5727.82,True
P007946,BurlyWood Asperiores,Fashion,19241.7,True
P011069,DeepSkyBlue Accusantium,Fashion,1854.81,True
P001353,Tomato Aperiam,Toys,9577.92,True
P013908,,,12478.91,True
P004122,IndianRed Officia,Fashion,23547.82,True
P006023,Sienna Ratione,Toys,13263.97,True
P001695,RoyalBlue Fuga,Books,5629.22,True
P004472,Unleash Open-Source Functionalities,Toys,1267.4,True
P000287,ForestGreen Aliquid,Beauty,14986.65,True
P003791,DarkKhaki Velit,Sports,9132.76,True
P012135,Seize Innovative Markets,Sports,-116.2497245693291,True
P009119,MediumPurple Ex,Books,4436.0,True
P003844,MediumAquaMarine Consequuntur,Toys,8417.64,True
P001448,RoyalBlue Corporis,Sports,20330.13,True
P011699,PeachPuff Odit,Books,9115.08,True
P003363,Thistle Sapiente,Books,14552.36,True
P000528,DodgerBlue Deserunt,Beauty,14967.09,True
P010318,Violet Doloremque,Sports,1100.62,True
P013392,,Home,14784.36,True
P011254,Purple Excepturi,Electronics,7521.4,True
P010566,Maroon Repellat,Beauty,17976.78,True
P001502,MediumSpringGreen Sint,Books,569.19,True
P005817,Magenta Optio,Electronics,18324.69,True
P000115,Implement Real-Time Web Services,Fashion,2000.69,True
P003566,DodgerBlue Consequatur,Beauty,6308.78,True
P001704,Aggregate 24/7 Synergies,Home,18758.09,True
P005122,LimeGreen Expedita,Sports,18792.94,True
P007257,Blue Ut,Fashion,14845.47,True
P013295,Visualize Visionary Applications,Home,FREE,True
P003148,FireBrick Ratione,Sports,5799.67,True
P011652,DarkKhaki Autem,Electronics,16727.57,True
P000260,PowderBlue Totam,Electronics,18102.6,True
P010989,FireBrick Consectetur,Fashion,11989.94,True
P006236,DarkSalmon Recusandae,Electronics,7010.0,True
P012346,,Fashion,2116.3,True
P014100,,Grocery,10235.12,True
P013050,Cultivate Back-End Vortals,Toys,-412.2843832372642,True
P012995,,Sports,17724.16,True
P001267,GhostWhite Explicabo,Beauty,12476.23,True
P008843,PaleVioletRed Tempore,Electronics,9374.14,True
P011384,MediumVioletRed Minus,Beauty,3398.81,True
P012315,,Sports,17146.97,True
P013747,Synthesize Efficient Initiatives,Home,FREE,True
P006795,BurlyWood Fugit,Beauty,16145.68,True
P008241,GhostWhite Dicta,Home,24058.02,True
P002844,Cornsilk Eligendi,Fashion,17439.59,True
P000171,DarkRed Molestias,Toys,21993.09,True
P005948,Repurpose Strategic Methodologies,Beauty,10064.26,True
P009016,Beige Odio,Sports,1193.91,True
P001689,BlanchedAlmond Voluptas,Beauty,20283.0,True
P010808,LightCyan Ullam,Sports,14477.78,True
P010795,Tan Est,Home,13586.45,True
P005215,Bisque Aliquam,Grocery,19150.48,True
P000449,Lavender Sed,Fashion,1189.56,True
P004697,DarkRed A,Toys,9550.88,True
P003349,Wheat Perspiciatis,Electronics,13882.19,True
P011808,LemonChiffon Maiores,Books,22455.02,True
P002187,AntiqueWhite Harum,Electronics,22680.89,True
P005090,MediumSeaGreen Atque,Toys,684.41,True
P001428,Khaki Facere,Home,16630.41,True
P002124,White Est,Electronics,3335.27,True
P014414,Maximize Impactful Applications,Books,FREE,True
P011073,HotPink Ratione,Sports,22703.91,True
P006765,FloralWhite Dolor,Books,3301.42,True
P008623,Aquamarine Doloremque,Beauty,66.82,True
P006460,Cornsilk Neque,Books,22816.03,True
P011205,DarkGreen Rem,Grocery,21949.64,True
P000375,DarkOrange Repudiandae,Toys,7146.9,True
P009791,LightSeaGreen Id,Books,9438.82,True
P014451,Empower 24/365 Eyeballs,,-200.44434375668996,True
P011436,Gainsboro Voluptatibus,Beauty,17819.74,True
P010275,Aquamarine Similique,Beauty,3536.92,True
P005131,Snow Dignissimos,Books,12624.64,True
P001202,Beige Adipisci,Beauty,13884.87,True
P011193,Maroon Assumenda,Sports,21169.96,True
P004871,DodgerBlue Aspernatur,Grocery,19763.95,True
P003356,Orange Delectus,Fashion,4771.38,True
P008398,Moccasin Sed,Home,11440.55,True
P004950,BlanchedAlmond Repudiandae,Sports,5633.24,True
P014969,Transition Impactful Interfaces,Books,-528.5901212485995,True
P009925,DarkBlue Placeat,Electronics,14609.76,True
P014118,E-Enable Innovative Communities,Books,FREE,True
P014253,Engage Turn-Key E-Tailers,Books,-844.0291167048059,True
P014375,Empower Synergistic Eyeballs,Electronics,-753.255616204194,True
P013722,Innovate Web-Enabled Markets,Grocery,-727.8294242551121,True
P005016,SlateGray Quia,Beauty,4436.42,True
P010276,LightSkyBlue Illum,Beauty,7877.11,True
P004275,PaleVioletRed Ea,Electronics,23152.09,True
P005660,SeaGreen Nam,Home,14070.2,True
P013289,Transform Mission-Critical E-Commerce,Sports,-271.8988176658985,True
P007013,Chartreuse Reiciendis,Toys,19704.97,True
P007268,DarkTurquoise Ea,Fashion,23575.78,True
P002584,PowderBlue At,Toys,6604.7,True
P006058,Blue Natus,Fashion,11858.05,True
P006858,Gainsboro Dolores,Beauty,2423.68,True
P014663,,Sports,21340.64,True
P010864,Pink Eaque,Toys,13456.2,True
P006955,Aquamarine Praesentium,Electronics,16889.52,True
P006576,BurlyWood Quas,Home,65.16,True
P001756,PaleGoldenRod Explicabo,Toys,9750.21,True
P011071,Lavender Magnam,Sports,13114.71,True
P008126,PeachPuff Est,Sports,6254.0,True
P008959,LightSalmon Labore,Grocery,959.58,True
P003633,BlanchedAlmond Necessitatibus,Grocery,21044.01,True
P004797,DarkSlateBlue Fugit,Electronics,23261.78,True
P011315,Tomato Quam,Books,17179.17,True
P005357,DarkCyan Alias,Fashion,14681.46,True
P004984,Snow Sunt,Electronics,4985.17,True
P003956,Benchmark Front-End Bandwidth,,10927.43,True
P010289,DarkOliveGreen Temporibus,Books,7865.8,True
P007121,OliveDrab Nesciunt,Grocery,13326.24,True
P011885,Brown Inventore,Fashion,19155.26,True
P006266,Plum Omnis,Beauty,19245.78,True
P007526,HotPink Architecto,Grocery,1507.49,True
P014430,,Sports,667.41,True
P012109,Utilize Out-Of-The-Box Markets,Sports,-845.8774115643346,True
P001917,DarkViolet Similique,Home,12367.07,True
P014676,Maximize Best-Of-Breed Markets,Books,-165.30024234159688,True
P009161,PeachPuff Porro,Grocery,8251.43,True
P008057,DeepPink Repudiandae,Home,15243.3,True
P013646,,Beauty,17907.71,True
P003268,Black Aut,Grocery,12124.82,True
P012980,Enhance Scalable Content,Sports,FREE,True
P003314,LavenderBlush Dicta,Grocery,21548.45,True
P011169,GhostWhite Numquam,Beauty,19768.9,True
P004882,LawnGreen Sed,Home,7078.13,True
P004564,MediumSlateBlue Voluptatem,Beauty,4435.79,True
P005836,Synthesize Efficient Niches,,2924.82,True
P010339,LightGray Modi,Toys,10911.04,True
P007504,Brown Amet,Books,6666.16,True
P014906,,Fashion,11839.33,True
P000079,Chocolate Ipsa,Beauty,14477.3,True
P008934,IndianRed Illum,Fashion,2296.63,True
P009099,Snow Odio,Home,4871.85,True
P006183,MediumPurple Debitis,Books,20077.92,True
P013358,Orchestrate Strategic Convergence,Electronics,-733.2008846529679,True
P001515,DarkCyan Quo,Toys,19553.09,True
P005170,Coral Nihil,Grocery,22721.74,True
P013249,Engage Turn-Key Roi,Fashion,-348.21184731173224,True
P001599,GreenYellow Non,Grocery,24207.69,True
P009266,Gold Harum,Home,10627.66,True
P013865,Drive Cross-Platform E-Markets,Beauty,-106.89159965257844,True
P009068,Peru Quasi,Books,17532.0,True
P000966,Visualize Innovative Roi,Sports,21509.62,True
P013018,,Grocery,9425.0,True
P001664,Plum Minima,Beauty,4042.13,True
P003031,DarkCyan Voluptatum,Beauty,14847.35,True
P009801,Gray Enim,Fashion,7447.2,True
P001531,SlateGray Est,Electronics,12169.83,True
P000130,DarkCyan Similique,Sports,746.8,True
P008140,Syndicate Dynamic Content,Books,1227.04,True
P010185,MediumSpringGreen Ad,Home,4002.11,True
P008925,Ivory Quisquam,Home,12885.22,True
P002221,DodgerBlue Quos,Grocery,1464.4,True
P011983,Sienna Maxime,Home,11745.16,True
P011005,Yellow Mollitia,Books,18628.85,True
P002089,Lime A,Beauty,14952.16,True
P004503,LightSalmon Laudantium,Toys,10131.14,True
P013750,Scale Cutting-Edge Solutions,Beauty,FREE,True
P002353,Peru Quisquam,Home,2742.27,True
P014439,Synthesize Out-Of-The-Box Web-Readiness,,FREE,True
P011318,Violet Necessitatibus,Electronics,17630.08,True
P006992,MediumSlateBlue Dicta,Books,18944.21,True
P002075,RoyalBlue Neque,Electronics,12492.97,True
P011209,SeaShell Saepe,Sports,23652.41,True
P012130,Exploit Enterprise Niches,Home,FREE,True
P014175,Iterate Synergistic Bandwidth,Toys,FREE,True
P009282,LightSteelBlue Libero,Home,18332.9,True
P011941,AliceBlue Minima,Sports,11076.02,True
P014621,Incentivize Killer Networks,Fashion,FREE,True
P014320,Aggregate Transparent Technologies,Toys,-54.94450641599611,True
P002970,MediumTurquoise Architecto,Fashion,20881.25,True
P002772,MediumAquaMarine Ipsam,Home,22486.88,True
P000730,Aqua Minus,Sports,6246.22,True
P000236,Beige Doloribus,Home,8727.69,True
P004130,SpringGreen Optio,Toys,13900.02,True
P006928,Linen Eaque,Fashion,6261.16,True
P009896,Cyan Quo,Grocery,13300.68,True
P002896,SandyBrown Mollitia,Electronics,6463.49,True
P003660,SkyBlue Reprehenderit,Fashion,3222.01,True
P001922,SeaShell Ullam,Electronics,6335.83,True
P010681,BlueViolet Asperiores,Fashion,8230.52,True
P013525,Implement Collaborative Paradigms,Books,-394.922600902222,True
P001299,Beige Quas,Toys,905.44,True
P003428,SandyBrown Ex,Sports,15705.8,True
P007652,SkyBlue Dicta,Electronics,21594.87,True
P009840,FloralWhite Vitae,Electronics,6846.23,True
P014361,,Beauty,9777.84,True
P000273,Gold Id,Grocery,2150.82,True
P011202,Purple Molestias,Books,6950.21,True
P013615,Re-Contextualize User-Centric Action-Items,Books,-393.4049739026241,True
P010612,Snow Enim,Fashion,15780.52,True
P009272,BlueViolet Nostrum,Home,12829.93,True
P001110,Cyan Quisquam,Home,21084.65,True
P010489,SlateBlue Corrupti,Books,11254.32,True
P013137,Monetize Turn-Key Experiences,Fashion,-496.57902439733186,True
P007873,Pink Similique,Sports,8338.55,True
P010238,Ivory Aut,Beauty,13199.56,True
P011424,LightPink Aliquid,Fashion,1127.43,True
P003473,DarkSlateBlue Reprehenderit,Home,22111.56,True
P011187,MintCream Eaque,Beauty,3277.4,True
P003524,Azure Debitis,Fashion,16911.78,True
P012644,,Toys,12070.08,True
P008507,DarkSlateBlue Sunt,Home,21249.3,True
P002910,PaleTurquoise Doloremque,Grocery,22098.34,True
P011264,LightSlateGray Nesciunt,Beauty,2718.11,True
P013928,Whiteboard Innovative Action-Items,Books,-785.9213577406663,True
P012487,,Beauty,9655.21,True
P002639,LightSkyBlue Ea,Electronics,16266.73,True
P000496,Brown Non,Grocery,11493.51,True
P005075,Strategize Visionary E-Business,Books,7952.14,True
P009964,ForestGreen Animi,Books,24572.48,True
P000728,DarkSlateGray Repudiandae,Home,10956.04,True
P009137,DarkBlue Velit,Toys,15484.72,True
P009596,DarkOrchid Architecto,Sports,14553.02,True
P002106,DimGray Nihil,Sports,813.94,True
P005899,DarkOrchid Voluptatibus,Electronics,5735.38,True
P003211,SteelBlue Ad,Home,12728.33,True
P005119,Orchid Fuga,Beauty,6555.82,True
P009092,Orange Atque,Fashion,19990.75,True
P000211,MediumOrchid Ipsum,Books,8665.56,True
P012303,Visualize Virtual Web-Readiness,Beauty,FREE,True
P009543,Turquoise Maiores,Beauty,2669.25,True
P014977,Deploy Virtual Action-Items,Home,FREE,True
P004626,DarkGray Reiciendis,Toys,22750.83,True
P013572,,Books,18745.44,True
P003452,Gold Consectetur,Grocery,15241.77,True
P006607,DarkOrchid Nobis,Books,16525.23,True
P001078,Gray Voluptatem,Fashion,4246.87,True
P013135,,Electronics,6752.71,True
P003759,LightSalmon Iusto,Grocery,10911.2,True
P007494,Maroon Natus,Electronics,9145.79,True
P000517,DodgerBlue Similique,Fashion,1943.62,True
P002818,MistyRose Distinctio,Toys,7191.7,True
P007666,IndianRed Fugit,Fashion,6168.97,True
P004551,SpringGreen Inventore,Electronics,13485.84,True
P007244,Beige Voluptas,Fashion,1352.55,True
P013250,Re-Intermediate Granular Action-Items,Sports,-157.9172883047217,True
P000544,Chocolate In,Grocery,13388.08,True
P014721,,Grocery,5064.7,True
P010037,FloralWhite Quas,Beauty,18448.07,True
P010082,MediumSpringGreen Debitis,Grocery,5013.86,True
P003794,OrangeRed Ut,Sports,20116.96,True
P006987,DodgerBlue Rem,Sports,6128.37,True
P003295,GhostWhite Atque,Sports,7845.96,True
P007370,PaleTurquoise Animi,Sports,18110.71,True
P004278,DarkKhaki Alias,Grocery,632.71,True
P014665,,Fashion,6902.88,True
P012445,Re-Intermediate Bleeding-Edge Paradigms,Fashion,FREE,True
P009748,SandyBrown Deleniti,Fashion,23401.24,True
P012433,Strategize Open-Source Applications,Sports,-228.81836751016314,True
P009719,LightSkyBlue Officiis,Sports,17258.28,True
P004253,Brown Nemo,Books,12031.84,True
P003326,HoneyDew Molestias,Books,3914.86,True
P002625,RosyBrown Tenetur,Grocery,13096.93,True
P008515,PowderBlue Ipsa,Grocery,24531.39,True
P006210,NavajoWhite Eius,Sports,3204.0,True
P013937,Monetize B2C E-Business,Books,-418.5357682773411,True
P000072,LightSkyBlue Voluptas,Fashion,18224.17,True
P012659,Brand Seamless Platforms,Toys,-462.47568154767185,True
P006113,SaddleBrown Fugit,Beauty,10761.74,True
P013427,Architect Intuitive Synergies,Beauty,FREE,True
P010361,MintCream Consequuntur,Sports,15298.34,True
P008585,LightPink Dignissimos,Sports,8088.51,True
P012323,Incubate Dynamic E-Tailers,Toys,-533.1612086253117,True
P007458,Indigo Architecto,Beauty,8855.17,True
P014616,Orchestrate Seamless Deliverables,Books,-601.1324441324257,True
P002878,SkyBlue Consectetur,Toys,18978.62,True
P007510,AntiqueWhite Facere,Toys,452.33,True
P011596,Magenta Culpa,Electronics,13445.57,True
P006803,HoneyDew Doloremque,Beauty,13591.26,True
P008196,DarkSlateGray Autem,Fashion,135.61,True
P001865,CornflowerBlue Beatae,Fashion,3486.71,True
P010392,DarkGoldenRod Incidunt,Sports,456.77,True
P014639,,Fashion,11551.95,True
P008553,LightSteelBlue Optio,Beauty,20811.55,True
P000647,LightPink Quaerat,Sports,11944.72,True
P004654,DarkCyan Est,Electronics,3064.01,True
P010718,DimGray Quas,Home,18100.68,True
P006165,Magenta Deleniti,Books,3093.33,True
P005186,FireBrick Quis,Beauty,7018.7,True
P006964,MediumSlateBlue Tenetur,Fashion,2260.67,True
P002658,MediumSpringGreen Dolorum,Sports,2905.39,True
P002626,Gold Magni,Fashion,9306.13,True
P005375,OldLace Occaecati,Electronics,15725.33,True
P010904,Beige Accusamus,Books,4139.49,True
P012954,Mesh Seamless Applications,Electronics,-274.89460905427137,True
P008448,LightYellow Harum,Toys,2226.81,True
P010063,DeepSkyBlue Quaerat,Beauty,16930.35,True
P010801,Teal Debitis,Grocery,2891.15,True
P000218,PaleGreen Praesentium,Toys,2780.69,True
P006973,DodgerBlue Ex,Beauty,2065.09,True
P004865,ForestGreen Nobis,Home,11939.89,True
P009366,MediumTurquoise Facilis,Beauty,3180.75,True
P000780,MidnightBlue Esse,Books,19795.1,True
P012867,Utilize Web-Enabled Experiences,Fashion,FREE,True
P008219,Lime Possimus,Beauty,17158.4,True
P007517,Linen Magni,Books,6613.21,True
P003707,DarkSalmon Alias,Home,22615.12,True
P000753,Monetize Viral Experiences,Electronics,24973.3,True
P001393,SeaGreen Fuga,Toys,13378.27,True
P008112,MidnightBlue Assumenda,Home,9777.13,True
P011007,SkyBlue Velit,Home,23328.73,True
P003352,NavajoWhite Accusantium,Books,23876.03,True
P012463,,Sports,14992.83,True
P010024,Revolutionize Dot-Com Web Services,,8817.25,True
P001868,MidnightBlue Autem,Electronics,1003.02,True
P006304,Azure Libero,Beauty,19750.8,True
P008899,SlateBlue Esse,Electronics,20970.77,True
P004834,LightYellow Tempora,Fashion,2962.21,True
P011014,Gold Voluptatum,Beauty,22190.67,True
P004079,LightCyan Reprehenderit,Home,16967.36,True
P005944,Teal Optio,Grocery,12450.8,True
P005273,AliceBlue Omnis,Toys,11815.27,True
P003619,Maroon Consequatur,Electronics,8568.61,True
P007705,Orchid Adipisci,Home,13235.42,True
P001331,DarkOliveGreen Quod,Books,1317.35,True
P008014,Orange Laudantium,Books,20404.79,True
P004290,Wheat Voluptates,Fashion,22930.42,True
P006542,Silver Voluptatem,Home,11255.9,True
P007377,Re-Contextualize Granular Eyeballs,,10379.81,True
P011995,DarkViolet Rem,Home,21817.98,True
P006685,Salmon Suscipit,Grocery,5984.8,True
P008334,PaleVioletRed Nisi,Electronics,8315.98,True
P000488,YellowGreen Accusantium,Sports,12007.75,True
P003028,Purple Consequatur,Beauty,7167.26,True
P009587,Snow Architecto,Fashion,4907.88,True
P009275,Re-Intermediate Strategic Portals,Books,5130.54,True
P000439,Orange Quam,Sports,15244.36,True
P006757,Brown Cupiditate,Fashion,21533.94,True
P006043,LightSlateGray Nobis,Sports,9063.3,True
P007490,LightSlateGray Voluptatum,Home,8638.25,True
P008520,Bisque Officiis,Toys,14862.6,True
P013809,,Grocery,13568.34,True
P013335,Deploy B2B Technologies,Sports,-700.2757687533935,True
P007182,LightCyan Facere,Beauty,4515.27,True
P001303,RosyBrown Illum,Fashion,1416.42,True
P002477,Linen Iure,Home,137.91,True
P008877,Snow Magnam,Beauty,8082.35,True
P007807,Cultivate Web-Enabled Networks,Sports,7769.94,True
P009601,Snow Assumenda,Beauty,20587.57,True
P008483,Chartreuse Atque,Toys,12101.71,True
P007912,LightSkyBlue Maxime,Home,16276.1,True
P002954,Cornsilk Odio,Beauty,17986.77,True
P007415,RosyBrown Totam,Beauty,13942.81,True
P013940,Matrix Transparent E-Commerce,Electronics,FREE,True
P008642,LightSlateGray Recusandae,Grocery,9386.63,True
P010455,DarkSlateGray Corrupti,Grocery,14201.83,True
P012699,Exploit Sticky Systems,Toys,-180.13461812843406,True
P002259,PaleGreen Voluptatum,Toys,12302.52,True
P011742,DarkOrchid Reiciendis,Fashion,17297.68,True
P011410,Aquamarine Voluptatibus,Beauty,266.24,True
P004222,Matrix Bricks-And-Clicks Partnerships,Electronics,18673.98,True
P007488,LightSlateGray Dolor,Books,6816.02,True
P000774,MediumPurple Magnam,Grocery,21468.88,True
P000429,LightPink Quos,Fashion,15203.48,True
P012016,Architect Value-Added Eyeballs,Toys,-275.6217019015552,True
P012724,,Grocery,13170.12,True
P003340,LightBlue Culpa,Books,2394.22,True
P006306,Brand Virtual Paradigms,,13336.2,True
P005828,Maroon Quisquam,Home,22388.27,True
P004124,CornflowerBlue Reprehenderit,Electronics,21536.48,True
P003127,MediumBlue Occaecati,Beauty,16809.4,True
P007372,CornflowerBlue Deleniti,Toys,16716.57,True
P013892,,Toys,23306.38,True
P011031,Orange Neque,Toys,2401.72,True
P014243,Embrace Wireless Functionalities,Books,FREE,True
P000097,AntiqueWhite Explicabo,Electronics,861.55,True
P007767,HoneyDew Consectetur,Home,19086.26,True
P008174,Generate Magnetic Mindshare,Sports,21330.1,True
P008922,SandyBrown Est,Beauty,19507.31,True
P003815,MediumSlateBlue Officia,Fashion,16753.82,True
P001214,CornflowerBlue Et,Home,8641.85,True
P010701,Blue Vitae,Toys,22276.76,True
P001921,Fuchsia Dolore,Home,6558.76,True
P002168,LightBlue Tenetur,Fashion,21232.26,True
P006474,LightSalmon Neque,Books,1659.36,True
P010163,Tomato Enim,Books,18706.26,True
P008692,LightPink Possimus,Fashion,10237.81,True
P006119,MediumSpringGreen Nostrum,Books,24587.4,True
P007443,DarkSlateBlue Quia,Books,12797.08,True
P002206,MediumSeaGreen Facere,Fashion,6823.88,True
P014232,Synthesize 24/7 Roi,Books,-109.89710428641875,True
P010617,Black Nostrum,Fashion,1474.7,True
P007725,Green Ab,Sports,16322.96,True
P014961,Engage Cutting-Edge Technologies,Sports,-924.5168820109495,True
P011851,DarkGoldenRod Aspernatur,Books,19171.05,True
P001837,White Similique,Grocery,2113.19,True
P004021,OldLace Ea,Grocery,6254.71,True
P009118,ForestGreen Minima,Books,6009.64,True
P014965,,Electronics,14053.35,True
P012626,,Sports,3776.59,True
P003294,MediumBlue Saepe,Home,2011.59,True
P001982,Blue Iure,Sports,8979.88,True
P005925,PeachPuff Quod,Books,12834.48,True
P010139,LightYellow Aspernatur,Books,2133.91,True
P003415,MintCream Possimus,Home,18367.92,True
P007081,Repurpose World-Class Eyeballs,Sports,3476.39,True
P010217,RosyBrown Ratione,Grocery,4821.06,True
P004553,IndianRed Ipsa,Fashion,15494.8,True
P011770,DeepPink Autem,Sports,9544.65,True
P000846,LightSeaGreen Labore,Sports,20493.03,True
P012243,Whiteboard Out-Of-The-Box Web Services,,-228.15378317338022,True
P005785,DarkOrchid Quam,Electronics,8959.22,True
P008525,Maximize Customized Systems,Home,19383.17,True
P005687,Synthesize Transparent Experiences,Sports,9118.61,True
P001741,PaleVioletRed Minima,Toys,20387.86,True
P013537,Deliver Proactive Applications,Sports,-748.9323370534158,True
P012930,,,5465.4,True
P005872,CornflowerBlue Ex,Fashion,19912.8,True
P001480,DarkOrchid Doloremque,Books,16020.3,True
P001660,Tomato Tenetur,Beauty,10896.6,True
P004898,Gold Minima,Sports,14342.67,True
P000972,DarkGoldenRod Sint,Home,10456.69,True
P001006,MediumPurple Error,Fashion,7654.03,True
P000847,Brown Beatae,Grocery,18494.86,True
P003773,DarkViolet Nam,Books,6326.55,True
P013076,,Electronics,22718.21,True
P008988,DarkTurquoise Dolorem,Grocery,1569.79,True
P000708,DeepSkyBlue Facilis,Beauty,11161.79,True
P012088,Re-Intermediate 24/7 Vortals,Home,-167.65097802380652,True
P008073,LightGray Nisi,Electronics,11455.68,True
P010773,Tomato Enim,Toys,23612.82,True
P011054,DarkSlateBlue Velit,Books,23767.48,True
P008651,LightGreen Dolore,Home,20878.28,True
P006391,AntiqueWhite Eveniet,Grocery,6113.29,True
P007095,LightSlateGray Sed,Beauty,3777.31,True
P007120,DarkGreen Eum,Toys,3233.34,True
P005172,Deliver Plug-And-Play Info-Mediaries,Sports,1270.78,True
P004811,Peru Facilis,Electronics,9753.8,True
P006598,MintCream Necessitatibus,Toys,5052.49,True
P011786,DarkGray Ipsam,Toys,21484.72,True
P001512,Green Possimus,Sports,15729.18,True
P010328,Silver Nesciunt,Sports,12295.97,True
P010961,DarkSalmon Officia,Home,11808.12,True
P003337,ForestGreen Ex,Toys,6558.22,True
P011012,DarkGoldenRod Consequatur,Fashion,1684.66,True
P012669,,Home,13982.02,True
P006265,OliveDrab Cupiditate,Books,2348.42,True
P003033,PapayaWhip Mollitia,Electronics,6329.49,True
P004727,Navy Incidunt,Home,14364.19,True
P011175,Gold Doloribus,Toys,15273.43,True
P004353,PapayaWhip Quibusdam,Sports,24666.95,True
P009949,Salmon Illum,Sports,21724.34,True
P000121,OldLace Quis,Sports,19361.52,True
P004448,IndianRed Eaque,Fashion,1107.63,True
P011821,SandyBrown Itaque,Sports,18667.71,True
P010260,Red Eum,Books,20096.59,True
P007075,Peru Ducimus,Beauty,10411.64,True
P000994,LimeGreen Autem,Fashion,10879.07,True
P011832,Beige Doloribus,Beauty,23408.13,True
P000320,Indigo Iusto,Toys,3485.71,True
P009029,Cyan Laborum,Sports,12414.52,True
P010350,PeachPuff Blanditiis,Fashion,23317.58,True
P005232,LightSteelBlue Harum,Fashion,7677.52,True
P014837,Re-Contextualize 24/7 Interfaces,,-12.655782438127305,True
P005576,MediumSlateBlue Facere,Beauty,22156.7,True
P000837,DarkOliveGreen Vero,Grocery,14054.83,True
P010580,DarkSalmon Molestiae,Books,1109.01,True
P003778,OldLace Illum,Home,13447.05,True
P006211,Orchid Sunt,Electronics,1902.87,True
P009598,Pink Incidunt,Books,8648.24,True
P002368,Violet Molestiae,Toys,21048.76,True
P011822,BlueViolet Quis,Toys,159.29,True
P002257,DarkRed Repellat,Toys,1344.8,True
P010219,ForestGreen Molestiae,Beauty,610.86,True
P003293,MediumAquaMarine At,Grocery,19843.85,True
P003373,Beige Corporis,Toys,17143.28,True
P007501,Orchestrate Dynamic Models,Sports,10787.11,True
P003182,Optimize Extensible Infrastructures,,5180.71,True
P005992,Chocolate Ut,Electronics,15218.48,True
P003345,PaleVioletRed Nisi,Books,10766.82,True
P002573,MediumAquaMarine Tenetur,Grocery,3683.76,True
P005038,Bisque Veniam,Grocery,8370.85,True
P010386,Magenta Culpa,Beauty,16709.27,True
P008341,DodgerBlue Possimus,Home,16697.24,True
P008288,MediumTurquoise Velit,Beauty,10298.84,True
P001662,BlueViolet Sint,Electronics,24533.01,True
P000899,WhiteSmoke Minima,Electronics,6881.14,True
P007608,RoyalBlue Incidunt,Toys,17083.93,True
P006384,Coral Quibusdam,Grocery,9364.95,True
P010986,DarkGray Assumenda,Fashion,19234.15,True
P000531,LightGreen Dolor,Fashion,21061.52,True
P014538,,Fashion,3743.76,True
P000701,Orchid Ducimus,Grocery,7728.44,True
P013599,,Toys,4333.38,True
P012982,E-Enable Real-Time Architectures,Grocery,-560.0919295342301,True
P001969,Green Occaecati,Electronics,24645.36,True
P009632,DarkMagenta Assumenda,Beauty,9857.34,True
P000016,Maroon Vitae,Home,4056.11,True
P003090,Cornsilk Incidunt,Home,17455.07,True
P009844,Yellow Quaerat,Books,4067.03,True
P011274,Target Impactful Partnerships,Books,9572.29,True
P001840,DarkTurquoise Error,Home,7950.53,True
P007929,Green Maiores,Toys,8219.76,True
P001609,Red Sequi,Grocery,22970.99,True
P008116,SeaGreen Vitae,Grocery,11755.8,True
P003896,IndianRed Nam,Books,11113.81,True
P012380,Visualize Integrated Markets,Toys,-228.6207424588127,True
P011967,SaddleBrown Ab,Beauty,17551.59,True
P002240,MediumBlue Maxime,Home,3768.8,True
P013095,Aggregate Vertical Info-Mediaries,,FREE,True
P000680,MintCream Corrupti,Fashion,6763.99,True
P000879,RoyalBlue Quam,Toys,24520.02,True
P007779,Ivory Quis,Beauty,12766.28,True
P000190,Fuchsia Qui,Fashion,13333.04,True
P000052,Cornsilk Praesentium,Home,20817.81,True
P013058,Transform Magnetic Portals,Electronics,-3.916904130764098,True
P004005,Architect Virtual Platforms,Fashion,22884.86,True
P007340,Chocolate Vitae,Electronics,23928.35,True
P011853,LightPink Eligendi,Fashion,1108.91,True
P000587,Silver Voluptatum,Fashion,2997.23,True
P008412,Navy Atque,Books,20303.94,True
P003998,DarkKhaki Officia,Beauty,8017.32,True
P007173,DarkCyan Nihil,Fashion,2280.84,True
P002915,DarkMagenta Non,Sports,14102.01,True
P006473,Navy Iusto,Grocery,17882.97,True
P008733,Snow Minima,Fashion,15549.36,True
P009355,LightSalmon Earum,Home,23907.52,True
P001235,Yellow Cumque,Beauty,8323.87,True
P011182,Enable Proactive Architectures,Grocery,2100.92,True
P008508,GreenYellow Nostrum,Beauty,16543.35,True
P005177,Matrix Clicks-And-Mortar E-Business,Fashion,11815.31,True
P002501,Violet Dolore,Home,12566.69,True
P002182,LightPink Doloribus,Home,3873.4,True
P002763,HoneyDew Deserunt,Electronics,14037.53,True
P013043,Benchmark Killer Markets,Home,-743.5618107651593,True
P013735,,Books,5463.23,True
P005830,SeaGreen Laudantium,Books,23976.93,True
P005364,GoldenRod Dolorum,Grocery,4343.21,True
P006766,Purple Deserunt,Electronics,16798.17,True
P011774,LightPink Neque,Fashion,21126.73,True
P001697,GreenYellow Dicta,Toys,11989.41,True
P002561,Tan Consequuntur,Books,12039.14,True
P000008,Lime Tenetur,Electronics,1671.69,True
P008227,Peru Porro,Sports,23858.08,True
P003446,SeaShell Nemo,Books,3020.92,True
P012153,Implement Plug-And-Play Metrics,Home,FREE,True
P011923,Cultivate One-To-One Users,Books,22229.91,True
P009957,PaleGoldenRod Saepe,Toys,19533.12,True
P006215,DarkMagenta Vel,Books,15766.24,True
P000422,Linen Consequuntur,Grocery,16411.6,True
P003557,Lavender Dolore,Books,10991.44,True
P002445,LightPink Ratione,Fashion,16727.8,True
P000494,Coral Tempore,Electronics,9741.04,True
P010939,DeepPink Reprehenderit,Sports,1727.4,True
P005897,DarkGray Voluptatibus,Books,17050.0,True
P004966,Empower 24/365 Metrics,Toys,10030.97,True
P010068,Extend End-To-End Metrics,Grocery,11975.84,True
P009321,Indigo Culpa,Fashion,14503.89,True
P008109,AntiqueWhite Beatae,Home,3846.26,True
P011167,Maroon Eius,Sports,6999.35,True
P001371,MediumAquaMarine Atque,Sports,6277.93,True
P004729,Turquoise Consectetur,Beauty,11868.69,True
P012459,Deploy Cutting-Edge Architectures,Sports,-523.4645880522504,True
P009611,PaleVioletRed Eos,Sports,18291.61,True
P014136,Cultivate Customized Applications,Grocery,FREE,True
P004647,Synthesize Wireless E-Business,,24434.15,True
P009273,Maroon Impedit,Sports,19946.16,True
P005435,PaleTurquoise Minus,Electronics,15555.93,True
P008876,Magenta Excepturi,Electronics,8710.69,True
P010461,LightSteelBlue Repellendus,Beauty,11167.37,True
P010498,DarkBlue Temporibus,Toys,11270.58,True
P011052,LimeGreen Tempora,Toys,3894.4,True
P000290,Green Sint,Electronics,24503.24,True
P001648,Lavender Nam,Toys,6970.83,True
P007061,DimGray Temporibus,Electronics,10646.32,True
P005197,MediumSpringGreen Autem,Books,5550.86,True
P012687,Seize 24/365 Metrics,Grocery,-777.4877855294372,True
P005242,MistyRose Officia,Fashion,11286.49,True
P010687,Purple Excepturi,Electronics,14779.58,True
P010698,DarkGreen Illum,Home,6193.94,True
P009974,DarkSeaGreen Laudantium,Electronics,12884.46,True
P013109,,Sports,5470.67,True
P012565,Utilize Sticky Communities,Sports,FREE,True
P010151,Wheat Ducimus,Toys,24540.95,True
P000261,Magenta Sequi,Grocery,7880.76,True
P000695,SeaGreen Quisquam,Home,10575.71,True
P003058,HoneyDew Debitis,Beauty,1670.66,True
P011223,PapayaWhip Repellat,Sports,3456.44,True
P010728,Magenta Nesciunt,Beauty,24506.7,True
P005999,Sienna Ab,Grocery,702.19,True
P004106,DarkGreen Non,Grocery,21954.21,True
P007579,Gray Est,Fashion,1182.39,True
P011026,Ivory Quis,Books,13817.21,True
P003945,DarkOliveGreen Nobis,Toys,23662.93,True
P005146,Black Repellat,Books,17478.29,True
P000342,DarkBlue Minus,Toys,5060.86,True
P001727,Cyan Consequuntur,Beauty,23942.56,True
P010648,PaleTurquoise Nobis,Home,1220.52,True
P005226,MediumSlateBlue Recusandae,Fashion,24202.57,True
P007880,Violet Quas,Sports,16565.78,True
P013367,,Fashion,3866.18,True
P006825,BlanchedAlmond Numquam,Beauty,20118.13,True
P010463,LightSkyBlue Laudantium,Home,7815.53,True
P004040,SlateBlue Vitae,Toys,8753.55,True
P006216,CornflowerBlue Officiis,Toys,12195.52,True
P011555,PowderBlue Quia,Home,22808.49,True
P004052,DarkSalmon Optio,Toys,24101.38,True
P014497,Aggregate Magnetic Bandwidth,Grocery,-472.3987187422897,True
P001387,SlateBlue Sit,Fashion,15505.58,True
P007346,Purple Deserunt,Fashion,2211.06,True
P009341,Fuchsia Totam,Fashion,9642.33,True
P001548,OliveDrab Ex,Fashion,16193.24,True
P002662,SlateBlue Distinctio,Electronics,16637.68,True
P008216,Beige Rem,Toys,12801.67,True
P007723,SlateGray Voluptates,Home,2546.77,True
P003442,Beige Natus,Fashion,14047.91,True
P012272,,Beauty,16844.18,True
P009693,Coral Voluptate,Books,1988.62,True
P000843,Peru Ab,Sports,9737.65,True
P013021,Engage B2C Users,,FREE,True
P012019,Generate Back-End Platforms,Fashion,-890.3768988814719,True
P006593,Bisque Numquam,Toys,4411.99,True
P013188,E-Enable Magnetic E-Business,Grocery,-324.96395179617264,True
P008857,MediumTurquoise Animi,Home,6311.52,True
P001309,GhostWhite Eos,Beauty,21356.92,True
P010104,AntiqueWhite Aperiam,Electronics,12027.9,True
P008119,Aquamarine Ab,Home,18091.26,True
P007373,Blue Culpa,Sports,22573.03,True
P004215,Pink Ipsam,Beauty,5220.67,True
P010110,DarkViolet Mollitia,Sports,11976.99,True
P010043,MediumSlateBlue Exercitationem,Electronics,22275.02,True
P006834,DimGray Numquam,Toys,1290.17,True
P005600,SteelBlue Eum,Home,12189.41,True
P013638,,Electronics,1179.01,True
P001734,LightCyan Consequatur,Home,22733.95,True
P004573,DarkSalmon Sunt,Grocery,4154.13,True
P001438,Azure In,Books,15549.0,True
P006872,DarkGoldenRod At,Sports,22563.47,True
P000478,SpringGreen Eveniet,Beauty,20631.44,True
P001941,Cornsilk Consequatur,Home,5839.99,True
P008624,LimeGreen Amet,Home,10918.4,True
P000069,Indigo Fugit,Electronics,8984.61,True
P003081,DarkOrange Officia,Sports,21485.17,True
P014736,Engage Frictionless Web Services,Sports,-202.5233714306856,True
P001351,Maroon Qui,Beauty,10469.1,True
P000863,DarkSeaGreen Quaerat,Electronics,15038.44,True
P000243,MediumSpringGreen Temporibus,Beauty,14619.45,True
P000640,Lime Nihil,Sports,8406.35,True
P012372,Generate Turn-Key Metrics,Home,-127.49413955598074,True
P003020,PaleTurquoise Dolore,Books,4366.79,True
P000358,SlateBlue Eligendi,Books,18235.15,True
P008724,MediumSlateBlue Saepe,Books,19985.26,True
P014578,Incentivize Wireless E-Markets,Grocery,-29.10306323896979,True
P008276,AliceBlue Sunt,Toys,20915.26,True
P001650,LightSalmon Officia,Fashion,7524.01,True
P005494,BlanchedAlmond Sunt,Home,148.54,True
P011457,SandyBrown Quod,Home,11172.96,True
P005142,Khaki Sequi,Beauty,9621.0,True
P008165,DarkCyan Pariatur,Home,24314.54,True
P010565,LemonChiffon Explicabo,Toys,17289.82,True
P010760,AntiqueWhite Tempora,Electronics,4594.51,True
P004445,Architect Wireless Deliverables,Toys,3392.33,True
P001330,MediumSeaGreen Explicabo,Books,21950.68,True
P014547,,Home,23175.48,True
P011705,PeachPuff Velit,Toys,19547.58,True
P006039,Gray Distinctio,Beauty,14603.25,True
P012466,Brand Revolutionary Portals,Grocery,FREE,True
P006819,Cornsilk Amet,Electronics,17977.09,True
P000416,Azure Temporibus,Grocery,19289.54,True
P004344,Orchid Facilis,Home,5958.83,True
P001233,CornflowerBlue Beatae,Books,14120.58,True
P001632,SteelBlue Est,Sports,14702.47,True
P011379,PapayaWhip Aliquid,Home,2678.7,True
P012335,Monetize Extensible Networks,,-350.8900561129761,True
P005139,DarkSalmon Fugiat,Fashion,14898.91,True
P001046,LawnGreen Excepturi,Toys,23637.37,True
P014345,Expedite Clicks-And-Mortar Niches,Electronics,-493.88014422852865,True
P012693,,Electronics,23292.24,True
P003225,SlateBlue Suscipit,Beauty,11084.82,True
P003702,MediumVioletRed Accusantium,Books,16660.53,True
P012291,,Grocery,17079.93,True
P012203,Scale Cross-Media Info-Mediaries,Grocery,FREE,True
P004660,YellowGreen Optio,Grocery,16853.34,True
P006444,Cyan Dignissimos,Books,1528.32,True
P003423,LightYellow At,Sports,12763.9,True
P000413,LawnGreen Tempora,Sports,19656.28,True
P011528,SeaShell Totam,Beauty,16701.24,True
P013552,Streamline Synergistic E-Commerce,Beauty,-310.3774106025254,True
P007485,Chocolate Odit,Home,2731.26,True
P013200,Synthesize Global Eyeballs,Electronics,FREE,True
P011522,MistyRose Voluptates,Electronics,5906.43,True
P002112,Gainsboro Labore,Toys,21996.3,True
P011998,SteelBlue Expedita,Sports,24009.93,True
P004093,Gainsboro Blanditiis,Electronics,6206.17,True
P005046,DodgerBlue Omnis,Home,10947.09,True
P001174,Maroon Eligendi,Beauty,987.34,True
P000525,Olive Dignissimos,Books,8099.63,True
P010799,RosyBrown Voluptatum,Toys,15724.13,True
P004273,Teal In,Electronics,11116.52,True
P010830,DarkTurquoise Culpa,Beauty,11888.14,True
P004575,Red Incidunt,Toys,14937.16,True
P007021,DarkTurquoise Sequi,Sports,9953.33,True
P008036,Fuchsia Ducimus,Sports,21927.12,True
P001679,SaddleBrown Magni,Books,24696.07,True
P005674,Linen Dolorum,Books,9173.43,True
P002562,CornflowerBlue Animi,Fashion,5090.23,True
P003371,Teal Voluptates,Electronics,9815.34,True
P010863,Blue Beatae,Fashion,7304.88,True
P006627,PeachPuff Quae,Toys,1263.32,True
P000771,ForestGreen Distinctio,Beauty,14289.76,True
P005445,DeepSkyBlue Consequuntur,Beauty,9405.24,True
P000604,WhiteSmoke Ipsa,Beauty,14803.58,True
P006994,FloralWhite Natus,Home,1488.82,True
P003410,Red Culpa,Toys,13244.08,True
P010382,FloralWhite Blanditiis,Books,1792.05,True
P007233,DarkOliveGreen Quis,Sports,1181.3,True
P000523,SlateGray Amet,Books,24830.66,True
P011546,DarkSalmon Facere,Sports,18710.16,True
P009554,Gray Impedit,Beauty,8406.33,True
P004424,MediumAquaMarine Perspiciatis,Beauty,18638.8,True
P012601,,Grocery,7333.77,True
P001301,PowderBlue Repellat,Books,13027.65,True
P012800,Embrace Vertical Niches,Grocery,FREE,True
P001519,SandyBrown Blanditiis,Books,3224.19,True
P003611,LightBlue Ducimus,Sports,12094.89,True
P008364,BurlyWood Perspiciatis,Electronics,3321.09,True
P013268,Redefine Mission-Critical Content,Sports,FREE,True
P011347,GreenYellow Rem,Beauty,2128.46,True
P011319,SeaGreen Ducimus,Toys,22616.71,True
P014617,Engineer Interactive Infrastructures,Grocery,-481.954415845221,True
P006213,LightCyan Numquam,Electronics,6115.06,True
P012883,Target Magnetic Relationships,Fashion,-442.3216141632898,True
P000865,LightBlue Repellat,Books,1410.65,True
P008265,Indigo Doloribus,Toys,4368.59,True
P008193,PowderBlue Nulla,Grocery,411.86,True
P001836,Blue Ullam,Grocery,20399.28,True
P010253,DarkGray Magni,Books,12449.51,True
P009264,LightGreen Minus,Toys,20963.71,True
P008367,Cornsilk Distinctio,Grocery,21708.25,True
P011279,Orchid Labore,Electronics,24871.99,True
P002121,DarkGreen Id,Books,22294.41,True
P004373,Pink Perspiciatis,Grocery,1638.22,True
P005000,SaddleBrown Officia,Fashion,15801.99,True
P014941,Leverage Value-Added E-Commerce,,-553.5393410023797,True
P000638,Gainsboro Rem,Fashion,2591.68,True
P001394,IndianRed Aliquid,Books,6107.41,True
P003179,White Incidunt,Fashion,7020.24,True
P000428,White Facere,Grocery,16980.44,True
P000779,Streamline World-Class E-Commerce,Electronics,11416.46,True
P011784,Plum Magnam,Beauty,12324.65,True
P009293,LightSkyBlue Qui,Electronics,16922.5,True
P009485,WhiteSmoke Placeat,Home,23611.47,True
P008639,Lavender Assumenda,Grocery,8373.69,True
P002553,DarkViolet Iure,Electronics,3002.46,True
P007511,MidnightBlue Cupiditate,Electronics,13958.02,True
P002015,DarkCyan Modi,Electronics,21586.3,True
P008300,Cyan Iure,Home,9527.38,True
P004518,Ivory Dicta,Sports,19822.89,True
P004614,Indigo Pariatur,Beauty,24553.55,True
P012022,,Grocery,1541.48,True
P002568,GreenYellow Debitis,Beauty,17456.37,True
P003691,YellowGreen Veniam,Books,10545.92,True
P000755,Thistle Tenetur,Books,18941.39,True
P012181,,,1371.87,True
P000806,Aqua Omnis,Home,9295.44,True
P004934,Azure Odit,Beauty,6990.54,True
P003947,IndianRed Quod,Fashion,767.11,True
P002333,LightPink Et,Beauty,1656.19,True
P012826,Disintermediate Intuitive Solutions,Grocery,FREE,True
P008792,DarkGray Architecto,Fashion,4549.18,True
P009286,BurlyWood Molestiae,Books,9642.47,True
P014659,Incubate Dynamic E-Commerce,Toys,FREE,True
P013678,Morph Extensible Schemas,Fashion,FREE,True
P011003,MediumSlateBlue Vitae,Sports,24521.29,True
P012983,,Sports,24344.07,True
P009001,Navy Maxime,Home,8026.13,True
P012618,,Fashion,654.66,True
P009988,CadetBlue Quis,Toys,18922.4,True
P010031,Lime Vel,Fashion,19979.8,True
P012283,Strategize End-To-End Architectures,Toys,FREE,True
P009338,Grow Open-Source Convergence,Fashion,12650.51,True
P012542,Empower Integrated Web-Readiness,,-178.97320453904564,True
P000946,Sienna Veniam,Fashion,6715.25,True
P002806,OrangeRed Repellendus,Electronics,9470.75,True
P011936,Black Voluptates,Toys,4594.23,True
P010127,Engage Visionary Models,Electronics,17450.62,True
P006125,SteelBlue Iste,Sports,15723.62,True
P012276,Repurpose Clicks-And-Mortar Paradigms,,FREE,True
P000926,LightSalmon Quis,Beauty,4902.94,True
P010927,Indigo Minus,Fashion,15837.29,True
P007894,Gold Ab,Electronics,20060.21,True
P000135,Syndicate Compelling Info-Mediaries,Home,6892.28,True
P005264,DarkViolet Inventore,Grocery,1944.87,True
P002939,LightSalmon Voluptatem,Sports,21649.39,True
P004293,LightGreen Facilis,Beauty,20326.49,True
P003014,OliveDrab Eveniet,Fashion,1613.68,True
P000672,Orange Ratione,Electronics,1001.3,True
P007931,Wheat Quis,Toys,7870.75,True
P004773,LightSalmon Deleniti,Beauty,13052.48,True
P010867,DeepSkyBlue Vel,Electronics,11147.66,True
P010820,Lavender Incidunt,Electronics,22272.6,True
P005855,DarkViolet Temporibus,Books,17345.39,True
P009311,DarkGreen Quisquam,Beauty,23516.85,True
P007348,Monetize Next-Generation Markets,Sports,1958.5,True
P005734,DarkGreen Explicabo,Toys,9247.07,True
P009476,Leverage Global Info-Mediaries,Books,2972.04,True
P002014,MediumSpringGreen Non,Beauty,907.02,True
P001582,PowderBlue Beatae,Home,21512.7,True
P008312,MediumTurquoise Provident,Electronics,997.98,True
P014106,,Toys,10452.99,True
P005633,HoneyDew Animi,Beauty,10661.05,True
P003064,LightSalmon Quidem,Fashion,22472.93,True
P009491,DarkSlateGray Quo,Home,17402.71,True
P009400,LightCoral Enim,Toys,5621.67,True
P009553,Ivory Odit,Toys,11087.66,True
P008993,Salmon Dicta,Home,17761.54,True
P008311,LightSkyBlue Ullam,Books,15766.89,True
P004038,Leverage Killer Architectures,Grocery,15854.33,True
P013629,Envisioneer Synergistic Content,Toys,-89.97946157797357,True
P005337,LightSalmon Dolores,Toys,16584.06,True
P012377,,,4757.69,True
P003753,MediumVioletRed Ipsum,Books,3822.58,True
P013680,,,13110.15,True
P008284,SeaGreen Laudantium,Home,17057.31,True
P002883,AntiqueWhite Qui,Beauty,24415.21,True
P003235,Olive Labore,Sports,3844.68,True
P005656,Coral Fugit,Toys,2259.93,True
P009674,Salmon Nulla,Grocery,16606.69,True
P005914,PaleVioletRed Esse,Grocery,17201.94,True
P010563,Green Quidem,Electronics,22175.94,True
P004099,DarkOrchid Vero,Home,24619.06,True
P006224,MediumOrchid Quisquam,Grocery,16520.81,True
P003286,MediumAquaMarine Illum,Beauty,22791.22,True
P011903,SlateBlue Error,Books,16993.21,True
P004989,Linen Voluptatibus,Home,13012.18,True
P011032,RosyBrown Minus,Home,12765.75,True
P000370,Teal Incidunt,Beauty,18658.09,True
P012358,Generate Ubiquitous Partnerships,,FREE,True
P013419,Grow Plug-And-Play Platforms,Beauty,FREE,True
P012881,,Beauty,11653.81,True
P012412,Maximize B2C Web Services,Home,-856.4747386874968,True
P000606,PowderBlue Nobis,Home,9804.25,True
P009453,Gold Reiciendis,Fashion,16760.77,True
P003787,LightSlateGray Sint,Toys,9659.94,True
P004778,BlueViolet Id,Electronics,11028.79,True
P001352,Exploit Out-Of-The-Box Schemas,Books,7385.68,True
P004506,LavenderBlush Dignissimos,Toys,15536.47,True
P000740,MediumBlue Molestiae,Fashion,1639.1,True
P004031,Indigo Soluta,Beauty,12108.9,True
P008325,DarkOrange Vel,Home,3523.85,True
P006833,IndianRed Iusto,Beauty,6401.27,True
P007870,DarkSalmon Labore,Fashion,23562.96,True
P001873,LightGoldenRodYellow Dolor,Home,22208.3,True
P003985,Gray Laboriosam,Sports,6846.72,True
P009514,Expedite Efficient E-Commerce,Beauty,24060.05,True
P010066,MediumSeaGreen Iusto,Sports,22946.37,True
P005543,FireBrick Expedita,Books,24704.78,True
P000028,MediumVioletRed Non,Fashion,3329.99,True
P011164,Moccasin Laborum,Toys,4977.15,True
P005715,PowderBlue Expedita,Grocery,15803.75,True
P006686,Plum Magnam,Home,23748.1,True
P002324,NavajoWhite Dolore,Electronics,4639.57,True
P003357,LightBlue Laboriosam,Fashion,15691.69,True
P005756,MediumBlue Modi,Toys,8359.91,True
P011525,DarkGoldenRod Quasi,Beauty,3843.61,True
P002958,SeaGreen Numquam,Beauty,4334.07,True
P010711,IndianRed Sit,Toys,10926.53,True
P008425,LightSkyBlue Error,Beauty,11137.13,True
P014434,,Home,14250.32,True
P003238,LightCyan Nobis,Home,1812.71,True
P006787,LightGreen Odit,Home,3887.77,True
P012562,,Grocery,24002.69,True
P012831,Enhance Virtual Functionalities,Home,FREE,True
P012648,,Sports,2166.69,True
P007047,YellowGreen Velit,Sports,9670.58,True
P010978,Silver Magni,Beauty,6834.1,True
P001595,Aquamarine Accusamus,Sports,10336.45,True
P003024,Evolve Interactive Interfaces,Electronics,3439.18,True
P011439,LightSlateGray Vitae,Toys,20592.77,True
P005616,DarkMagenta Nisi,Toys,23455.61,True
P005695,LightGray Excepturi,Grocery,15989.03,True
P014727,Orchestrate Seamless Solutions,Fashion,FREE,True
P004619,PaleVioletRed Placeat,Home,21563.16,True
P003197,BlanchedAlmond Fuga,Grocery,22607.37,True
P006788,MediumSeaGreen Eligendi,Books,23151.4,True
P003631,Wheat Optio,Fashion,725.11,True
P006008,DarkSeaGreen Ea,Electronics,3268.08,True
P009200,AntiqueWhite Adipisci,Home,22115.06,True
P000164,DarkSlateGray Cupiditate,Sports,22063.33,True
P006745,DarkSlateBlue Animi,Home,21734.16,True
P006566,Deploy User-Centric Web Services,Electronics,18227.73,True
P004735,Generate Turn-Key Applications,Sports,23015.43,True
P010669,MediumTurquoise Non,Grocery,2524.35,True
P007047,Benchmark B2B Schemas,Electronics,3164.71,True
P011394,DarkSlateBlue Eaque,Sports,21315.78,True
P011672,Teal Aliquam,Sports,5981.54,True
P005105,Violet Dolorum,Electronics,15418.2,True
P011310,Crimson Eaque,Fashion,9782.69,True
P006350,Ivory Illum,Books,4232.26,True
P005752,Chocolate Id,Toys,4181.43,True
P008525,DarkTurquoise Asperiores,Toys,10884.02,True
P005041,WhiteSmoke Commodi,Books,21210.24,True
P010610,MediumSlateBlue Sapiente,Books,24201.28,True
P005100,DeepPink Hic,Toys,11412.37,True
P006558,Purple Aliquid,Sports,8981.84,True
P001575,NavajoWhite Quia,Sports,19593.7,True
P000278,AliceBlue Quam,Fashion,1023.03,True
P007900,Bisque Praesentium,Toys,20565.13,True
P002090,MediumTurquoise Laudantium,Sports,19367.48,True
P012141,Envisioneer Dynamic Channels,Home,-343.1800665811265,True
P001193,SeaShell Maxime,Fashion,7814.24,True
P006867,PaleVioletRed Voluptatibus,Sports,14998.11,True
P011158,MintCream Harum,Fashion,18040.59,True
P010812,PaleGreen Expedita,Electronics,19704.77,True
P001860,BlueViolet Vel,Books,17726.92,True
P013320,Iterate Value-Added Synergies,,FREE,True
P002456,DarkOliveGreen Dolorum,Fashion,9822.11,True
P005221,PowderBlue Voluptatem,Toys,3857.73,True
P014372,,Beauty,17157.97,True
P011487,MistyRose Natus,Toys,24380.85,True
P009918,PeachPuff Quam,Beauty,20198.2,True
P009188,Orange Voluptas,Fashion,24976.11,True
P005568,Syndicate Efficient Technologies,Grocery,18173.72,True
P009755,FireBrick Necessitatibus,Home,14063.63,True
P012588,,Home,15159.94,True
P001600,PaleTurquoise Amet,Home,4660.69,True
P011785,DarkSlateBlue Exercitationem,Fashion,15693.09,True
P007377,LightPink Odit,Grocery,2978.97,True
P013579,,Home,20443.94,True
P002819,Scale Innovative E-Markets,Toys,11359.83,True
P010967,AntiqueWhite Sit,Books,16622.77,True
P000633,PaleGoldenRod Dolorem,Home,7112.63,True
P010529,Tan Dolorem,Home,16822.03,True
P002774,MediumOrchid Porro,Books,15785.21,True
P009071,Maroon Voluptate,Fashion,24000.17,True
P013343,Extend Innovative Content,Sports,-943.1721299393877,True
P006400,Orchid Laboriosam,Home,17970.03,True
P000611,IndianRed Commodi,Grocery,18712.78,True
P004330,LightSlateGray Blanditiis,Toys,20270.08,True
P004473,FireBrick Dolores,Beauty,3501.48,True
P010722,Chartreuse Odio,Sports,16207.91,True
P002266,RosyBrown Culpa,Fashion,3653.05,True
P011154,Violet Deleniti,Beauty,14851.62,True
P002291,DeepPink Earum,Books,14147.19,True
P009720,Evolve Distributed Relationships,Beauty,23501.62,True
P003009,Brown Placeat,Grocery,7636.56,True
P006720,Red Pariatur,Home,3081.42,True
P008514,SkyBlue Nesciunt,Toys,20812.36,True
P010073,DeepSkyBlue Velit,Toys,23168.92,True
P012702,,Books,11734.4,True
P009802,MediumSeaGreen Magnam,Grocery,10363.38,True
P011829,Re-Contextualize Transparent Web Services,Grocery,18342.17,True
P006407,MediumPurple Ullam,Home,500.48,True
P013488,Expedite B2B Schemas,Grocery,FREE,True
P010103,AntiqueWhite Magnam,Grocery,14796.85,True
P001520,DarkOrchid Reprehenderit,Sports,5759.44,True
P010004,SeaGreen Velit,Electronics,8741.46,True
P012998,Transform Global Web Services,Beauty,-383.5020622634957,True
P002845,LimeGreen Animi,Home,15503.79,True
P013242,Incubate Cross-Platform Convergence,Beauty,FREE,True
P002539,SlateGray Doloremque,Beauty,13181.81,True
P001948,Red Minus,Beauty,12036.98,True
P003933,LimeGreen Corrupti,Electronics,7110.74,True
P005415,Purple Sint,Sports,8114.21,True
P010371,MistyRose Aliquam,Books,23607.7,True
P007398,Tan Aperiam,Grocery,20909.21,True
P009926,MediumPurple Voluptates,Books,1774.73,True
P002030,Wheat Laudantium,Electronics,14915.64,True
P006381,DarkGreen Iusto,Beauty,16473.59,True
P013161,,Home,8039.97,True
P006388,DarkSlateBlue Nobis,Toys,23664.2,True
P008523,LightSeaGreen Sapiente,Books,18968.4,True
P009753,White Facere,Books,18403.08,True
P010668,DeepSkyBlue Voluptatum,Sports,23326.84,True
P011411,MediumTurquoise Architecto,Home,6360.55,True
P011600,SteelBlue Saepe,Toys,13339.2,True
P008307,DarkGray Itaque,Sports,21812.22,True
P001742,Yellow Est,Books,14290.98,True
P009136,MediumTurquoise In,Electronics,9229.99,True
P004102,LightGray Esse,Home,24086.71,True
P014973,,Books,16229.6,True
P009619,SlateBlue Blanditiis,Home,963.45,True
P002576,Magenta Sunt,Grocery,18520.46,True
P003319,Black Dolor,Sports,16763.28,True
P010710,DarkOrchid Rerum,Grocery,2126.44,True
P005034,DarkGoldenRod Dolorum,Beauty,21938.74,True
P011272,DarkKhaki Consequuntur,Toys,22361.41,True
P000053,LightBlue Quisquam,Electronics,22819.52,True
P012470,Extend Killer Content,Sports,-193.6680881600813,True
P007417,LavenderBlush Cumque,Home,17268.92,True
P001029,CadetBlue Eveniet,Electronics,16128.45,True
P013473,,Sports,5548.24,True
P002697,Khaki Saepe,Books,12912.26,True
P014186,,Toys,1524.68,True
P005062,Aquamarine Facere,Fashion,21862.69,True
P007480,Gray Enim,Electronics,1882.03,True
P013679,Synthesize 24/7 Vortals,Books,-989.2536158106766,True
P012053,,Electronics,1799.29,True
P014997,Envisioneer Dot-Com Models,Home,FREE,True
P004272,CornflowerBlue Itaque,Sports,10158.23,True
P001334,Navy Impedit,Books,22956.71,True
P012501,,Grocery,22879.22,True
P014362,,Toys,8864.0,True
P007903,CadetBlue Ducimus,Toys,10396.54,True
P005463,Aqua Inventore,Toys,12251.19,True
P011737,Utilize Open-Source Users,Sports,5807.52,True
P004285,MediumVioletRed Tempora,Grocery,2444.95,True
P010869,OliveDrab Quae,Electronics,16516.11,True
P014260,Aggregate Real-Time Roi,Beauty,-435.18263273742343,True
P008051,Aquamarine Dignissimos,Home,20498.23,True
P003794,Disintermediate Ubiquitous Solutions,Electronics,14480.24,True
P003420,Chocolate Quasi,Electronics,10975.51,True
P005926,OrangeRed Dolore,Beauty,8773.57,True
P003872,Khaki Veritatis,Books,1984.3,True
P014206,Evolve Scalable E-Tailers,Beauty,FREE,True
P010021,Beige Qui,Sports,16844.94,True
P003541,Transform Virtual Interfaces,Electronics,2194.1,True
P001726,NavajoWhite Deserunt,Beauty,18620.18,True
P014493,Monetize E-Business Action-Items,Electronics,FREE,True
P003974,ForestGreen Maxime,Sports,22360.7,True
P002387,OldLace Sunt,Sports,22008.17,True
P009921,Gold Quam,Home,22130.13,True
P002823,DarkViolet Ex,Books,17364.1,True
P010496,Ivory Est,Beauty,8935.94,True
P012643,Deliver Open-Source Roi,Beauty,-466.18965390371505,True
P006376,Teal Ipsum,Fashion,10092.22,True
P008136,RoyalBlue Voluptatem,Fashion,21084.95,True
P013807,Reinvent Next-Generation Functionalities,Fashion,-356.1574366257506,True
P014952,,Fashion,9994.98,True
P000227,LightCoral Voluptatem,Books,23437.89,True
P003063,MediumOrchid Dolores,Grocery,14520.17,True
P010548,LightSkyBlue Consequatur,Grocery,5601.41,True
P012355,,Electronics,16450.14,True
P010854,Tan Dolor,Toys,388.81,True
P006041,Tan Quaerat,Toys,18001.98,True
P004591,DarkSalmon Tempora,Electronics,2225.02,True
P006601,DarkOrange Officiis,Sports,7411.27,True
P000610,Cyan Voluptatum,Toys,21445.82,True
P008230,SlateBlue Porro,Books,8295.21,True
P013822,Syndicate Integrated Convergence,,-208.90430044345305,True
P002592,LightYellow Rem,Books,2983.57,True
P004212,MistyRose Corrupti,Books,4397.02,True
P006764,FloralWhite Harum,Beauty,735.73,True
P002374,SpringGreen Suscipit,Grocery,18846.99,True
P007787,MidnightBlue Labore,Toys,5561.22,True
P001842,MintCream Eos,Grocery,6384.01,True
P009419,ForestGreen Nemo,Fashion,3928.54,True
P002376,Aquamarine Doloribus,Sports,12687.98,True
P000510,MidnightBlue Mollitia,Books,8637.27,True
P008408,Tomato Praesentium,Grocery,10180.05,True
P006336,BlanchedAlmond Magnam,Sports,1342.19,True
P007210,DarkOrange Excepturi,Beauty,2257.26,True
P001644,NavajoWhite Distinctio,Fashion,23708.06,True
P004185,SeaGreen Iusto,Toys,15993.83,True
P000593,DarkSlateBlue Ea,Toys,7708.23,True
P014592,Evolve Innovative Relationships,Sports,-776.4362980558549,True
P007952,FireBrick Vitae,Home,9515.89,True
P011583,Violet Blanditiis,Toys,24968.5,True
P000314,LightCyan Architecto,Sports,24758.01,True
P006088,Aqua Rem,Home,11638.49,True
P001206,DarkGreen Commodi,Fashion,11150.04,True
P014121,Morph Holistic Solutions,Books,-423.8958309794669,True
P006277,Orange Voluptatum,Fashion,11717.56,True
P008611,Navy Itaque,Beauty,22117.61,True
P000541,Thistle Voluptas,Home,15413.77,True
P009283,Moccasin Veniam,Home,15281.87,True
P006830,AliceBlue Fugit,Sports,8619.03,True
P014499,,,1333.96,True
P014037,,Grocery,4945.45,True
P008168,MediumSeaGreen Eveniet,Beauty,7632.43,True
P001385,Re-Contextualize Granular Infrastructures,Fashion,23763.65,True
P000564,Violet Libero,Fashion,7506.13,True
P006332,Turquoise Consequatur,Electronics,16930.62,True
P010474,DarkGoldenRod Itaque,Fashion,16682.18,True
P008541,LightSkyBlue Quas,Toys,21458.45,True
P000117,Green Amet,Books,8015.16,True
P014454,,Beauty,10029.36,True
P004918,SeaGreen Iure,Electronics,22785.77,True
P005383,Blue Consectetur,Sports,12058.71,True
P014065,Productize Bleeding-Edge Communities,Grocery,-43.92656084023647,True
P005605,SkyBlue Facere,Fashion,13978.71,True
P008414,Facilitate World-Class Deliverables,Electronics,8230.58,True
P010515,Seize Back-End Technologies,,1167.2,True
P005663,Violet Possimus,Beauty,11852.62,True
P007695,MediumPurple Iure,Electronics,7575.14,True
P005228,FloralWhite Consectetur,Grocery,4768.51,True
P014031,Brand Extensible Systems,Sports,FREE,True
P005743,DarkViolet Distinctio,Sports,21172.69,True
P011212,DarkGray Suscipit,Electronics,7775.75,True
P004071,LightSeaGreen Assumenda,Books,23429.51,True
P003507,MediumAquaMarine Dicta,Toys,9289.22,True
P002493,DarkRed Vero,Grocery,6209.23,True
P013709,Benchmark Wireless Web Services,Grocery,FREE,True
P000477,LightYellow Qui,Grocery,21606.03,True
P014038,,Beauty,4800.01,True
P013661,Seize Value-Added Paradigms,Grocery,-779.8903619488628,True
P004008,SeaShell Magnam,Fashion,1088.8,True
P004162,MediumSeaGreen Deserunt,Electronics,2845.58,True
P010972,Chartreuse Quisquam,Electronics,23309.41,True
P008648,Bisque Veritatis,Toys,1424.99,True
P010296,Brown Illum,Electronics,18154.78,True
P008226,Aqua Iure,Fashion,24505.96,True
P013797,,Books,7209.77,True
P008237,DarkSlateBlue Ipsum,Grocery,1864.4,True
P010723,NavajoWhite Ipsa,Fashion,10463.4,True
P010069,Gray Omnis,Beauty,3831.41,True
P009891,GoldenRod Nulla,Electronics,10505.28,True
P011178,DarkGray Amet,Grocery,9528.97,True
P007343,Wheat Odio,Toys,4819.11,True
P001469,Ivory Fuga,Books,22008.69,True
P011203,Fuchsia Nihil,Electronics,14098.5,True
P003121,SlateGray Harum,Electronics,22042.88,True
P002312,SandyBrown Labore,Sports,9292.28,True
P003741,PowderBlue Nobis,Grocery,10558.35,True
P000347,MediumBlue Quo,Electronics,5058.67,True
P006254,LawnGreen Cumque,Books,18375.86,True
P009810,PapayaWhip Fuga,Sports,1752.15,True
P007811,PeachPuff Veniam,Beauty,12547.89,True
P009247,OliveDrab Totam,Electronics,12742.26,True
P003500,MediumSeaGreen Commodi,Beauty,16304.37,True
P014868,Integrate Robust Mindshare,Electronics,FREE,True
P000518,Ivory Quis,Fashion,12821.18,True
P005423,Turquoise Illum,Fashion,16299.46,True
P014426,,Fashion,7451.15,True
P002877,DarkCyan Reprehenderit,Sports,19104.04,True
P005758,LavenderBlush Minus,Books,8943.37,True
P001188,Ivory Odio,Electronics,2033.8,True
P000156,Indigo Possimus,Beauty,12624.51,True
P007544,Snow Consequatur,Sports,19985.55,True
P012260,,Grocery,6839.61,True
P011736,LightSteelBlue Quo,Sports,13639.05,True
P007800,PaleGoldenRod Id,Electronics,8451.78,True
P010522,Indigo Quas,Toys,7936.34,True
P006292,Azure Distinctio,Grocery,15398.4,True
P004739,DarkSlateGray Eaque,Home,4065.08,True
P002756,Architect 24/7 Vortals,Electronics,4510.39,True
P000605,MediumSpringGreen Unde,Sports,19882.39,True
P003698,Orchid Alias,Toys,23821.91,True
P007581,Cornsilk Corporis,Grocery,24972.33,True
P006018,DarkViolet Porro,Books,11492.46,True
P011806,DarkOrchid Odio,Books,4072.51,True
P000689,LightBlue Iure,Books,16351.54,True
P006649,HotPink Odit,Toys,5580.73,True
P010517,SandyBrown Quas,Electronics,6775.23,True
P004151,SeaGreen Fugit,Sports,14255.31,True
P000783,RosyBrown Eveniet,Toys,6734.9,True
P002525,MintCream Repudiandae,Home,11734.08,True
P002424,MediumTurquoise Natus,Toys,6420.96,True
P008783,LawnGreen Quos,Grocery,16291.06,True
P010095,DarkSlateBlue Enim,Sports,2966.73,True
P012073,Enable Holistic Relationships,Beauty,-985.8588932070522,True
P008394,NavajoWhite Laborum,Fashion,24505.64,True
P007463,Gray Vitae,Beauty,13551.07,True
P013933,,Books,8023.91,True
P012727,Streamline Intuitive Communities,Home,FREE,True
P009251,Cyan Magnam,Toys,4813.58,True
P004595,SeaShell Doloremque,Beauty,20156.69,True
P014682,,Toys,6699.26,True
P013855,Leverage Frictionless Networks,Electronics,FREE,True
P010457,PaleTurquoise Ipsam,Sports,4100.19,True
P001858,Gainsboro Blanditiis,Sports,5100.39,True
P000288,White Delectus,Beauty,1806.93,True
P010780,Violet Maxime,Grocery,4743.2,True
P013325,Exploit Dot-Com Niches,,FREE,True
P011151,IndianRed Consectetur,Beauty,13974.24,True
P012756,Synthesize Bleeding-Edge E-Markets,Beauty,-487.10382358955434,True
P012321,Engineer Value-Added Web Services,Beauty,FREE,True
P014702,Re-Intermediate Cross-Media Vortals,Home,FREE,True
P011977,SaddleBrown Placeat,Home,18441.3,True
P000257,FloralWhite Natus,Sports,4900.42,True
P003493,Peru Perferendis,Sports,353.77,True
P000591,LightGoldenRodYellow Reprehenderit,Electronics,20643.41,True
P004294,PaleVioletRed Ipsa,Sports,23465.32,True
P007533,Plum Assumenda,Beauty,3117.67,True
P007707,LightCyan Minus,Beauty,6512.51,True
P008841,OrangeRed Consectetur,Home,881.28,True
P002575,Cyan Nesciunt,Sports,8767.52,True
P013003,Leverage Frictionless Paradigms,Grocery,-10.98597926544068,True
P001633,LightSlateGray Dolor,Home,1192.7,True
P008822,LavenderBlush Laborum,Sports,10855.75,True
P000486,Visualize Visionary Networks,Books,18619.16,True
P006146,DarkKhaki Esse,Sports,15071.56,True
P010141,AliceBlue Rerum,Grocery,13356.25,True
P014071,Enable Open-Source Portals,Fashion,-297.5781436887408,True
P003555,MistyRose Provident,Grocery,2527.93,True
P010581,Brown Quasi,Home,24919.16,True
P008952,Gainsboro Est,Fashion,8767.16,True
P010164,LightYellow Mollitia,Grocery,8326.15,True
P010818,DeepSkyBlue Quidem,Electronics,2405.07,True
P004135,PeachPuff Ad,Home,11719.66,True
P003253,HotPink Distinctio,Electronics,24119.66,True
P004772,LightSkyBlue Porro,Electronics,23388.41,True
P009472,PaleGoldenRod Minus,Books,22419.09,True
P011011,Tan Dolorem,Fashion,15503.27,True
P000763,DarkSlateBlue Quidem,Beauty,6939.08,True
P005489,Black Eligendi,Home,6240.77,True
P010341,Purple Cum,Sports,5352.6,True
P001028,DarkOrange Accusantium,Electronics,14287.93,True
P004126,SeaGreen Voluptates,Toys,12920.28,True
P008982,RoyalBlue Eius,Sports,8803.77,True
P003804,Maroon Dicta,Sports,19503.03,True
P001009,Maroon Numquam,Fashion,12513.72,True
P001245,Transition Front-End Partnerships,Electronics,17855.24,True
P000178,IndianRed Libero,Beauty,7506.76,True
P005863,Wheat Maxime,Home,10560.43,True
P010716,Benchmark Collaborative Systems,,4230.46,True
P012037,Architect Wireless Supply-Chains,Grocery,-294.83506862396814,True
P003437,LightGreen At,Electronics,10259.01,True
P013504,,Electronics,15990.88,True
P005288,PeachPuff Hic,Home,21394.03,True
P007356,LavenderBlush Eaque,Home,11375.04,True
P006062,DarkKhaki Pariatur,Electronics,17039.98,True
P010603,Cyan Aliquam,Beauty,21371.57,True
P014489,,Sports,15611.63,True
P003370,DeepSkyBlue Necessitatibus,Home,24767.39,True
P008263,MidnightBlue Numquam,Toys,24680.14,True
P011495,Beige Sed,Fashion,1910.14,True
P000583,LightGoldenRodYellow Veniam,Fashion,21666.68,True
P003782,YellowGreen Quo,Sports,10784.92,True
P005874,HotPink Officiis,Beauty,3254.98,True
P008725,DarkOrange Accusantium,Electronics,15654.72,True
P000085,LightSalmon Eveniet,Home,12268.65,True
P000792,DeepPink Perspiciatis,Electronics,9209.32,True
P003106,DarkSalmon Doloremque,Sports,6008.18,True
P007091,SeaShell Error,Fashion,4488.39,True
P004883,RosyBrown Corporis,Toys,17133.56,True
P005402,PaleGreen Ex,Toys,367.0,True
P013141,Envisioneer Next-Generation Content,Home,-2.300642617761346,True
P009443,NavajoWhite Qui,Sports,12059.83,True
P002464,Indigo Libero,Grocery,792.42,True
P004690,LightGreen Eius,Books,1482.72,True
P014910,Generate Compelling Networks,Electronics,FREE,True
P003021,Engage Customized Relationships,Fashion,7821.05,True
P011950,Violet Debitis,Fashion,10334.23,True
P014286,Embrace Back-End Partnerships,Toys,-976.4365584651479,True
P003982,PaleVioletRed Quaerat,Sports,11972.99,True
P014709,Utilize Bleeding-Edge Web-Readiness,,FREE,True
P006147,GhostWhite Fugiat,Toys,4848.38,True
P001884,White Distinctio,Toys,19538.26,True
P013315,Orchestrate Vertical Technologies,Fashion,FREE,True
P008359,HotPink Atque,Beauty,24086.04,True
P002348,LightSalmon Quod,Beauty,11192.58,True
P006920,DeepSkyBlue Fugit,Grocery,14012.1,True
P007563,Wheat Sequi,Home,23254.17,True
P001854,Black Reiciendis,Home,12794.67,True
P000900,DarkOliveGreen Similique,Beauty,2315.19,True
P009923,OrangeRed Cumque,Electronics,21068.02,True
P012278,Deploy Integrated Experiences,Books,-982.7628263580274,True
P010405,MediumSpringGreen In,Beauty,17194.04,True
P004644,Beige Soluta,Beauty,7234.87,True
P007472,Black Veritatis,Electronics,10130.16,True
P009682,Chocolate Voluptatem,Electronics,4438.23,True
P013004,Engage Granular Methodologies,Electronics,FREE,True
P009656,DodgerBlue Est,Books,1681.73,True
P007068,GoldenRod Doloremque,Electronics,9122.16,True
P006136,HotPink Nemo,Books,6804.01,True
P007641,LightSkyBlue Dolor,Electronics,12803.45,True
P009455,BurlyWood Voluptatibus,Electronics,15458.98,True
P004679,HotPink Minima,Sports,10931.32,True
P011919,DarkSalmon Voluptatum,Fashion,9358.4,True
P010694,Beige Facere,Toys,11612.43,True
P002925,Integrate 24/365 E-Services,,14145.33,True
P010558,MediumPurple Voluptatibus,Toys,10436.11,True
P000177,LightSlateGray Facere,Home,7731.11,True
P013037,Empower Bricks-And-Clicks Web Services,Home,FREE,True
P002467,MediumSeaGreen Numquam,Books,15923.74,True
P004758,Maroon Excepturi,Home,6293.73,True
P009581,Silver Illo,Beauty,14801.97,True
P014069,Innovate Extensible Communities,Toys,FREE,True
P004319,Green Iste,Electronics,6404.64,True
P005883,DimGray Doloremque,Beauty,4601.71,True
P009025,Wheat Dolorem,Beauty,11626.81,True
P000267,PapayaWhip Ducimus,Fashion,12192.34,True
P003980,Yellow Nam,Home,359.41,True
P004119,PaleGreen Impedit,Fashion,20736.98,True
P004728,Aquamarine Unde,Fashion,19839.99,True
P009102,Aqua Hic,Toys,2575.93,True
P014332,Empower Mission-Critical Roi,Books,FREE,True
P013456,Deliver Seamless E-Tailers,Fashion,-108.55094247971888,True
P006664,MediumBlue Atque,Grocery,5151.64,True
P000690,LightCoral Occaecati,Beauty,6771.13,True
P009417,BlanchedAlmond Repudiandae,Toys,2126.29,True
P006290,MistyRose Sit,Fashion,24255.21,True
P009839,MediumSpringGreen Repudiandae,Electronics,14162.29,True
P000136,BlanchedAlmond Magnam,Home,14221.18,True
P008323,DodgerBlue Ducimus,Sports,7754.42,True
P010388,SlateGray Maxime,Home,10985.69,True
P003175,DarkGray Minus,Electronics,923.44,True
P002031,Olive Sequi,Electronics,7898.87,True
P007152,Linen Assumenda,Beauty,13130.47,True
P009717,DarkOrchid At,Books,19905.55,True
P005468,BurlyWood Repellat,Electronics,19907.48,True
P005254,DarkGreen Iure,Beauty,8272.38,True
P014429,Embrace Synergistic Paradigms,,FREE,True
P014754,Iterate Cross-Media E-Business,Fashion,FREE,True
P005878,ForestGreen Delectus,Books,9810.81,True
P009456,Moccasin Quis,Fashion,20629.91,True
P003687,Blue Harum,Books,10377.28,True
P004656,DimGray Modi,Grocery,4341.01,True
P003331,Thistle Quasi,Sports,14302.61,True
P001151,Azure Minima,Grocery,3398.33,True
P000952,BlueViolet Accusamus,Sports,8567.34,True
P009205,Blue Recusandae,Grocery,23696.44,True
P013674,Incubate Viral Convergence,Fashion,FREE,True
P009688,Cornsilk Laboriosam,Books,3551.07,True
P013014,Whiteboard End-To-End Networks,,FREE,True
P000285,DimGray Impedit,Grocery,12142.69,True
P006672,Snow Recusandae,Fashion,16227.33,True
P007093,LightGray Quis,Fashion,2605.92,True
P003260,Ivory Quam,Sports,6512.85,True
P001621,Tan Vitae,Home,17083.29,True
P008647,SteelBlue Minima,Sports,24122.89,True
P014608,Facilitate Visionary Content,Sports,-896.6300723632531,True
P008273,Gray Debitis,Home,21979.75,True
P002398,GreenYellow Sed,Books,7097.16,True
P002194,DarkViolet Libero,Sports,2704.4,True
P001746,HoneyDew Aperiam,Electronics,1620.28,True
P004429,Chartreuse Quisquam,Home,16164.37,True
P001036,Aqua Totam,Electronics,10738.61,True
P002447,Incubate Efficient Solutions,Sports,15037.08,True
P007799,MistyRose Molestiae,Grocery,16012.32,True
P013243,Repurpose Visionary Convergence,Books,-946.2882789520244,True
P007386,Gray Natus,Fashion,20168.18,True
P007067,CornflowerBlue Similique,Books,8874.88,True
P006677,Thistle Quas,Books,23932.02,True
P000535,MediumOrchid Repellendus,Grocery,18276.0,True
P012237,Iterate Revolutionary E-Markets,Toys,-246.5029923519247,True
P000859,YellowGreen Accusantium,Electronics,4296.68,True
P011463,DarkViolet Ratione,Sports,10053.23,True
P006415,CornflowerBlue Porro,Electronics,9380.12,True
P006571,DodgerBlue Doloremque,Home,303.68,True
P001773,PeachPuff Eligendi,Electronics,23559.44,True
P004768,LightSalmon Assumenda,Grocery,9997.81,True
P005164,ForestGreen Id,Fashion,3997.32,True
P014081,,Fashion,21910.49,True
P002529,GhostWhite Animi,Home,2894.41,True
P010274,WhiteSmoke Nihil,Sports,21650.01,True
P003716,MistyRose Sapiente,Electronics,4620.06,True
P007647,Ivory Itaque,Fashion,16240.34,True
P007213,DarkBlue Quasi,Home,14489.82,True
P007149,LightSalmon Ipsam,Home,16891.35,True
P007462,Khaki Optio,Electronics,849.74,True
P007835,Blue Inventore,Sports,4113.89,True
P011020,Coral Necessitatibus,Sports,6947.7,True
P008433,LawnGreen Totam,Books,633.27,True
P014614,,Fashion,8404.57,True
P010264,DarkCyan Ipsam,Home,929.35,True
P003991,LightSteelBlue Incidunt,Toys,4291.32,True
P002653,PaleGreen Consectetur,Grocery,10967.95,True
P002476,GreenYellow Accusantium,Toys,22651.4,True
P002992,FloralWhite Reprehenderit,Grocery,24081.91,True
P008115,Maroon Repellat,Fashion,6165.41,True
P007030,Violet Maiores,Beauty,2824.25,True
P005158,Harness 24/365 Partnerships,Beauty,10130.48,True
P004224,MediumTurquoise Quibusdam,Electronics,5134.28,True
P003210,Orchestrate 24/365 Schemas,Books,122.69,True
P011192,Pink Iste,Home,1094.62,True
P005391,Extend Real-Time Experiences,Books,6890.72,True
P002381,Cultivate Holistic Initiatives,Toys,14049.84,True
P001288,LightGoldenRodYellow Voluptatum,Books,21208.87,True
P005248,Ivory Quia,Books,13914.19,True
P011505,GhostWhite Occaecati,Beauty,12852.07,True
P008616,YellowGreen Necessitatibus,Beauty,22931.73,True
P005739,RosyBrown Minus,Books,13037.63,True
P008576,FloralWhite Facilis,Books,20466.07,True
P000144,Coral Temporibus,Beauty,10747.64,True
P012415,Envisioneer Extensible Interfaces,,-847.7997618592467,True
P004929,DarkSeaGreen Porro,Grocery,9980.21,True
P007462,Monetize Back-End E-Tailers,Toys,8678.55,True
P010244,Salmon Iusto,Electronics,14313.8,True
P010257,SlateGray Eius,Electronics,7164.66,True
P008888,MediumSlateBlue Doloribus,Grocery,808.75,True
P007902,Matrix Turn-Key Markets,Fashion,18851.21,True
P014962,,Electronics,23108.92,True
P007784,LavenderBlush Odio,Grocery,18541.52,True
P006643,ForestGreen Voluptas,Beauty,17358.24,True
P007405,DarkTurquoise Fugiat,Home,1309.32,True
P004110,ForestGreen At,Books,16748.31,True
P009790,Pink Sapiente,Sports,17193.32,True
P014461,Re-Intermediate Interactive E-Markets,Home,-706.1139341575175,True
P012572,Productize Cross-Platform Models,Grocery,-448.9405525791068,True
P010516,PeachPuff Saepe,Books,12255.2,True
P012455,Unleash Killer E-Tailers,Sports,-564.7759251571251,True
P006695,AliceBlue Modi,Books,13309.56,True
P000095,Khaki Ad,Beauty,9463.19,True
P002560,Gold Sed,Grocery,17602.56,True
P000029,IndianRed Necessitatibus,Grocery,22120.68,True
P005260,Lavender Necessitatibus,Beauty,18302.07,True
P003838,Incubate 24/365 Info-Mediaries,Home,18790.13,True
P012788,,,11884.55,True
P011958,DarkTurquoise Odio,Grocery,17932.69,True
P010434,Beige Tenetur,Grocery,4114.01,True
P009435,Cyan Exercitationem,Sports,8886.72,True
P011565,White Eius,Fashion,1047.99,True
P011028,Synergize Cross-Platform Portals,Fashion,24308.73,True
P009039,MediumAquaMarine Impedit,Sports,23090.54,True
P008758,BurlyWood Sit,Toys,2051.1,True
P012158,,Fashion,10054.52,True
P001847,OldLace Repudiandae,Home,12882.1,True
P009561,MediumPurple Doloribus,Beauty,13859.89,True
P011470,Fuchsia Unde,Grocery,3354.21,True
P010415,PapayaWhip Voluptates,Grocery,22979.68,True
P007730,Fuchsia Cupiditate,Home,23039.63,True
P014844,Revolutionize Rich Networks,,-237.0476404886711,True
P008041,Gainsboro Nulla,Books,17754.42,True
P009018,Aquamarine Tempore,Grocery,19491.47,True
P011637,Snow Nostrum,Home,1169.63,True
P008955,LightGreen Eligendi,Beauty,6482.85,True
P010422,Sienna Labore,Grocery,9529.02,True
P011432,OldLace At,Fashion,19326.39,True
P006887,DarkSlateBlue Debitis,Electronics,9841.33,True
P004580,LightGreen Facere,Beauty,9793.46,True
P010907,Fuchsia Temporibus,Fashion,958.16,True
P010823,LightGray Laudantium,Books,11938.06,True
P014894,Visualize Robust Content,Books,FREE,True
P013883,Implement Mission-Critical Markets,Electronics,FREE,True
P001761,Brand Turn-Key Portals,Fashion,19075.54,True
P010259,PapayaWhip Dolore,Home,6870.32,True
P008164,PaleTurquoise Officiis,Electronics,20415.0,True
P010464,SeaShell Sunt,Home,4423.0,True
P006196,LightSkyBlue Voluptatem,Toys,10031.02,True
P009406,CadetBlue Libero,Electronics,9256.91,True
P000960,Harness Vertical Roi,,24536.66,True
P010823,Deploy Holistic Vortals,Toys,8970.36,True
P000895,WhiteSmoke In,Home,14042.87,True
P009827,MintCream Explicabo,Electronics,5390.3,True
P002404,DarkKhaki Accusamus,Grocery,16995.52,True
P008314,MediumAquaMarine Consectetur,Toys,14256.55,True
P005919,SlateBlue Doloribus,Beauty,20013.99,True
P004507,DarkKhaki Vero,Beauty,3611.88,True
P003758,DarkSalmon Quis,Grocery,8252.17,True
P004200,LightGray Eligendi,Fashion,21975.25,True
P008842,Crimson Est,Electronics,4540.91,True
P000686,Ivory Perspiciatis,Sports,15362.22,True
P005129,Orange Nesciunt,Books,23695.31,True
P005372,Integrate E-Business Portals,Sports,19893.55,True
P001733,LightSeaGreen Rem,Toys,12600.18,True
P010883,DarkTurquoise Ad,Sports,19440.43,True
P000248,DarkBlue Velit,Home,14181.17,True
P008179,CornflowerBlue Vel,Sports,23922.28,True
P009384,LightSlateGray Eius,Books,9027.72,True
P012623,Deliver Synergistic Initiatives,Fashion,-284.7465517588455,True
P011469,Evolve B2C Relationships,Grocery,18203.48,True
P000998,Chartreuse Itaque,Electronics,4527.91,True
P005836,Fuchsia Qui,Fashion,6417.24,True
P011045,Extend One-To-One Applications,Fashion,11634.22,True
P004693,LightSteelBlue At,Sports,6476.47,True
P011231,DarkOliveGreen Odit,Sports,6169.69,True
P005853,Peru Temporibus,Electronics,3412.8,True
P007101,DarkOrchid Corporis,Books,11889.28,True
P003255,Gray Beatae,Grocery,7465.6,True
P003855,AliceBlue Amet,Grocery,12768.89,True
P008558,Integrate Cross-Media E-Business,,10413.6,True
P006225,PeachPuff Expedita,Beauty,12428.18,True
P002252,Moccasin Dignissimos,Electronics,13886.96,True
P000424,SeaShell Beatae,Sports,12080.44,True
P010481,LightYellow Pariatur,Fashion,12225.45,True
P006422,Purple Unde,Grocery,5184.96,True
P009528,DarkGoldenRod Facere,Home,19443.76,True
P001979,Khaki Ratione,Grocery,15576.47,True
P010975,Violet Reprehenderit,Fashion,11256.73,True
P009946,PaleVioletRed Est,Grocery,23569.49,True
P000687,Silver Commodi,Electronics,24961.98,True
P007468,LightSeaGreen Iure,Home,15009.1,True
P000970,DarkMagenta A,Fashion,12708.19,True
P014021,Revolutionize Web-Enabled Schemas,Books,FREE,True
P000540,MediumSlateBlue Doloribus,Home,13690.71,True
P005410,Brown Rerum,Fashion,14564.29,True
P003775,DarkGoldenRod Odit,Home,18237.95,True
P007471,DimGray Blanditiis,Home,14791.65,True
P014644,Engineer Frictionless Methodologies,Sports,FREE,True
P007156,MediumSlateBlue Alias,Fashion,3311.1,True
P001961,GreenYellow Explicabo,Electronics,3382.07,True
P010635,Maroon Explicabo,Beauty,1498.51,True
P011305,Orchid Accusamus,Books,21297.31,True
P012300,Harness Granular Content,Beauty,-431.6235714464108,True
P004571,LightGreen Repudiandae,Grocery,11736.17,True
P009571,RosyBrown Reiciendis,Fashion,4164.86,True
P004450,Silver Expedita,Beauty,19958.2,True
P009116,MistyRose Officia,Fashion,24222.89,True
P005706,Wheat Excepturi,Home,15120.32,True
P008339,GreenYellow A,Fashion,16429.51,True
P006085,LavenderBlush Sunt,Beauty,529.82,True
P006370,AntiqueWhite Asperiores,Grocery,15795.0,True
P008622,Purple Itaque,Electronics,14477.44,True
P011580,Snow Voluptatem,Fashion,2761.57,True
P000617,DimGray Alias,Beauty,5073.25,True
P008729,DarkSlateGray Dignissimos,Books,19730.45,True
P005861,Gainsboro Commodi,Electronics,8032.79,True
P008225,Lime Earum,Home,9106.37,True
P010408,Wheat Ea,Home,7548.33,True
P005784,LemonChiffon Error,Toys,18047.56,True
P007199,DarkGoldenRod Pariatur,Grocery,555.73,True
P003005,MediumAquaMarine Laboriosam,Sports,11526.95,True
P003706,Green Explicabo,Beauty,22889.69,True
P003136,SpringGreen Iste,Sports,15752.47,True
P000976,BlueViolet Ipsum,Toys,21164.17,True
P005318,Maroon Dolorum,Fashion,11839.72,True
P005882,Maroon Distinctio,Toys,5314.06,True
P007115,OldLace Doloremque,Sports,4679.23,True
P008762,Yellow Quasi,Books,14158.84,True
P004411,Chocolate Ipsum,Electronics,17902.51,True
P008017,Moccasin Eos,Sports,15920.09,True
P009461,Deploy Bleeding-Edge Content,Books,8687.9,True
P007114,LightSeaGreen Perspiciatis,Grocery,16801.04,True
P006472,CadetBlue Voluptate,Home,7916.07,True
P013867,,Sports,3818.37,True
P006807,Snow Iste,Fashion,15362.77,True
P001143,FireBrick Tempora,Electronics,17922.22,True
P001757,Silver Delectus,Electronics,11138.39,True
P012011,Incubate Scalable Info-Mediaries,Books,FREE,True
P011876,Incubate Ubiquitous E-Markets,,11657.85,True
P000515,MediumSpringGreen Dolorum,Electronics,14874.9,True
P003229,LightGray Enim,Sports,3958.79,True
P001891,DodgerBlue Nihil,Beauty,6442.76,True
P010006,Red Saepe,Home,21337.6,True
P008358,LemonChiffon Eveniet,Books,10588.22,True
P005078,Purple Sit,Books,15414.91,True
P006562,LightPink Nam,Electronics,8090.23,True
P004925,Deliver Distributed Content,,22886.77,True
P009669,Orange Reprehenderit,Home,13074.82,True
P011811,DarkGreen Aliquam,Toys,15726.02,True
P005484,Cyan Iusto,Home,6488.85,True
P009933,Crimson Unde,Toys,13078.9,True
P008158,Bisque Facere,Books,6623.67,True
P002669,MediumBlue Corrupti,Sports,17238.28,True
P013146,Mesh Proactive Technologies,Home,-714.6265813116712,True
P003042,LightCoral Soluta,Beauty,22981.51,True
P005196,Purple Doloribus,Electronics,3296.88,True
P000757,PowderBlue Corporis,Grocery,23103.68,True
P004986,RoyalBlue Beatae,Beauty,6578.88,True
P009757,Khaki Ipsam,Electronics,19334.5,True
P010195,RosyBrown Culpa,Toys,16309.45,True
P000722,Snow Veritatis,Home,23003.28,True
P007920,Red Sit,Books,24056.15,True
P002913,Navy Ipsum,Electronics,18653.22,True
P007522,GhostWhite In,Fashion,20199.24,True
P010401,LightSeaGreen Modi,Toys,21411.84,True
P006450,Facilitate Integrated Supply-Chains,Electronics,16579.24,True
P008916,Indigo Necessitatibus,Sports,19023.87,True
P013439,Synergize World-Class Action-Items,Home,FREE,True
P011172,DarkGray Eligendi,Electronics,13583.04,True
P013532,,,4596.13,True
P012545,Seize Integrated Eyeballs,,-261.85772107084733,True
P004365,Gold Corporis,Electronics,1264.27,True
P000220,GhostWhite Officia,Home,17134.12,True
P012230,Empower Proactive Supply-Chains,Toys,-481.0671357147329,True
P003679,OrangeRed Dignissimos,Electronics,6897.1,True
P010247,LawnGreen Cupiditate,Sports,1551.86,True
P000804,Chartreuse Enim,Fashion,23448.89,True
P002900,Cyan Labore,Home,22937.92,True
P009832,Teal Laborum,Fashion,6715.91,True
P003563,AliceBlue Molestiae,Sports,13628.79,True
P006112,LawnGreen Culpa,Home,21066.61,True
P003754,OrangeRed Nobis,Fashion,7924.38,True
P003783,IndianRed Eum,Electronics,6478.1,True
P006354,GhostWhite Consequuntur,Books,11226.29,True
P005556,Silver Animi,Books,15174.52,True
P004254,PaleGoldenRod Commodi,Fashion,23555.32,True
P010862,Azure Beatae,Electronics,9449.72,True
P013168,,Beauty,23368.8,True
P013009,,,8985.29,True
P010770,DarkOliveGreen Est,Sports,7571.82,True
P011382,AliceBlue Asperiores,Grocery,5247.37,True
P009871,DeepSkyBlue Dolores,Home,8481.04,True
P010817,LightCoral Ut,Home,13632.69,True
P004593,LightSlateGray Nemo,Books,14588.66,True
P005006,Red Eos,Home,9448.41,True
P009359,LightGoldenRodYellow Nulla,Electronics,6237.94,True
P001456,MediumSeaGreen Modi,Sports,5587.52,True
P014367,Innovate Integrated Paradigms,Home,FREE,True
P013478,Monetize Back-End Eyeballs,Electronics,FREE,True
P001641,LemonChiffon Explicabo,Books,6468.24,True
P000443,AntiqueWhite Laboriosam,Electronics,20132.21,True
P001718,Chartreuse Non,Fashion,627.94,True
P001601,Cyan Est,Fashion,5282.92,True
P010638,Generate Web-Enabled Markets,Sports,5603.91,True
P012771,Brand Extensible Schemas,Books,FREE,True
P013801,,Electronics,12373.99,True
P005962,Wheat Consequatur,Sports,19106.05,True
P010460,Magenta Laborum,Electronics,5195.15,True
P008954,MistyRose Labore,Sports,21353.61,True
P014793,Facilitate Value-Added Initiatives,,FREE,True
P002714,Violet Magnam,Fashion,10913.03,True
P000787,PowderBlue Tempore,Fashion,4483.97,True
P009395,MediumSeaGreen Reprehenderit,Grocery,10775.73,True
P014475,Synergize Efficient Content,Books,-122.02513090466076,True
P001455,BurlyWood Autem,Sports,17186.23,True
P013946,,Fashion,13388.85,True
P006117,DarkOliveGreen Maiores,Grocery,16861.89,True
P009088,Salmon Occaecati,Electronics,14376.43,True
P010017,LightCoral Ducimus,Home,5140.07,True
P001828,DarkSlateBlue Eligendi,Sports,24690.5,True
P002599,SeaShell Consequatur,Toys,6471.94,True
P002379,IndianRed Consectetur,Home,11665.25,True
P006145,LightYellow Perspiciatis,Fashion,10961.55,True
P004770,MediumSpringGreen Dolorum,Beauty,9028.43,True
P000906,SandyBrown Voluptatem,Sports,13731.14,True
P008048,LawnGreen Fuga,Sports,9299.39,True
P000184,Incubate Frictionless Markets,Fashion,15920.62,True
P002803,Coral Perferendis,Beauty,4433.67,True
P010574,Crimson Omnis,Home,15652.33,True
P008180,LimeGreen Nostrum,Sports,3902.22,True
P000167,DarkSlateBlue Dicta,Toys,23492.91,True
P000035,Salmon Est,Toys,15252.11,True
P008641,LightCyan Quibusdam,Beauty,15027.92,True
P005788,DimGray Est,Grocery,16390.57,True
P002773,Orange Reprehenderit,Electronics,20762.3,True
P011912,PaleVioletRed Ipsam,Fashion,14707.76,True
P008299,Morph Cross-Platform Networks,Toys,4107.36,True
P010373,Purple Dolores,Toys,14051.56,True
P006975,FireBrick Qui,Electronics,4758.27,True
P004013,MintCream Aspernatur,Home,6653.34,True
P003501,MintCream Sunt,Fashion,10603.05,True
P003023,Olive Ad,Toys,5824.44,True
P011128,Navy Dolor,Sports,9356.06,True
P010912,Azure Dolor,Electronics,15949.69,True
P003528,LightPink Repellat,Home,20567.3,True
P001076,LimeGreen Nihil,Grocery,1969.27,True
P013253,Extend Proactive Eyeballs,,-745.0901002753319,True
P009476,RosyBrown Omnis,Fashion,2172.21,True
P009653,Teal Vero,Fashion,9421.57,True
P003989,Khaki Saepe,Beauty,12471.52,True
P008512,RosyBrown Rem,Electronics,5151.21,True
P002483,Productize Next-Generation Models,,393.2,True
P007320,Snow Voluptas,Beauty,9578.91,True
P001755,MediumPurple Cumque,Sports,22778.32,True
P006544,Blue Ea,Sports,8038.67,True
P004469,LightGray Magnam,Books,3437.77,True
P003897,Indigo Quod,Fashion,12066.11,True
P003160,Aqua Animi,Beauty,3842.19,True
P000280,SkyBlue Ducimus,Fashion,21852.49,True
P002787,DarkKhaki Nam,Electronics,19083.81,True
P007369,LimeGreen Perferendis,Fashion,3683.64,True
P004182,Aqua Officiis,Grocery,1884.1,True
P014901,Extend Leading-Edge Systems,Books,FREE,True
P013299,Exploit Compelling Mindshare,Toys,-261.4516550694963,True
P014881,,Fashion,15382.51,True
P011377,Tan Architecto,Home,9844.26,True
P012029,Utilize Holistic Portals,Sports,-742.5884985887099,True
P001915,Gray Ullam,Beauty,5549.81,True
P008190,MediumBlue Repellendus,Grocery,18354.17,True
P010170,DarkCyan Iste,Home,2540.45,True
P013400,Maximize Cross-Platform Convergence,,-790.6823239325493,True
P000960,Black Quaerat,Beauty,21742.44,True
P011920,LightCyan Doloribus,Home,2699.35,True
P010438,Moccasin Optio,Sports,11683.9,True
P008669,Magenta Dignissimos,Electronics,4637.49,True
P004216,MediumSlateBlue Iure,Sports,4431.98,True
P007650,Silver Explicabo,Fashion,20536.59,True
P002742,DarkTurquoise Reprehenderit,Toys,10417.95,True
P005613,SeaGreen Dolorem,Sports,21943.61,True
P001002,Peru Repudiandae,Toys,1959.77,True
P000193,DarkOrange Eaque,Fashion,16838.34,True
P011028,IndianRed Autem,Sports,13265.54,True
P011656,MediumSlateBlue Dignissimos,Home,18534.49,True
P012127,Generate One-To-One Portals,Toys,-37.67046893873526,True
P008644,LightGreen Debitis,Electronics,9839.29,True
P002144,Orchid Earum,Toys,122.43,True
P001280,Empower Bricks-And-Clicks Web Services,Beauty,24037.14,True
P011374,Cornsilk Dolorem,Fashion,19941.72,True
P002027,MediumSpringGreen Modi,Sports,15506.55,True
P006168,Crimson Cum,Fashion,22746.96,True
P004477,DarkSlateBlue Consequatur,Beauty,5848.25,True
P008835,Gold Voluptate,Books,22603.7,True
P001769,DeepSkyBlue Nihil,Toys,22304.66,True
P004754,Maroon Beatae,Toys,21728.86,True
P003487,LightGray Veniam,Electronics,1279.01,True
P008749,Aquamarine Blanditiis,Beauty,16306.98,True
P010663,DarkSlateBlue Ex,Toys,10719.5,True
P012662,Strategize Visionary Portals,,-505.46393110443046,True
P002727,Lavender Culpa,Fashion,7411.58,True
P012225,,Home,3767.35,True
P008967,Azure Ullam,Toys,7635.11,True
P003780,Tomato Magni,Beauty,17431.42,True
P013216,,,17332.31,True
P009565,PeachPuff Dignissimos,Home,5686.38,True
P011750,DeepPink Minima,Home,23405.84,True
P007665,DarkSlateGray Debitis,Home,13270.09,True
P008537,Navy Architecto,Books,17379.27,True
P004453,Olive Accusamus,Fashion,19735.47,True
P010633,Orchid Quae,Sports,13727.58,True
P006383,Ivory Repellendus,Sports,2346.17,True
P004264,GhostWhite Ducimus,Sports,3184.11,True
P004699,DarkSalmon Alias,Grocery,23798.47,True
P002888,Navy Fugiat,Beauty,20978.01,True
P000073,PowderBlue Sunt,Sports,16287.16,True
P008018,LawnGreen Impedit,Fashion,19790.37,True
P005422,PapayaWhip Perferendis,Books,3584.35,True
P000983,Pink Fuga,Sports,14796.8,True
P000128,Peru Inventore,Home,24712.77,True
P005609,DarkCyan Illo,Toys,15852.47,True
P004839,Productize Revolutionary Mindshare,,10553.51,True
P011435,Plum Ducimus,Books,24622.71,True
P003205,Crimson Fuga,Toys,1160.79,True
P000294,HoneyDew Atque,Electronics,14686.6,True
P011201,LawnGreen A,Electronics,23492.49,True
P006628,LightGray Iste,Grocery,6481.43,True
P010838,SlateGray Tenetur,Sports,20726.12,True
P014060,,Electronics,959.69,True
P008676,Maximize Compelling Systems,Books,8379.07,True
P011649,Teal Aliquid,Beauty,4943.81,True
P000698,SkyBlue Vitae,Grocery,19094.12,True
P010420,MintCream Consequatur,Toys,7448.31,True
P008637,Gainsboro Architecto,Toys,23601.96,True
P009606,LimeGreen Dicta,Electronics,20076.13,True
P005063,LightBlue Commodi,Toys,17319.96,True
P014715,,Home,23396.27,True
P004381,Pink Iste,Grocery,23966.61,True
P006096,GhostWhite Esse,Grocery,1555.89,True
P011349,DarkGreen Eius,Toys,5776.75,True
P003573,Engineer Extensible Networks,Sports,1990.68,True
P014413,Disintermediate Virtual Channels,,-277.15859021051364,True
P010928,Tomato Saepe,Beauty,23485.67,True
P000109,MediumSlateBlue Dignissimos,Toys,7627.26,True
P013757,Seize Viral E-Services,Sports,FREE,True
P002002,LimeGreen Officiis,Books,8859.32,True
P001457,GreenYellow Autem,Books,1759.11,True
P004764,DarkGoldenRod Quo,Beauty,20423.36,True
P009304,LightGreen Veniam,Fashion,23526.64,True
P011311,PowderBlue Ab,Fashion,19640.76,True
P006272,DarkMagenta Quidem,Electronics,4365.6,True
P003145,MidnightBlue Repudiandae,Home,18287.24,True
P008490,DarkGray A,Fashion,23535.33,True
P006092,RoyalBlue Nihil,Grocery,16106.0,True
P006232,Beige Tenetur,Grocery,1788.99,True
P000456,Mesh Integrated E-Business,Grocery,9056.13,True
P005536,DarkMagenta Fuga,Toys,9196.71,True
P013663,Drive B2C Synergies,Sports,-960.7349909314688,True
P005767,SkyBlue Autem,Toys,3420.95,True
P011681,DarkSeaGreen Reiciendis,Beauty,14886.88,True
P014220,Brand Rich Vortals,Home,FREE,True
P005386,ForestGreen Reprehenderit,Home,11153.61,True
P003872,Aggregate Customized Info-Mediaries,Toys,6606.93,True
P002335,Navy Facere,Electronics,4717.47,True
P013944,Aggregate Efficient Schemas,,FREE,True
P002775,LightGreen Magni,Fashion,23306.77,True
P000169,AliceBlue Eveniet,Grocery,6324.63,True
P009319,BlanchedAlmond Veritatis,Electronics,11269.29,True
P008222,Silver Deleniti,Electronics,1465.33,True
P002627,PapayaWhip Consequatur,Electronics,9276.34,True
P007785,YellowGreen Fuga,Electronics,4355.23,True
P009603,SandyBrown Ea,Books,1853.7,True
P006220,DarkSlateBlue Ipsum,Home,19282.28,True
P011061,SpringGreen Porro,Books,19064.91,True
P000459,Fuchsia Quam,Books,15031.46,True
P003960,Cornsilk Inventore,Fashion,5455.2,True
P011743,Chartreuse Fuga,Sports,22947.46,True
P003388,DarkViolet Aut,Electronics,5863.22,True
P002977,LightGreen Dolore,Books,18398.98,True
P014986,,Grocery,16889.23,True
P011300,Lavender Soluta,Electronics,16619.9,True
P014675,Streamline World-Class Synergies,Toys,FREE,True
P009972,OliveDrab Doloribus,Books,6928.03,True
P007077,Gold Officia,Fashion,19590.21,True
P003346,Coral Ipsum,Toys,7643.51,True
P007941,Cornsilk Nostrum,Electronics,297.0,True
P000188,SteelBlue Maiores,Grocery,11481.92,True
P000745,Incubate Cross-Media Infrastructures,Home,12818.85,True
P012485,Brand Dot-Com Niches,Toys,FREE,True
P007820,RoyalBlue Tenetur,Sports,15335.61,True
P008129,Peru Magnam,Fashion,24227.25,True
P010926,DarkSlateBlue Odio,Books,14398.85,True
P001654,PaleGoldenRod Voluptatum,Electronics,633.38,True
P009109,HoneyDew Ut,Fashion,20133.28,True
P008720,DarkMagenta Optio,Toys,14651.93,True
P009741,Thistle Corrupti,Home,23735.31,True
P008545,LightSalmon Reiciendis,Grocery,4540.6,True
P014087,Matrix One-To-One E-Commerce,Beauty,-487.12833424513354,True
P010200,OrangeRed Officia,Toys,214.77,True
P012807,Enhance World-Class Deliverables,Beauty,FREE,True
P006789,Incubate Global Relationships,Beauty,19457.74,True
P000480,Brown Sed,Beauty,16002.16,True
P010145,DarkGoldenRod Facere,Toys,11005.88,True
P007844,Silver Quas,Fashion,3353.6,True
P004338,PaleGreen Enim,Electronics,22893.01,True
P008029,Lavender Ex,Fashion,23935.82,True
P009912,Deliver Intuitive Content,Sports,8516.34,True
P014154,Re-Intermediate Back-End Interfaces,Home,FREE,True
P013769,Engage Transparent Applications,Fashion,-560.6090144664739,True
P000715,SteelBlue Culpa,Electronics,17343.76,True
P006402,Teal Qui,Home,11543.73,True
P003533,Wheat Quidem,Grocery,22136.52,True
P008861,AliceBlue Hic,Electronics,21797.16,True
P011196,Navy Corporis,Fashion,22162.65,True
P006873,GreenYellow Animi,Sports,11834.53,True
P012465,,Toys,10109.7,True
P013830,Iterate Efficient Metrics,Home,FREE,True
P001882,Beige Consectetur,Home,5862.42,True
P000603,LightSlateGray Labore,Sports,21147.42,True
P001300,OrangeRed Accusantium,Home,6607.28,True
P006373,LemonChiffon Odit,Grocery,13558.64,True
P008691,CornflowerBlue Illum,Home,12977.31,True
P009516,DarkSalmon Commodi,Grocery,4273.51,True
P008816,LightSeaGreen Neque,Books,11063.31,True
P000562,Chartreuse Consectetur,Electronics,7809.44,True
P013563,,Electronics,4839.32,True
P007977,Envisioneer B2C Functionalities,Sports,17836.01,True
P001004,Moccasin Voluptatibus,Toys,24853.98,True
P002164,BurlyWood Officia,Electronics,22845.92,True
P014813,,Books,18783.23,True
P000466,DimGray Animi,Books,1419.06,True
P014861,,Toys,5137.82,True
P001032,BlanchedAlmond Aut,Grocery,18685.8,True
P012616,,Home,13641.82,True
P002506,AntiqueWhite Id,Electronics,20894.46,True
P005321,Ivory Vel,Sports,14530.18,True
P009733,Beige Est,Fashion,2131.52,True
P000018,MintCream Veniam,Toys,1431.61,True
P004288,GhostWhite Tempore,Beauty,6077.1,True
P002790,BlueViolet Beatae,Electronics,24339.72,True
P005511,SeaGreen Aliquid,Fashion,10214.05,True
P006479,LightSlateGray Fuga,Toys,4046.51,True
P005132,White Odit,Toys,23889.21,True
P005270,DarkBlue Ratione,Grocery,1224.38,True
P011144,Orange Sint,Books,3436.84,True
P009851,PapayaWhip Distinctio,Grocery,22549.68,True
P006914,Snow Doloremque,Books,319.96,True
P006115,Lime Blanditiis,Sports,23446.69,True
P011798,DimGray Accusamus,Electronics,20174.93,True
P010304,Peru Voluptates,Home,1029.99,True
P007991,Aquamarine Inventore,Grocery,15321.44,True
P012941,Engage World-Class Experiences,Toys,FREE,True
P004433,GoldenRod Iure,Home,10585.69,True
P001794,MediumBlue Eaque,Grocery,8449.5,True
P000157,SeaShell Dolorem,Sports,460.0,True
P004250,Silver Reiciendis,Fashion,10206.34,True
P007808,Lavender Ipsam,Sports,19532.47,True
P002314,Aqua Dignissimos,Fashion,22514.27,True
P001564,BurlyWood Quod,Fashion,6912.05,True
P013948,Visualize End-To-End Metrics,Toys,-470.0991201340506,True
P012436,Redefine Customized Relationships,Fashion,-410.94038647963487,True
P007131,MediumOrchid Quis,Toys,7961.42,True
P000791,Expedite Compelling Roi,Books,24817.03,True
P009915,PaleVioletRed Ipsum,Sports,17526.22,True
P010846,MediumSpringGreen Nemo,Toys,1558.21,True
P000578,Red Voluptatibus,Grocery,9836.82,True
P002838,SlateGray Facere,Sports,4781.06,True
P013731,,,6193.85,True
P007289,LemonChiffon Quo,Books,5912.34,True
P013040,,Grocery,5736.57,True
P008597,Salmon Eos,Beauty,14104.82,True
P002884,LightGoldenRodYellow Eum,Toys,4462.26,True
P007429,Black Quos,Grocery,3488.01,True
P014470,,Beauty,4177.01,True
P014196,Streamline Cross-Platform Experiences,Books,-197.5203150053467,True
P007753,Beige Magni,Home,17957.51,True
P000542,Brand E-Business Schemas,Books,19451.45,True
P013926,Repurpose End-To-End Vortals,Home,FREE,True
P006648,Generate Killer Paradigms,Books,4661.49,True
P008070,MediumOrchid Velit,Grocery,11248.98,True
P014391,,,2682.98,True
P011692,DarkMagenta Quasi,Electronics,7421.58,True
P002172,DarkOrchid Voluptatem,Grocery,14625.62,True
P007339,MediumPurple Magni,Sports,1466.89,True
P007406,Fuchsia Odit,Home,11978.77,True
P001771,MediumOrchid Officia,Grocery,13680.33,True
P002969,DarkOrchid Voluptatum,Sports,3025.58,True
P010349,Chocolate Inventore,Sports,11987.57,True
P013558,,Home,24376.87,True
P006264,DarkOrange Rem,Beauty,24835.85,True
P007185,FireBrick Ullam,Electronics,280.89,True
P013023,Exploit Bleeding-Edge Networks,Sports,FREE,True
P001490,SpringGreen Repellendus,Beauty,20484.51,True
P011901,NavajoWhite Aspernatur,Sports,14635.97,True
P002401,WhiteSmoke Harum,Beauty,7058.76,True
P004774,PaleGoldenRod Enim,Beauty,16284.79,True
P009470,Wheat Magnam,Beauty,14109.08,True
P000798,SteelBlue Alias,Home,11456.27,True
P004589,PaleGreen Esse,Sports,7022.22,True
P010655,Peru Quo,Books,2995.06,True
P009004,LawnGreen Quae,Electronics,18528.34,True
P008763,MediumSpringGreen Quo,Beauty,15838.27,True
P001066,DarkBlue Soluta,Sports,6656.32,True
P004570,BurlyWood Sunt,Fashion,4563.88,True
P010553,SkyBlue Quaerat,Books,24646.15,True
P007869,Salmon Ad,Grocery,12875.99,True
P002513,DarkCyan Repudiandae,Books,11546.89,True
P010015,MediumPurple Architecto,Beauty,17114.67,True
P002336,DodgerBlue Doloremque,Toys,21783.16,True
P003981,Repurpose Cutting-Edge Paradigms,Books,16794.91,True
P008224,Matrix Clicks-And-Mortar Content,Fashion,4337.79,True
P006495,MediumSpringGreen Sit,Fashion,9046.04,True
P000557,Harness Cross-Platform E-Commerce,Home,14070.97,True
P008547,Aqua Minus,Grocery,11347.3,True
P004684,Engage Rich Applications,,14982.87,True
P002395,DodgerBlue Consequatur,Beauty,15411.48,True
P003720,LimeGreen Beatae,Sports,16040.86,True
P002267,Blue Assumenda,Fashion,10105.69,True
P007839,LightCyan Laboriosam,Home,21583.0,True
P002927,MediumSlateBlue Facere,Toys,4734.66,True
P009261,DimGray Unde,Fashion,16891.23,True
P010411,Reinvent Granular E-Commerce,Electronics,18504.62,True
P002318,Purple Rem,Books,11696.96,True
P001160,MediumSpringGreen Aspernatur,Home,2383.03,True
P003292,Yellow Ad,Electronics,20768.1,True
P012334,Innovate Enterprise Paradigms,Home,-134.13266203226576,True
P004134,LemonChiffon Harum,Sports,13427.01,True
P008886,HoneyDew Occaecati,Fashion,6444.08,True
P000334,Purple Ducimus,Fashion,2718.13,True
P001525,PaleTurquoise Nesciunt,Beauty,15001.92,True
P001062,Gold Optio,Sports,14831.34,True
P006668,SaddleBrown Excepturi,Toys,12537.88,True
P012112,Orchestrate Innovative Networks,Toys,FREE,True
P001862,FireBrick Doloribus,Home,19791.32,True
P013143,Cultivate Mission-Critical Users,Home,-225.2039803473904,True
P001020,Moccasin Velit,Grocery,1897.31,True
P004919,Chartreuse Perferendis,Home,22846.47,True
P014128,Enable Distributed Networks,Toys,FREE,True
P005250,Beige Ducimus,Sports,15264.47,True
P010459,MediumSlateBlue Consequuntur,Toys,13457.97,True
P001560,MediumSeaGreen Vero,Sports,17684.87,True
P011796,Turquoise Eaque,Beauty,12393.71,True
P014035,,Fashion,18577.82,True
P005698,Olive Fuga,Books,20237.38,True
P000734,Lime Optio,Beauty,22584.81,True
P014658,Utilize Ubiquitous Synergies,Beauty,FREE,True
P005610,DarkMagenta Possimus,Sports,20666.25,True
P004367,MediumSpringGreen Nulla,Toys,13791.92,True
P002526,Tan Facere,Toys,13320.49,True
P004410,Streamline Scalable Experiences,Sports,14960.18,True
P006174,SkyBlue Ducimus,Home,2935.2,True
P003140,Wheat Similique,Home,2347.27,True
P010732,Magenta Nam,Electronics,13937.93,True
P014235,Extend Vertical Web-Readiness,Electronics,FREE,True
P005634,SeaGreen Nobis,Sports,3081.24,True
P005244,AntiqueWhite Distinctio,Sports,1514.38,True
P000105,Ivory Sunt,Books,4656.47,True
P001576,Black Voluptate,Electronics,13328.7,True
P000512,Cornsilk Minima,Sports,15657.89,True
P011423,Indigo Magni,Beauty,20538.66,True
P000125,DarkGray Fuga,Toys,19129.98,True
P001248,LightGray Recusandae,Toys,14787.12,True
P007825,DodgerBlue Numquam,Sports,24533.77,True
P002066,LightGreen Nam,Books,9701.68,True
P001231,MediumVioletRed Commodi,Toys,23442.28,True
P007793,PaleTurquoise Fugit,Beauty,7198.14,True
P004910,SeaGreen Nulla,Home,3980.02,True
P009808,DarkTurquoise Dicta,Beauty,11408.79,True
P011259,MediumVioletRed Sit,Toys,19919.96,True
P014422,,Home,19713.54,True
P009961,SeaGreen Praesentium,Toys,10388.63,True
P008437,Red Optio,Books,329.78,True
P014104,Redefine Rich Infrastructures,Books,FREE,True
P009410,Khaki Minus,Toys,19562.07,True
P008799,PapayaWhip Minima,Fashion,17368.5,True
P014055,,Books,16143.9,True
P001905,Gray Eaque,Grocery,6631.87,True
P014622,,Sports,16370.12,True
P003594,Purple Repellendus,Books,13564.06,True
P010777,LightSteelBlue Sequi,Fashion,10496.01,True
P010979,Gold Doloremque,Sports,16624.26,True
P010555,CornflowerBlue Rem,Home,102.74,True
P010201,Olive Perferendis,Grocery,4097.4,True
P011308,MediumAquaMarine Laudantium,Sports,12559.62,True
P006048,Magenta Labore,Home,15705.61,True
P003252,Plum Consequatur,Grocery,13358.18,True
P002453,BurlyWood Nesciunt,Fashion,17561.88,True
P013966,Mesh End-To-End Markets,Toys,-81.52032495420823,True
P001123,NavajoWhite Sapiente,Toys,9267.0,True
P011219,MediumVioletRed Expedita,Books,12292.24,True
P002702,DarkCyan Iure,Fashion,23109.73,True
P005823,DarkOrchid Ad,Sports,6779.31,True
P005730,Crimson Porro,Toys,3560.85,True
P004303,LawnGreen Quia,Beauty,3285.85,True
P011291,DarkOrange Consequatur,Grocery,15676.36,True
P011829,MediumOrchid Natus,Fashion,22329.44,True
P001940,Thistle Eius,Electronics,3402.09,True
P012386,,Beauty,5067.28,True
P005340,Navy Ipsa,Grocery,6797.19,True
P011004,SeaGreen Architecto,Electronics,1368.7,True
P002922,Thistle Qui,Fashion,24152.26,True
P002434,AliceBlue Repellendus,Books,10512.15,True
P003436,Orange Reiciendis,Electronics,1188.18,True
P010286,Lime Nam,Toys,14887.89,True
P008771,BlueViolet Delectus,Sports,23651.35,True
P003054,Green Iure,Books,24520.31,True
P006098,SeaGreen Recusandae,Grocery,21767.58,True
P004308,Yellow Animi,Fashion,12799.88,True
P012294,Architect Plug-And-Play E-Business,Electronics,FREE,True
P002842,Chartreuse Rem,Toys,2650.74,True
P001098,PaleGoldenRod Alias,Electronics,3401.83,True
P009782,MediumOrchid Architecto,Grocery,24273.33,True
P010689,WhiteSmoke Ullam,Fashion,8910.87,True
P002211,Cyan Officiis,Home,3493.84,True
P010994,Wheat Molestias,Fashion,16484.78,True
P003161,MediumSeaGreen Repudiandae,Beauty,6602.45,True
P003187,CornflowerBlue Modi,Beauty,16631.87,True
P002474,White Ad,Sports,23472.76,True
P010651,Red Officiis,Books,12402.58,True
P011090,Strategize Intuitive E-Services,Sports,9975.8,True
P005272,Chartreuse Amet,Fashion,5526.34,True
P002016,Generate Bricks-And-Clicks Users,Grocery,17905.56,True
P010119,Green Perferendis,Beauty,24159.63,True
P004863,Coral Numquam,Beauty,16771.11,True
P008488,LightBlue Maxime,Fashion,14348.87,True
P015000,Leverage Customized Bandwidth,Beauty,FREE,True
P009820,MistyRose Et,Home,5742.34,True
P007546,LightCoral Sapiente,Books,21904.05,True
P009797,GreenYellow Modi,Electronics,15063.72,True
P002119,DarkSeaGreen Rem,Fashion,9145.24,True
P003013,DarkMagenta Nesciunt,Grocery,18911.28,True
P010177,DarkViolet Sequi,Books,392.34,True
P011074,BurlyWood Eveniet,Beauty,12014.18,True
P008761,GoldenRod Suscipit,Fashion,11866.19,True
P003738,MediumOrchid Ipsa,Beauty,20302.61,True
P000131,Re-Intermediate Sticky Partnerships,,20278.92,True
P005257,SpringGreen Maiores,Books,4104.98,True
P012597,Leverage Magnetic Schemas,Home,-888.4671473856038,True
P006511,LightSeaGreen Labore,Grocery,2421.63,True
P010148,DarkBlue Eaque,Sports,20664.1,True
P004821,DarkKhaki Repellendus,Home,5647.17,True
P005374,SaddleBrown Placeat,Home,4540.31,True
P012656,Syndicate User-Centric Partnerships,Electronics,FREE,True
P002520,DarkOrchid Quaerat,Fashion,14703.48,True
P003069,PaleVioletRed Velit,Sports,2407.97,True
P009968,Sienna Ea,Electronics,22128.85,True
P009772,Tomato Sed,Electronics,15167.5,True
P013515,Exploit Impactful Users,Books,-208.1646990456413,True
P010540,E-Enable Innovative Channels,Grocery,7913.92,True
P001534,BurlyWood Labore,Toys,16645.03,True
P000776,CadetBlue Sint,Electronics,23370.06,True
P005764,YellowGreen Tempora,Grocery,14498.47,True
P011976,CornflowerBlue Dolorum,Sports,19515.19,True
P008797,SteelBlue Magnam,Books,1130.09,True
P006356,Snow Aspernatur,Fashion,23069.36,True
P002677,MediumSeaGreen Quam,Grocery,7777.83,True
P001269,GoldenRod Quibusdam,Toys,18428.34,True
P003509,BlueViolet Enim,Beauty,4950.27,True
P012871,,Electronics,20778.39,True
P011304,PaleGreen Est,Beauty,19692.41,True
P011831,MediumAquaMarine Consectetur,Electronics,20947.87,True
P006204,Red Soluta,Fashion,9359.27,True
P006330,Purple Dolore,Toys,24063.74,True
P014334,Synergize Real-Time Applications,Electronics,FREE,True
P009153,LightSeaGreen Ratione,Books,7100.67,True
P008728,DarkGreen Beatae,Electronics,10323.12,True
P012898,Facilitate Turn-Key Mindshare,Sports,FREE,True
P004796,PowderBlue Quisquam,Beauty,4173.62,True
P011932,PaleVioletRed Vel,Grocery,23906.48,True
P001013,Beige Praesentium,Electronics,10487.44,True
P014563,Leverage B2C E-Commerce,Toys,FREE,True
P008558,Fuchsia Ipsum,Grocery,10898.68,True
P001903,LightGreen Enim,Sports,22175.4,True
P002209,SteelBlue Similique,Sports,9785.46,True
P008187,SteelBlue Ab,Toys,3076.91,True
P005932,Strategize Front-End E-Commerce,Grocery,20194.41,True
P011428,Lime Id,Sports,13687.28,True
P013082,Incubate Plug-And-Play E-Business,Beauty,-783.0166613889236,True
P010754,PeachPuff Voluptatum,Home,11491.09,True
P008016,Thistle Cumque,Home,4031.53,True
P002293,NavajoWhite Tenetur,Sports,24374.8,True
P008436,MediumSpringGreen Ex,Books,18000.55,True
P008638,LightBlue Unde,Home,2215.44,True
P007949,Purple Adipisci,Grocery,20913.12,True
P009477,SeaGreen Consequatur,Home,13799.5,True
P012904,Whiteboard Wireless Relationships,Fashion,FREE,True
P006000,Coral Repellendus,Grocery,17147.19,True
P009140,Incentivize Value-Added Methodologies,Grocery,11305.6,True
P005470,LightCoral Porro,Electronics,9248.3,True
P012563,Deploy Leading-Edge Paradigms,Books,-553.9170984859123,True
P006666,Sienna Eius,Toys,21916.42,True
P011184,WhiteSmoke Quo,Grocery,17031.96,True
P010743,Purple Placeat,Books,23494.16,True
P002904,MediumVioletRed Porro,Toys,12020.59,True
P006288,Aqua Molestias,Sports,18841.93,True
P000232,Grow Interactive Applications,,3795.42,True
P009548,Chocolate Reiciendis,Home,13963.98,True
P014265,Evolve Frictionless Communities,Sports,-354.13615735328233,True
P002516,BurlyWood Reiciendis,Fashion,9305.39,True
P012885,Leverage Dot-Com Relationships,Beauty,FREE,True
P005486,LightSeaGreen Minima,Sports,18577.08,True
P012394,Embrace Open-Source Infrastructures,Electronics,-333.0310339039073,True
P005525,Olive Dolore,Fashion,16874.61,True
P004192,Beige Unde,Electronics,24888.01,True
P013290,,Beauty,1423.78,True
P006432,Tan Alias,Home,6416.22,True
P009082,LightSalmon Occaecati,Toys,20493.64,True
P006500,Lavender Deserunt,Grocery,20077.72,True
P008567,Khaki Minus,Sports,6568.52,True
P013626,Synergize Real-Time E-Commerce,Sports,-858.3356946113629,True
P006859,Magenta Enim,Toys,4804.47,True
P003774,LightGray Quisquam,Fashion,6510.3,True
P003018,GhostWhite Esse,Fashion,24303.1,True
P008789,BurlyWood Libero,Fashion,7374.59,True
P003839,DarkGray Hic,Home,3218.44,True
P005559,DarkViolet Deleniti,Home,1600.68,True
P011743,Seize Scalable Networks,Beauty,5210.92,True
P009407,GhostWhite Corporis,Sports,19845.86,True
P009641,LightSteelBlue Harum,Fashion,21652.49,True
P005432,MediumTurquoise Tenetur,Electronics,979.33,True
P000667,Thistle Iste,Books,9523.28,True
P000559,MediumSpringGreen Voluptatum,Sports,10113.62,True
P011408,Khaki Magnam,Books,5327.19,True
P009246,LightGoldenRodYellow Officiis,Fashion,7057.73,True
P009758,LightSkyBlue Laboriosam,Sports,11602.21,True
P000855,Tan Nobis,Toys,5544.54,True
P002624,Magenta Animi,Toys,617.53,True
P013681,Deploy Robust Users,Home,-420.83149896289484,True
P013393,Exploit Real-Time Vortals,Books,-414.96538307245964,True
P003864,Fuchsia Amet,Home,22456.85,True
P008931,Incubate Distributed E-Tailers,Sports,7400.56,True
P013117,Repurpose Proactive Networks,Books,FREE,True
P011979,Silver Iure,Toys,2058.07,True
P014411,Monetize Clicks-And-Mortar Web-Readiness,Toys,FREE,True
P001675,SlateBlue Aspernatur,Electronics,6136.79,True
P008635,Chocolate Est,Grocery,15782.15,True
P014394,,Grocery,18674.07,True
P011224,AliceBlue Animi,Toys,18943.59,True
P005873,LightGoldenRodYellow Optio,Fashion,23072.01,True
P004782,Lime Voluptates,Home,809.7,True
P006083,Black Qui,Home,16007.25,True
P004701,MediumVioletRed Adipisci,Grocery,8896.59,True
P012609,Reinvent Scalable Initiatives,Home,FREE,True
P007085,Orchid Saepe,Fashion,8950.67,True
P004173,DarkOrange Hic,Home,22915.89,True
P009773,GhostWhite Quasi,Sports,16741.82,True
P007387,LightPink Rerum,Books,6342.33,True
P000486,Aquamarine Inventore,Grocery,22803.04,True
P013849,,Fashion,6838.66,True
P009437,Cornsilk Error,Home,2749.96,True
P011815,LightSteelBlue Itaque,Sports,2733.45,True
P007412,Strategize Clicks-And-Mortar Schemas,Fashion,24946.72,True
P009622,Coral Harum,Fashion,15936.25,True
P001215,SkyBlue Ducimus,Toys,9231.26,True
P005807,Black Suscipit,Fashion,10972.66,True
P003248,Cyan Nulla,Sports,1900.37,True
P000912,DeepSkyBlue Facere,Home,476.72,True
P010447,MediumTurquoise Occaecati,Beauty,10741.87,True
P003580,MediumTurquoise Nesciunt,Grocery,11007.58,True
P004277,SandyBrown Veritatis,Fashion,15491.86,True
P003813,MediumSeaGreen Omnis,Beauty,7814.21,True
P011330,LightCyan Est,Fashion,8372.65,True
P001591,DarkMagenta Quas,Sports,18421.0,True
P006139,Monetize Bricks-And-Clicks Convergence,,23167.84,True
P012735,Seize Web-Enabled Portals,Toys,FREE,True
P001261,DarkOrange Quibusdam,Sports,8947.24,True
P012063,Transform World-Class Web Services,Home,-384.4511388751119,True
P008002,Salmon Dolor,Home,8786.13,True
P008856,Green Odio,Fashion,3277.96,True
P010055,MediumSlateBlue Aliquam,Toys,16462.25,True
P013990,,Beauty,18505.91,True
P000693,MediumSpringGreen Ut,Toys,16634.42,True
P007543,Blue Est,Sports,18614.21,True
P005725,DarkBlue Repellendus,Books,1472.59,True
P010394,Thistle Eum,Beauty,2130.03,True
P004000,WhiteSmoke Harum,Toys,18118.32,True
P008456,SkyBlue Perspiciatis,Sports,9770.29,True
P013323,Extend Cross-Media Partnerships,Toys,FREE,True
P008186,Khaki Excepturi,Grocery,3410.34,True
P002605,Reinvent Robust Schemas,Toys,15838.53,True
P006726,PaleVioletRed Distinctio,Books,11657.3,True
P009600,HotPink Qui,Books,18583.49,True
P002554,DarkOliveGreen Illo,Fashion,7061.63,True
P010093,MintCream Facilis,Fashion,10211.27,True
P002693,DarkSlateGray Sunt,Grocery,23905.94,True
P014968,,Books,5304.16,True
P011723,RosyBrown Autem,Grocery,21000.82,True
P011497,SkyBlue Ea,Home,18797.35,True
P001246,AliceBlue Officiis,Grocery,18354.29,True
P008863,DarkSalmon Ab,Fashion,814.96,True
P003887,LightSalmon Laudantium,Fashion,4803.84,True
P007663,PaleVioletRed Deserunt,Beauty,5639.92,True
P010114,MediumVioletRed Ut,Books,16727.08,True
P002057,DarkMagenta Id,Grocery,7225.56,True
P003226,Teal Autem,Sports,16224.67,True
P008356,SeaShell Sed,Electronics,3675.97,True
P014295,Target Transparent Markets,Beauty,FREE,True
P004637,SaddleBrown Tempora,Toys,278.0,True
P007442,SeaGreen Asperiores,Home,7945.08,True
P010312,Tan Quos,Beauty,4610.71,True
P002519,Ivory Dolor,Grocery,6854.53,True
P010925,DimGray Error,Toys,6128.84,True
P004748,LimeGreen Nisi,Sports,23066.39,True
P009524,Black Repellat,Home,17700.84,True
P005980,MediumBlue Accusamus,Beauty,8835.68,True
P012432,Drive Plug-And-Play E-Tailers,Toys,FREE,True
P012989,Embrace E-Business Infrastructures,Fashion,FREE,True
P008005,Cyan Dolorem,Electronics,4310.44,True
P004760,LightGoldenRodYellow Fugiat,Toys,10594.27,True
P003247,Orange Occaecati,Electronics,2203.72,True
P009535,Sienna Est,Home,3265.61,True
P013798,Strategize B2B Infrastructures,Grocery,FREE,True
P001705,Ivory Accusamus,Fashion,21616.83,True
P000720,SkyBlue Est,Fashion,19399.27,True
P012546,,Electronics,16082.89,True
P002246,Purple Quas,Home,14921.03,True
P001043,AntiqueWhite Doloribus,Fashion,9285.8,True
P009000,GhostWhite Ad,Grocery,21510.08,True
P009819,MistyRose Incidunt,Beauty,9480.36,True
P004283,SlateGray Ex,Toys,8802.36,True
P011427,MidnightBlue Explicabo,Books,6110.04,True
P013705,,Sports,12526.85,True
P004696,Crimson Atque,Grocery,9404.29,True
P013729,Grow 24/7 Schemas,Books,-123.45686109183369,True
P002012,MediumVioletRed Perspiciatis,Toys,23251.99,True
P001779,LightSalmon Est,Sports,15713.58,True
P008118,MintCream Repellat,Grocery,313.41,True
P002287,Magenta Odit,Beauty,1154.2,True
P000437,PeachPuff Aspernatur,Electronics,15420.49,True
P014464,Maximize Rich E-Commerce,Beauty,-497.92528499999275,True
P010166,Chartreuse Adipisci,Electronics,11686.31,True
P009111,PeachPuff Modi,Sports,8023.96,True
P013493,Enable Front-End E-Business,Grocery,FREE,True
P000996,MediumSeaGreen Ducimus,Home,24080.77,True
P002175,IndianRed Id,Grocery,22665.82,True
P004842,Sienna Labore,Beauty,20535.57,True
P004839,Salmon Praesentium,Sports,18170.19,True
P008078,DarkOliveGreen Voluptas,Grocery,24434.12,True
P007466,Lavender Aliquid,Sports,24768.13,True
P008722,RoyalBlue Inventore,Fashion,3595.59,True
P007407,Fuchsia Non,Fashion,5206.82,True
P001031,PaleGreen Provident,Sports,16560.65,True
P004749,LightCyan Cupiditate,Grocery,14033.61,True
P000940,AliceBlue Exercitationem,Electronics,1012.74,True
P009931,Orchid Placeat,Electronics,16240.99,True
P010319,Black Exercitationem,Books,410.69,True
P014074,Deploy Bleeding-Edge Eyeballs,Sports,FREE,True
P003198,Red Omnis,Toys,21577.53,True
P006067,LightGray Cum,Electronics,4953.82,True
P010364,Chartreuse Neque,Toys,23741.3,True
P002457,Maroon Beatae,Toys,4130.92,True
P007326,DarkOrchid Eius,Sports,3050.94,True
P008805,WhiteSmoke Ipsam,Beauty,21855.02,True
P000086,Fuchsia Soluta,Books,9185.32,True
P014314,Harness Cutting-Edge Deliverables,Books,FREE,True
P008594,Olive Accusantium,Sports,1975.49,True
P002672,Aqua Soluta,Fashion,22821.82,True
P006958,LightPink Assumenda,Home,15751.95,True
P004517,DarkMagenta Laboriosam,Beauty,13327.69,True
P008049,PowderBlue Voluptatibus,Toys,23071.87,True
P003237,DarkTurquoise Fugiat,Grocery,7583.51,True
P003141,MidnightBlue Est,Electronics,8478.12,True
P009513,FloralWhite A,Beauty,22172.55,True
P001273,Salmon Culpa,Home,11366.86,True
P003662,WhiteSmoke Alias,Electronics,4333.64,True
P007012,DimGray Modi,Sports,20609.05,True
P012529,Streamline Front-End E-Tailers,Fashion,FREE,True
P004887,DimGray Aliquam,Fashion,2836.2,True
P004196,Bisque Delectus,Fashion,10872.72,True
P000335,Aquamarine Suscipit,Sports,17968.02,True
P006241,OrangeRed Dolor,Electronics,990.0,True
P011056,MistyRose Dolorum,Toys,6979.91,True
P006578,YellowGreen Expedita,Sports,2170.33,True
P005524,Lavender Perspiciatis,Home,21954.49,True
P014112,Enable Cross-Media Markets,Books,-84.2083027367246,True
P011610,Chocolate Necessitatibus,Home,14117.17,True
P004262,HotPink Facilis,Toys,21056.48,True
P002949,FireBrick Doloribus,Toys,22479.27,True
P010473,SaddleBrown Id,Sports,7376.59,True
P007300,LawnGreen Magnam,Fashion,8537.85,True
P011651,Ivory Culpa,Fashion,8133.91,True
P002417,Maroon Officia,Home,7694.85,True
P002154,Yellow Inventore,Fashion,5136.01,True
P004961,LightSteelBlue Distinctio,Electronics,729.58,True
P005848,LightBlue Reprehenderit,Fashion,5446.38,True
P009848,Transform Killer Roi,,23530.76,True
P011684,MidnightBlue Ab,Books,6010.66,True
P013448,Deploy Extensible Initiatives,Grocery,FREE,True
P007232,DarkOrange Quod,Sports,13106.04,True
P004857,PaleTurquoise Eligendi,Fashion,7509.21,True
P000807,DarkSlateGray Quos,Sports,4866.67,True
P004390,ForestGreen Vitae,Toys,15716.9,True
P000012,BlueViolet Placeat,Sports,14136.81,True
P013538,Whiteboard Front-End Metrics,Electronics,FREE,True
P000223,Linen Sed,Fashion,23823.04,True
P007271,DarkGray Ipsum,Electronics,19421.49,True
P013386,Empower Bleeding-Edge Deliverables,Electronics,FREE,True
P010659,PaleVioletRed Deserunt,Beauty,2521.88,True
P010491,Tan Dolore,Books,1550.13,True
P000384,DarkSeaGreen Laboriosam,Grocery,11435.08,True
P011483,GhostWhite Labore,Sports,7386.7,True
P010418,DarkBlue Fuga,Sports,4350.45,True
P012949,Streamline Impactful Users,Toys,-379.58497749384026,True
P002285,Embrace Magnetic Systems,Fashion,7498.29,True
P003576,Brown Est,Electronics,10882.59,True
P003242,FloralWhite Eius,Home,13578.1,True
P009479,Moccasin Blanditiis,Grocery,22461.75,True
P003912,PaleTurquoise Distinctio,Home,1645.34,True
P011489,MediumSpringGreen Error,Grocery,20114.83,True
P010030,LimeGreen Voluptate,Electronics,11196.68,True
P009187,FireBrick Quam,Home,7672.49,True
P010582,Cyan Provident,Sports,24660.77,True
P013361,Transform Impactful Vortals,Toys,-160.2097938343051,True
P007565,Tan Pariatur,Beauty,11100.22,True
P012638,,Beauty,3096.55,True
P013879,E-Enable Intuitive Bandwidth,Fashion,-814.438841442905,True
P006198,Black Sequi,Books,3166.14,True
P005406,Magenta Dolores,Fashion,10973.88,True
P010688,OldLace Et,Toys,13595.98,True
P013261,,Sports,8128.87,True
P009775,WhiteSmoke Ipsam,Home,11065.8,True
P008123,Tan Architecto,Fashion,20869.34,True
P006257,PaleVioletRed Veniam,Beauty,2623.14,True
P013475,Reinvent Compelling Users,Home,FREE,True
P010345,SeaGreen Voluptate,Grocery,13695.2,True
P006857,Fuchsia Incidunt,Grocery,1847.53,True
P003067,DimGray Est,Beauty,21263.26,True
P001322,DarkSlateGray Animi,Books,7624.54,True
P014151,Re-Intermediate Synergistic Metrics,Books,-694.9120968499567,True
P002479,LightSkyBlue Quasi,Grocery,11578.59,True
P010136,BurlyWood Deleniti,Electronics,20756.7,True
P009662,DarkOrchid Enim,Grocery,24665.58,True
P009716,Chocolate Corrupti,Beauty,2521.12,True
P004662,BlanchedAlmond Voluptate,Toys,16714.55,True
P005620,SlateBlue Ratione,Books,7592.17,True
P003597,LightSteelBlue Debitis,Grocery,21234.38,True
P003464,Indigo Harum,Books,20894.36,True
P013341,Synergize Web-Enabled Experiences,Grocery,-288.9994726299749,True
P003742,LawnGreen Officiis,Grocery,4517.96,True
P011757,Gainsboro Laudantium,Grocery,2195.05,True
P002117,RosyBrown Ratione,Toys,19350.86,True
P005108,MediumVioletRed Repellendus,Sports,10960.08,True
P007657,CornflowerBlue Quo,Beauty,176.87,True
P013704,,Beauty,23519.82,True
P013993,Orchestrate Out-Of-The-Box Systems,Books,-173.7024702714274,True
P006523,Turquoise Necessitatibus,Grocery,2419.33,True
P001259,AliceBlue Dignissimos,Toys,10848.65,True
P008449,Plum Veniam,Sports,19291.02,True
P011608,Fuchsia Inventore,Books,280.57,True
P009330,DarkSalmon Aperiam,Books,560.97,True
P004873,SkyBlue Magnam,Sports,11355.25,True
P010621,DarkBlue Tempore,Fashion,5631.22,True
P014191,,Sports,14190.91,True
P013977,Transform Plug-And-Play Roi,Sports,-472.69417761952246,True
P011707,HoneyDew Omnis,Sports,23685.32,True
P001849,Gainsboro Iure,Electronics,16976.33,True
P003809,Sienna Quis,Fashion,4617.97,True
P000614,Beige Laborum,Sports,17972.64,True
P009089,CornflowerBlue Minus,Fashion,17238.06,True
P012961,Strategize Open-Source Bandwidth,Home,-468.8222312495769,True
P009671,Brown Fuga,Books,1776.46,True
P011629,BlanchedAlmond Dolorem,Books,10424.35,True
P003457,Red Vel,Sports,1307.07,True
P013761,Target 24/7 Communities,Sports,-736.4067917233887,True
P010982,DarkSeaGreen Alias,Electronics,20628.46,True
P003588,LightPink Commodi,Grocery,10918.97,True
P005814,DarkRed Dignissimos,Books,3278.96,True
P007037,Teal Dolore,Fashion,14699.51,True
P009493,LightGoldenRodYellow Quam,Toys,18675.74,True
P006603,Indigo Aspernatur,Grocery,6528.48,True
P006919,PowderBlue Quos,Fashion,17771.82,True
P004237,Teal Pariatur,Electronics,17323.92,True
P011068,Thistle Animi,Toys,1016.84,True
P005552,DarkSeaGreen Blanditiis,Books,10958.75,True
P000759,WhiteSmoke Beatae,Books,15009.75,True
P004639,LightCyan Perspiciatis,Fashion,8877.97,True
P008350,LightSalmon Animi,Grocery,5138.0,True
P000864,MediumAquaMarine Quisquam,Fashion,20518.56,True
P001871,Tan Culpa,Books,16292.06,True
P006743,Thistle Deserunt,Home,17057.13,True
P005055,Aquamarine Itaque,Sports,9869.27,True
P000269,Blue Quidem,Toys,12569.66,True
P010232,DarkTurquoise In,Books,19745.35,True
P004289,BlueViolet Assumenda,Electronics,15416.38,True
P006185,DarkSlateBlue Illo,Sports,22771.95,True
P000242,LightSlateGray Veniam,Books,12419.39,True
P010997,DarkGoldenRod Enim,Electronics,11987.14,True
P013907,Harness Cutting-Edge Networks,Home,FREE,True
P009936,BlueViolet Veniam,Toys,15073.7,True
P011907,LightSeaGreen Quos,Books,14753.46,True
P009307,Synthesize Frictionless Metrics,Home,24205.55,True
P012718,,Sports,5000.16,True
P007129,Ivory Exercitationem,Toys,9827.59,True
P000685,Blue Perferendis,Grocery,4922.56,True
P007717,Harness Leading-Edge Solutions,Beauty,5851.39,True
P005550,Chocolate Ullam,Grocery,18085.91,True
P011650,LightGreen Sit,Toys,15951.03,True
P008632,MediumAquaMarine Dolorum,Toys,3280.98,True
P009904,OrangeRed Incidunt,Electronics,15608.7,True
P001158,Khaki Doloribus,Home,7576.12,True
P000136,Incentivize Best-Of-Breed Vortals,Electronics,3004.5,True
P012006,Envisioneer Scalable Infrastructures,Electronics,FREE,True
P009059,Yellow Quod,Electronics,18616.24,True
P008492,Green Adipisci,Fashion,21878.3,True
P012310,Leverage Clicks-And-Mortar Action-Items,,FREE,True
P009436,Maximize Interactive Info-Mediaries,Home,2222.11,True
P002778,DarkOliveGreen Corporis,Beauty,1655.66,True
P008813,Chartreuse Temporibus,Home,24925.88,True
P005230,MediumTurquoise Aspernatur,Beauty,17426.5,True
P008681,DimGray Iusto,Beauty,16618.27,True
P001088,Bisque Vitae,Fashion,4911.61,True
P009560,LightPink Suscipit,Books,3695.25,True
P010866,MediumSlateBlue Dolorem,Books,16993.8,True
P009722,SeaShell Dolore,Books,11956.71,True
P004544,SaddleBrown Itaque,Grocery,20674.84,True
P008432,FloralWhite Architecto,Home,1344.05,True
P013978,Aggregate Granular Niches,,-882.6438730903593,True
P007598,Cornsilk Accusamus,Sports,8864.84,True
P009792,MediumSpringGreen Sit,Sports,9341.08,True
P014566,Brand Compelling Interfaces,Sports,-812.2205536556526,True
P005518,IndianRed Dolorum,Sports,15756.33,True
P010745,Turquoise Corrupti,Home,14423.22,True
P006306,GreenYellow Facilis,Beauty,2414.64,True
P006440,DarkRed Odio,Fashion,23445.76,True
P011160,Chartreuse Accusamus,Beauty,22880.8,True
P000123,LightCyan Necessitatibus,Home,10232.36,True
P014954,,Toys,14741.66,True
P011123,Lavender Porro,Fashion,10752.6,True
P009007,SeaGreen Repellendus,Beauty,5706.85,True
P001935,YellowGreen Similique,Sports,6697.15,True
P004332,LightGoldenRodYellow Quasi,Sports,13697.79,True
P001857,Sienna Ex,Toys,19442.69,True
P001397,MediumBlue Nihil,Toys,11758.62,True
P000799,DarkOliveGreen Dignissimos,Sports,4775.07,True
P008185,SkyBlue Culpa,Electronics,10979.84,True
P011117,PapayaWhip Veniam,Home,4667.26,True
P006939,PeachPuff Sequi,Beauty,17574.16,True
P010325,MediumSlateBlue Quaerat,Grocery,16639.73,True
P009971,SaddleBrown Doloremque,Beauty,2441.55,True
P008104,MediumAquaMarine Esse,Sports,7373.91,True
P005194,LightGray Nihil,Electronics,5836.02,True
P004105,RoyalBlue Praesentium,Toys,20329.65,True
P009159,DarkRed Cupiditate,Home,13948.14,True
P003257,Olive Hic,Home,21825.01,True
P003905,SeaGreen Temporibus,Books,9801.5,True
P002641,SteelBlue Harum,Sports,14868.8,True
P011357,Orchid Quas,Toys,1411.86,True
P009607,Cyan Enim,Grocery,6690.19,True
P014693,,Home,1598.56,True
P004999,WhiteSmoke Delectus,Grocery,20086.87,True
P014900,Empower Efficient E-Commerce,Toys,-382.36857593329796,True
P014518,Orchestrate Synergistic Networks,Beauty,FREE,True
P004509,Azure Tenetur,Home,23169.5,True
P004017,DarkSalmon Fuga,Electronics,7414.76,True
P006622,RoyalBlue Quia,Electronics,658.46,True
P013183,,Electronics,11902.93,True
P010570,Harness 24/7 Info-Mediaries,,22782.72,True
P012827,Enhance Cross-Media Platforms,Books,-694.4467103358246,True
P005018,LimeGreen Sed,Home,5158.57,True
P013404,Scale Transparent Systems,Beauty,-629.6027892578991,True
P014089,Implement Synergistic Models,Fashion,FREE,True
P011252,DarkSalmon Ipsam,Books,3029.12,True
P002795,Tan Distinctio,Books,11386.67,True
P009809,RoyalBlue Sapiente,Sports,6990.72,True
P010430,DarkBlue Ipsum,Beauty,630.44,True
P009678,LightBlue Aliquid,Electronics,20662.9,True
P013836,,Beauty,24110.98,True
P006980,Cornsilk Quibusdam,Grocery,17382.73,True
P011610,Visualize B2C Schemas,Electronics,18983.28,True
P009956,PowderBlue Mollitia,Home,3144.84,True
P007584,Aquamarine Doloribus,Grocery,9804.36,True
P007395,Fuchsia Incidunt,Grocery,24050.35,True
P004681,LimeGreen Molestias,Electronics,5179.34,True
P013172,Benchmark Customized E-Business,Beauty,FREE,True
P014875,Generate Open-Source Supply-Chains,Toys,-871.5695708524678,True
P010674,SpringGreen Facilis,Books,13113.52,True
P012955,,Fashion,12939.29,True
P002350,Indigo Dolores,Home,3736.91,True
P004731,SeaShell Harum,Electronics,12272.35,True
P007288,FireBrick Odio,Fashion,13850.62,True
P008643,Violet Fugit,Books,2280.75,True
P005266,Mesh Back-End Supply-Chains,Beauty,2813.5,True
P001676,DarkMagenta Temporibus,Grocery,6609.69,True
P013862,,Home,1035.56,True
P003718,DarkMagenta Ipsam,Toys,24665.25,True
P007467,DarkOrange Magni,Beauty,23074.36,True
P013126,,Beauty,11332.68,True
P012058,,Beauty,4461.35,True
P003351,MediumVioletRed Iure,Fashion,20207.85,True
P010173,WhiteSmoke Numquam,Grocery,8774.56,True
P014272,Synergize Viral Communities,,-601.3741175052761,True
P010593,DarkTurquoise Velit,Fashion,20210.78,True
P002846,DarkOrchid Velit,Grocery,9894.91,True
P007224,OrangeRed Quae,Beauty,9002.8,True
P010251,RoyalBlue Corrupti,Electronics,12222.97,True
P001673,DarkOliveGreen In,Fashion,19581.45,True
P003558,Crimson Sapiente,Electronics,18462.97,True
P008686,MistyRose Harum,Electronics,8968.5,True
P007052,Plum Temporibus,Books,6736.2,True
P007915,DarkGreen Minus,Electronics,10812.03,True
P010259,Enable Leading-Edge Metrics,Fashion,4122.68,True
P006357,FireBrick Dolore,Fashion,16238.95,True
P008819,MidnightBlue Vitae,Grocery,6752.75,True
P000877,Gainsboro Repellat,Books,6887.81,True
P010568,Gray Dolorum,Sports,17571.0,True
P008603,SeaGreen Officiis,Books,2743.18,True
P003297,Bisque Quo,Books,20729.78,True
P000077,Evolve Mission-Critical Partnerships,Beauty,16989.87,True
P005162,SkyBlue Eveniet,Grocery,9824.99,True
P011120,DarkMagenta Neque,Grocery,8715.81,True
P010996,DarkSeaGreen Nostrum,Sports,15180.01,True
P002167,DarkTurquoise Sunt,Sports,10203.23,True
P005303,MediumPurple A,Sports,14870.04,True
P000905,Silver Odio,Electronics,7113.82,True
P010832,Matrix Dot-Com Systems,,22282.5,True
P008906,DarkSlateGray Suscipit,Electronics,19321.48,True
P012227,,Beauty,3824.37,True
P000962,DeepPink Repudiandae,Grocery,21898.39,True
P004037,LightCoral Officiis,Beauty,14250.58,True
P002431,Tomato Incidunt,Toys,7879.94,True
P001493,Optimize Open-Source Action-Items,Sports,20119.39,True
P001503,Salmon Enim,Home,11372.74,True
P009405,SpringGreen Rerum,Electronics,5047.6,True
P012870,Evolve Enterprise Schemas,Sports,FREE,True
P008174,FloralWhite Saepe,Books,13972.52,True
P005887,DeepSkyBlue Optio,Books,10241.4,True
P012840,Generate Proactive Experiences,Fashion,-960.9138872577993,True
P004603,LightBlue Exercitationem,Grocery,2580.33,True
P003840,SlateGray Doloremque,Beauty,9254.02,True
P012207,,Toys,12401.31,True
P001356,SeaShell Fugiat,Home,790.37,True
P005371,PapayaWhip Expedita,Electronics,3089.1,True
P003623,LimeGreen Sed,Beauty,18140.59,True
P004730,Plum Quis,Beauty,13245.14,True
P006831,Beige Maiores,Sports,12670.32,True
P012091,Grow Scalable Deliverables,,-967.9022522759478,True
P001018,LightSalmon Voluptates,Home,16125.26,True
P006329,Beige Quae,Toys,22756.92,True
P009196,Yellow Magni,Toys,10328.35,True
P009292,LightCoral Autem,Beauty,7070.81,True
P013518,Monetize Cutting-Edge Markets,,-108.54435080242818,True
P008462,Wheat Nihil,Books,5333.67,True
P000988,BlueViolet Repellendus,Toys,19148.71,True
P009370,OliveDrab Dicta,Fashion,5252.75,True
P010569,MistyRose Error,Electronics,8826.86,True
P006518,MediumPurple Ipsam,Books,3631.4,True
P007547,SlateBlue Temporibus,Sports,16261.83,True
P014580,Iterate Distributed Web Services,,FREE,True
P006832,SkyBlue Nam,Books,1285.2,True
P010234,LightSalmon Rem,Beauty,4786.12,True
P009802,Scale Compelling Applications,,11994.65,True
P006950,Thistle Ad,Home,20637.65,True
P010870,DarkRed Libero,Books,7942.21,True
P014989,,Books,1333.59,True
P003276,LightGray Possimus,Home,1080.88,True
P007298,DarkKhaki Nobis,Beauty,6375.34,True
P008569,Cornsilk Officia,Books,1160.79,True
P014828,Strategize Synergistic Solutions,Beauty,-906.5787833253221,True
P011647,SeaGreen Et,Electronics,16947.1,True
P001104,Cyan Modi,Grocery,21623.7,True
P010631,Purple Exercitationem,Beauty,21973.71,True
P003006,White Quis,Sports,19971.56,True
P009488,GoldenRod Necessitatibus,Beauty,5498.26,True
P014686,,Sports,1605.96,True
P006849,Silver Dolores,Grocery,3056.88,True
P006184,LightGray Sapiente,Sports,17629.71,True
P009965,Gold Iure,Grocery,19524.97,True
P002419,SkyBlue At,Books,3939.8,True
P013891,Synergize Turn-Key Portals,Sports,-157.08340262669196,True
P011568,RoyalBlue Unde,Toys,9152.31,True
P006884,RoyalBlue Maiores,Toys,24429.17,True
P010959,DarkSlateGray Aut,Sports,12790.15,True
P008653,RoyalBlue Maxime,Sports,15944.66,True
P008097,LightSteelBlue Exercitationem,Books,11966.45,True
P007018,CornflowerBlue Molestias,Toys,22325.69,True
P000005,DarkRed Sequi,Electronics,20067.45,True
P002557,Magenta Possimus,Beauty,5297.53,True
P003828,BlueViolet Error,Home,19124.41,True
P012956,Brand Granular Relationships,Sports,-987.5766080566647,True
P012990,,Grocery,18483.5,True
P001548,Benchmark Dot-Com Systems,Fashion,3074.98,True
P008770,RosyBrown Distinctio,Fashion,14190.82,True
P008213,CadetBlue Eveniet,Electronics,23262.41,True
P010347,RosyBrown Architecto,Grocery,19361.86,True
P012071,,Electronics,5447.54,True
P006142,DarkViolet Ut,Fashion,14241.11,True
P007566,Wheat Voluptatibus,Electronics,4339.0,True
P004755,Enable Back-End Infrastructures,Sports,2125.48,True
P012698,Facilitate Distributed Convergence,Home,FREE,True
P008388,MintCream Officiis,Toys,10641.87,True
P013206,Disintermediate Strategic Architectures,Electronics,-698.1893881033188,True
P007274,Olive Voluptatum,Grocery,19480.87,True
P008646,Tan Natus,Sports,12505.34,True
P004843,OliveDrab Natus,Sports,16501.87,True
P008223,Orchestrate Front-End Architectures,Home,13626.43,True
P005975,DarkOrchid Autem,Fashion,13971.32,True
P001536,Aquamarine Non,Beauty,10861.34,True
P005401,PowderBlue Necessitatibus,Home,12017.91,True
P006889,MediumAquaMarine Ea,Sports,19962.33,True
P008501,DarkTurquoise Dicta,Toys,21211.42,True
P006852,SlateBlue Corrupti,Electronics,5709.74,True
P007546,Facilitate Extensible Vortals,Fashion,16444.79,True
P002857,OrangeRed Maiores,Grocery,23736.09,True
P014855,Maximize Collaborative Methodologies,Sports,FREE,True
P005261,RosyBrown Iure,Toys,17388.85,True
P005590,Silver Tempore,Beauty,6001.3,True
P000296,Gainsboro Quia,Electronics,3718.81,True
P011762,DarkCyan Eum,Toys,24701.48,True
P010561,LightSalmon Itaque,Fashion,18502.13,True
P003568,Black Ratione,Home,9799.17,True
P001343,Gray Nemo,Toys,13395.64,True
P011433,CadetBlue Quibusdam,Beauty,16080.27,True
P001909,IndianRed Nisi,Electronics,18788.18,True
P011686,Fuchsia Saepe,Home,956.01,True
P004129,Blue Maiores,Grocery,5689.62,True
P010324,Wheat Iste,Beauty,286.16,True
P007879,Drive End-To-End Networks,Home,17062.7,True
P003338,Beige Quam,Grocery,4777.88,True
P005985,LemonChiffon Cupiditate,Toys,13893.57,True
P012339,,Grocery,9146.53,True
P003747,ForestGreen Optio,Sports,13954.7,True
P009164,DeepPink Distinctio,Beauty,4876.7,True
P001071,DarkSlateBlue Deleniti,Beauty,19110.94,True
P009399,Turquoise Odit,Electronics,1871.41,True
P014619,Embrace Innovative E-Markets,Books,FREE,True
P005710,Grow Turn-Key Platforms,,10139.34,True
P007846,AliceBlue Provident,Sports,2107.27,True
P011927,DimGray Nulla,Home,856.21,True
P010645,Indigo Non,Books,4394.66,True
P000038,Gainsboro Animi,Home,17303.39,True
P006248,OrangeRed Doloremque,Books,24159.26,True
P006078,Ivory Eius,Electronics,19069.31,True
P005520,Red In,Sports,3165.85,True
P009984,E-Enable Enterprise Metrics,Books,20277.79,True
P001486,Cyan Consectetur,Books,24390.68,True
P001080,SlateGray Nam,Fashion,20922.25,True
P006310,DarkSalmon Quibusdam,Electronics,8261.22,True
P005384,GoldenRod Quibusdam,Home,22911.68,True
P003240,Grow Mission-Critical E-Commerce,Grocery,12552.59,True
P005500,SteelBlue At,Fashion,8619.75,True
P001324,SlateGray Modi,Toys,19861.0,True
P014356,Enhance Robust E-Services,Home,-804.9607357706778,True
P007146,BlanchedAlmond Reiciendis,Toys,21654.2,True
P004490,FloralWhite Ab,Grocery,21198.16,True
P004854,Aquamarine Odit,Sports,20629.21,True
P007197,LightSkyBlue Cupiditate,Books,10058.96,True
P008329,SteelBlue Necessitatibus,Books,5137.23,True
P000622,Purple Laborum,Beauty,9400.15,True
P008062,Gold Nam,Electronics,13965.55,True
P008739,DarkOrange Non,Grocery,18840.14,True
P007909,NavajoWhite Tempora,Beauty,14193.44,True
P010998,LightBlue Atque,Home,13178.49,True
P010160,SeaShell Nihil,Fashion,1964.11,True
P013650,,Grocery,6014.28,True
P005529,SaddleBrown Facilis,Home,9021.49,True
P006109,Cornsilk Autem,Beauty,15628.26,True
P005072,GhostWhite Incidunt,Grocery,9297.34,True
P000809,BurlyWood Nemo,Fashion,17944.38,True
P005477,Moccasin Repudiandae,Fashion,7600.2,True
P000579,DodgerBlue Dolorum,Fashion,20237.95,True
P001642,LavenderBlush Beatae,Toys,21082.17,True
P014402,Benchmark Synergistic Initiatives,Books,FREE,True
P010370,MediumPurple Consequuntur,Home,767.45,True
P006879,MidnightBlue Quod,Electronics,19228.3,True
P008844,Fuchsia Ullam,Fashion,12699.66,True
P005049,DarkBlue Eligendi,Home,22407.55,True
P006615,Tomato Itaque,Toys,6791.7,True
P012050,,Electronics,54.29,True
P006741,Tan Culpa,Grocery,3542.45,True
P005771,LightGreen Impedit,Beauty,23373.83,True
P007648,Bisque Laboriosam,Books,7258.76,True
P009869,FloralWhite Quo,Electronics,6019.92,True
P012537,Facilitate Vertical Synergies,Beauty,FREE,True
P014696,Engineer Interactive Initiatives,Electronics,-438.8387691367873,True
P009302,SaddleBrown Incidunt,Grocery,11937.46,True
P007445,Cyan Sequi,Grocery,7255.81,True
P008976,Cornsilk Modi,Fashion,1958.85,True
P008933,SteelBlue Dolorem,Grocery,5954.42,True
P002821,Strategize 24/365 Portals,Sports,21554.1,True
P012100,Streamline Frictionless Supply-Chains,Books,-253.5863130554276,True
P014620,,Books,9379.36,True
P013550,,Electronics,8176.49,True
P009463,White Provident,Beauty,4841.45,True
P011077,HoneyDew Iure,Books,19347.8,True
P004902,DarkSlateGray Qui,Beauty,16275.47,True
P012001,Scale Collaborative Models,Books,-203.28414280282098,True
P011041,MistyRose Nostrum,Books,17802.35,True
P000777,MistyRose Quasi,Home,9843.29,True
P000281,WhiteSmoke Aliquam,Fashion,10961.46,True
P001489,MediumAquaMarine Maiores,Sports,15861.11,True
P006052,LemonChiffon Ea,Books,19233.47,True
P010584,HoneyDew Vitae,Fashion,18715.34,True
P006353,LightSalmon Corrupti,Toys,1487.97,True
P003154,LightGreen Molestiae,Electronics,20320.82,True
P003365,LightGreen Quas,Sports,17964.62,True
P006905,DarkOliveGreen Quidem,Home,1892.96,True
P003551,LightSlateGray Blanditiis,Toys,17253.16,True
P011249,IndianRed Incidunt,Toys,23820.09,True
P008810,Coral Dolor,Toys,10668.15,True
P014786,,Home,1532.57,True
P004159,Sienna Non,Electronics,16476.29,True
P006234,PaleVioletRed Dolorum,Electronics,22122.61,True
P010724,Fuchsia Commodi,Electronics,11665.15,True
P013612,,Home,11667.05,True
P000772,Coral Iusto,Toys,18877.8,True
P004946,Violet Tenetur,Toys,21215.1,True
P004646,Khaki Voluptatum,Electronics,18132.7,True
P013922,,Fashion,22127.43,True
P007051,Salmon Ipsa,Sports,1387.14,True
P000616,Indigo Consectetur,Beauty,21283.2,True
P007229,MidnightBlue Doloremque,Sports,9659.68,True
P002623,MediumTurquoise Ad,Electronics,11094.13,True
P009558,SteelBlue Error,Books,17161.83,True
P009555,ForestGreen Sit,Home,7964.65,True
P011325,OldLace Possimus,Grocery,2445.54,True
P010301,Ivory Corrupti,Books,8547.72,True
P011507,OldLace Unde,Beauty,13545.79,True
P008252,DimGray Ipsum,Electronics,14313.06,True
P003162,DarkSeaGreen Amet,Sports,5226.25,True
P013675,Transition Magnetic Portals,Beauty,-775.0032076074199,True
P000769,MediumTurquoise Culpa,Fashion,16492.61,True
P001344,AntiqueWhite Saepe,Toys,8622.17,True
P011185,DarkSalmon Omnis,Sports,3579.17,True
P011191,Engineer Dynamic Applications,Grocery,8840.35,True
P014418,Evolve Cross-Media Channels,Fashion,FREE,True
P002749,DarkSlateBlue Quae,Sports,7996.42,True
P002510,Beige Magnam,Sports,14361.75,True
P013428,Benchmark Intuitive Web-Readiness,Grocery,-573.1060053215311,True
P004561,Engineer Customized Functionalities,Sports,15633.28,True
P006567,LightSlateGray Hic,Electronics,20942.22,True
P014366,,,11431.98,True
P007737,Turquoise Porro,Sports,24320.78,True
P000928,Aqua Voluptas,Electronics,8663.25,True
P010411,DodgerBlue Debitis,Toys,20105.07,True
P002301,OldLace Pariatur,Toys,22529.65,True
P009944,MistyRose Voluptatem,Toys,7162.59,True
P006533,Magenta Accusantium,Electronics,5670.6,True
P013066,,Fashion,16280.07,True
P006456,Gold Qui,Electronics,12546.61,True
P009840,Facilitate User-Centric Platforms,Grocery,2994.37,True
P013294,Enable Back-End Deliverables,,FREE,True
P001692,MediumSpringGreen Sed,Beauty,20830.07,True
P009066,Purple Et,Home,22549.35,True
P004094,DimGray Hic,Toys,17189.05,True
P013697,,Fashion,18861.78,True
P010860,SaddleBrown Eligendi,Sports,13275.46,True
P003096,Cyan Itaque,Sports,4933.32,True
P003802,BlanchedAlmond Quasi,Sports,20295.21,True
P011490,MidnightBlue Velit,Fashion,24615.68,True
P002695,Indigo Adipisci,Books,18412.69,True
P014734,Cultivate Plug-And-Play Architectures,,FREE,True
P000900,Benchmark E-Business E-Business,Home,23626.32,True
P010192,MintCream Impedit,Electronics,7431.69,True
P008649,Salmon Excepturi,Home,24172.5,True
P011961,SeaGreen Nobis,Fashion,15394.83,True
P007575,RoyalBlue Vero,Sports,6949.79,True
P001163,BlanchedAlmond Similique,Sports,3025.54,True
P013513,Productize Magnetic Platforms,Grocery,FREE,True
P005736,OldLace Ullam,Sports,6182.34,True
P014416,Productize Collaborative Markets,Books,-118.68655855271174,True
P007059,Deliver Plug-And-Play Channels,Beauty,5941.21,True
P002882,MediumSlateBlue Eligendi,Electronics,22171.33,True
P000501,Aqua Iure,Books,16959.74,True
P003561,SlateGray Optio,Electronics,10756.49,True
P010034,Gainsboro Repudiandae,Sports,19477.55,True
P004762,SaddleBrown Corrupti,Toys,16454.72,True
P010479,LightSlateGray Voluptas,Grocery,12280.07,True
P008930,PapayaWhip Tempore,Home,4905.64,True
P013739,Incubate Mission-Critical Methodologies,Books,FREE,True
P010458,ForestGreen Corporis,Grocery,668.39,True
P008027,Salmon Accusamus,Beauty,13655.21,True
P014228,,Beauty,4855.37,True
P013462,Iterate Mission-Critical Web-Readiness,Sports,-440.48766645136055,True
P003016,Black Excepturi,Sports,14093.34,True
P006152,RosyBrown Veritatis,Electronics,6782.4,True
P006988,SeaShell Itaque,Beauty,1125.06,True
P009442,Purple Vel,Toys,13828.3,True
P010791,Silver Quas,Electronics,23215.34,True
P000156,Deploy Best-Of-Breed Relationships,Beauty,13233.53,True
P010168,Magenta Sit,Grocery,18148.27,True
P010915,LightCoral Ducimus,Electronics,24781.75,True
P013133,Reinvent Holistic E-Services,Books,FREE,True
P009514,Silver Beatae,Sports,5156.89,True
P008589,LightSlateGray Illo,Beauty,10681.43,True
P007174,DarkGray Eaque,Beauty,10709.81,True
P002523,MistyRose Voluptatum,Beauty,23920.41,True
P007089,Red Quibusdam,Electronics,18468.91,True
P010381,Linen Possimus,Grocery,7982.19,True
P001040,Navy Possimus,Beauty,10309.33,True
P007102,LemonChiffon Voluptate,Toys,3711.47,True
P000201,AliceBlue Porro,Home,6053.29,True
P007192,LightSeaGreen Eos,Fashion,11135.9,True
P009346,MediumBlue Sint,Sports,8481.19,True
P000922,Turquoise Hic,Beauty,1891.68,True
P008995,Purple Facere,Electronics,13255.4,True
P009183,Bisque Repellat,Home,16276.41,True
P002079,AntiqueWhite Temporibus,Toys,8110.97,True
P004458,AntiqueWhite Quam,Grocery,19089.7,True
P012888,Synthesize Transparent Communities,Home,FREE,True
P005895,Navy Sint,Fashion,16511.31,True
P001016,DarkSalmon Ullam,Electronics,3695.68,True
P002902,CornflowerBlue Ab,Toys,24371.99,True
P003904,DarkKhaki Id,Fashion,22044.66,True
P001284,BlanchedAlmond Recusandae,Grocery,3873.16,True
P003695,RosyBrown Repudiandae,Grocery,2752.91,True
P008443,LightCoral Nihil,Grocery,18733.91,True
P003330,LightSteelBlue Ipsa,Home,24331.42,True
P006792,Azure Nihil,Home,11081.45,True
P000505,GhostWhite Iusto,Fashion,9426.88,True
P004924,WhiteSmoke Molestias,Grocery,9078.61,True
P003149,Orchid Magni,Grocery,5019.38,True
P004335,Beige Sed,Beauty,19480.93,True
P002143,MintCream Voluptatem,Sports,18671.91,True
P011751,IndianRed Quam,Toys,5274.67,True
P004421,Indigo Fuga,Grocery,8465.31,True
P013941,,Grocery,15881.71,True
P010227,SlateGray Inventore,Fashion,9934.49,True
P012384,Visualize Open-Source Content,Fashion,-404.8037510734551,True
P010554,Blue Accusamus,Fashion,14189.32,True
P012683,,Electronics,13459.56,True
P006566,DarkOliveGreen In,Toys,11679.91,True
P008865,Ivory Officiis,Sports,12800.55,True
P000713,DeepSkyBlue Unde,Home,22818.61,True
P000461,Khaki Quasi,Home,8009.26,True
P008518,Empower Back-End E-Tailers,Electronics,6166.58,True
P002621,LightPink Saepe,Electronics,22647.34,True
P008948,Bisque Quae,Grocery,16146.43,True
P014716,Transition Out-Of-The-Box Initiatives,Home,FREE,True
P007100,RoyalBlue Veritatis,Beauty,3706.21,True
P000275,Aqua Quo,Electronics,7846.25,True
P005778,Fuchsia Eos,Grocery,18601.12,True
P010505,DarkMagenta Voluptates,Beauty,24309.68,True
P007840,PaleVioletRed Iste,Electronics,1151.01,True
P000601,DarkMagenta Optio,Books,14859.21,True
P003430,LightPink Quis,Home,12374.55,True
P006922,AliceBlue Deleniti,Books,10833.76,True
P000474,MediumVioletRed Modi,Toys,1137.41,True
P001805,Ivory Nihil,Home,15861.35,True
P012845,Mesh Innovative Roi,,-521.9381902588538,True
P002810,Gold Vero,Fashion,17925.76,True
P006103,LightYellow Doloribus,Sports,438.75,True
P004602,NavajoWhite Praesentium,Books,18494.42,True
P012809,E-Enable B2B Systems,Fashion,-856.4478152470289,True
P006769,Blue Tempore,Electronics,2921.99,True
P005760,AliceBlue Enim,Electronics,3854.82,True
P001989,Green Voluptate,Grocery,2745.49,True
P002271,HotPink Deserunt,Sports,8682.54,True
P004753,White Fugiat,Sports,3886.09,True
P013099,Generate Distributed Paradigms,Books,FREE,True
P000723,RosyBrown Quisquam,Electronics,7218.53,True
P006592,Chocolate Porro,Toys,651.35,True
P002994,Azure Architecto,Books,3945.68,True
P000037,DarkGoldenRod Numquam,Beauty,15056.83,True
P011752,IndianRed Dolor,Sports,13503.36,True
P008910,Drive Front-End Convergence,Grocery,11370.51,True
P012617,Transform Strategic E-Commerce,Beauty,-257.1822858012247,True
P000555,Repurpose Global Architectures,Sports,562.1,True
P014068,Integrate Cross-Platform Models,Home,FREE,True
P012769,,Toys,12016.17,True
P006418,Maroon Porro,Toys,4663.92,True
P000329,LightSlateGray Similique,Grocery,5906.67,True
P006581,PaleTurquoise Quibusdam,Home,20163.98,True
P011389,DarkSlateGray Quae,Toys,13401.95,True
P009905,Lime Temporibus,Beauty,23735.0,True
P004413,Maroon Aliquid,Fashion,3925.11,True
P000870,Maroon Praesentium,Grocery,8125.93,True
P006906,Cyan Id,Toys,10574.72,True
P001760,IndianRed Optio,Grocery,9790.06,True
P006620,Cornsilk Odit,Grocery,12646.61,True
P002663,Beige Numquam,Beauty,7163.78,True
P002540,Pink Temporibus,Electronics,16235.29,True
P004425,LightSkyBlue Molestiae,Grocery,18152.59,True
P003851,Aquamarine Est,Toys,2321.32,True
P006298,Chocolate Aliquam,Beauty,12137.42,True
P010240,Generate Granular Supply-Chains,Grocery,10921.76,True
P010182,RoyalBlue Maxime,Grocery,21784.71,True
P010435,Leverage Efficient E-Services,Home,7755.43,True
P014823,Reinvent Next-Generation E-Business,,FREE,True
P004357,DimGray Repudiandae,Home,14963.21,True
P005007,LavenderBlush Optio,Toys,15645.76,True
P013164,,,13464.85,True
P008940,NavajoWhite Quasi,Home,5282.99,True
P011354,Engineer Impactful Infrastructures,Toys,22627.6,True
P013036,,Books,6669.42,True
P014406,Redefine Sticky Channels,Home,FREE,True
P009838,Expedite Dynamic Roi,Fashion,7101.52,True
P008184,IndianRed Deserunt,Electronics,1496.05,True
P004874,Magenta Vero,Beauty,10013.32,True
P006233,Integrate Efficient Technologies,Electronics,7097.93,True
P014141,Scale Killer Convergence,Sports,-367.3236952953126,True
P003114,LightSalmon Harum,Beauty,19951.69,True
P006446,DarkSlateGray Inventore,Electronics,20295.31,True
P002967,Cyan Modi,Fashion,19576.22,True
P009269,Green Quod,Toys,10875.44,True
P002982,LavenderBlush Ad,Toys,8646.94,True
P006135,OldLace Accusamus,Fashion,21223.03,True
P005491,NavajoWhite Placeat,Grocery,8365.3,True
P002192,Generate Cross-Platform Platforms,,3871.05,True
P001947,White Laudantium,Electronics,17684.09,True
P005832,DarkGoldenRod Excepturi,Grocery,1079.48,True
P008007,Silver Esse,Beauty,23723.23,True
P000020,Tan Culpa,Home,3341.0,True
P002567,PaleGreen Pariatur,Fashion,6046.91,True
P000031,SandyBrown Aliquam,Sports,11767.84,True
P009150,Sienna Qui,Sports,9757.59,True
P003830,LightSteelBlue Dolores,Beauty,7976.06,True
P007610,Tomato Dolore,Books,23802.39,True
P009564,Thistle Ullam,Sports,10808.18,True
P011402,OliveDrab Tempora,Electronics,3099.2,True
P014076,Monetize Cross-Platform Schemas,Home,-714.1440202709479,True
P007816,Gainsboro Rem,Fashion,15051.68,True
P013820,,Sports,16970.28,True
P001222,CornflowerBlue Cum,Books,24962.61,True
P011119,DarkOrange Numquam,Sports,13816.04,True
P004653,RosyBrown Laudantium,Fashion,1640.7,True
P005797,YellowGreen Suscipit,Electronics,6114.55,True
P005625,SandyBrown Recusandae,Electronics,389.78,True
P008416,Gold Aliquid,Toys,24921.15,True
P010278,DarkOrchid Harum,Electronics,19635.85,True
P010583,SpringGreen Omnis,Electronics,18741.32,True
P014009,,Toys,1722.87,True
P009830,LightSteelBlue Ipsum,Electronics,20861.96,True
P008215,Salmon Totam,Electronics,7268.38,True
P008730,DarkOrange Unde,Books,8253.57,True
P008586,LimeGreen Quia,Sports,5369.76,True
P001153,LimeGreen Nemo,Grocery,9725.25,True
P006118,OrangeRed Consequuntur,Fashion,5186.16,True
P003280,Crimson Sapiente,Toys,6175.99,True
P009855,Navy Similique,Sports,9819.81,True
P008217,Orange At,Toys,12065.44,True
P013634,Orchestrate Compelling Roi,Home,FREE,True
P011041,Reinvent Cross-Platform Info-Mediaries,Fashion,8639.9,True
P004769,BurlyWood Provident,Beauty,16372.25,True
P011897,PaleVioletRed Rerum,Fashion,16133.06,True
P001767,SeaShell Omnis,Grocery,312.93,True
P013686,Matrix Granular Users,Fashion,FREE,True
P006597,HotPink Quos,Beauty,20248.77,True
P004039,Gold Animi,Home,23654.84,True
P004434,NavajoWhite In,Electronics,11466.67,True
P000289,ForestGreen Accusantium,Sports,15475.86,True
P001932,DarkTurquoise Autem,Electronics,20154.43,True
P002838,Innovate Holistic Eyeballs,Electronics,17118.34,True
P007328,FloralWhite Cupiditate,Electronics,11639.96,True
P010198,Enable Plug-And-Play Architectures,Books,23814.01,True
P000718,Fuchsia Repellendus,Beauty,7384.62,True
P009689,White Accusantium,Electronics,15222.77,True
P013474,Transform Best-Of-Breed E-Tailers,Beauty,-700.8562370957403,True
P006913,White Odio,Electronics,15916.56,True
P013802,Drive Vertical E-Markets,Sports,-891.2212291842505,True
P008171,DarkSlateGray Qui,Toys,14865.89,True
P004169,Tan Iure,Beauty,5337.93,True
P008964,Aquamarine Voluptas,Fashion,20063.54,True
P001305,Productize Proactive Supply-Chains,,18743.19,True
P010282,WhiteSmoke Pariatur,Books,12847.42,True
P007692,Magenta Consequuntur,Books,11593.01,True
P008521,LawnGreen Repellat,Grocery,23193.19,True
P009541,LemonChiffon Nulla,Beauty,3355.43,True
P000909,Chocolate Doloribus,Beauty,16000.6,True
P006880,Cultivate Enterprise Users,Books,8634.3,True
P002059,LightGreen Delectus,Toys,23071.25,True
P007227,Innovate Web-Enabled Channels,Beauty,21757.54,True
P006255,GoldenRod Harum,Toys,4357.15,True
P010423,BlueViolet At,Grocery,9055.71,True
P006575,SteelBlue Ad,Beauty,8719.56,True
P009448,SlateBlue Praesentium,Fashion,20734.07,True
P009812,LightSteelBlue Ipsa,Fashion,2486.67,True
P013639,Aggregate Robust Web Services,Beauty,FREE,True
P003827,DarkOrange Nemo,Books,13979.46,True
P006089,Synergize Web-Enabled E-Tailers,Fashion,9021.0,True
P009009,DeepPink Adipisci,Fashion,4659.55,True
P005721,Indigo Sint,Fashion,1095.0,True
P014288,,Home,10782.68,True
P000762,Ivory Ullam,Grocery,14306.39,True
P003734,SeaGreen Accusantium,Electronics,12214.12,True
P005929,White Dolores,Electronics,9018.65,True
P011327,PowderBlue Rem,Toys,12664.02,True
P004202,DarkCyan Rem,Toys,14849.73,True
P002921,DarkKhaki Quos,Home,8126.93,True
P002310,LightPink Qui,Electronics,11636.87,True
P005443,Brown Similique,Electronics,9297.41,True
P003620,IndianRed Voluptatibus,Beauty,9056.71,True
P007336,Snow Maiores,Fashion,21440.59,True
P009329,DeepPink Alias,Fashion,2533.38,True
P013263,Brand 24/7 Eyeballs,Electronics,-663.5225054930365,True
P004364,GreenYellow Reiciendis,Books,22839.1,True
P004183,MediumAquaMarine Deserunt,Electronics,14060.66,True
P004734,Bisque Id,Beauty,18475.43,True
P009551,Pink Est,Sports,5250.12,True
P000788,Maroon Magni,Fashion,6411.63,True
P000948,SeaGreen Nihil,Fashion,23881.04,True
P011036,Gainsboro Eveniet,Home,11556.79,True
P011658,Gray Quis,Fashion,9858.43,True
P001431,DarkOrange Sunt,Grocery,6707.06,True
P005229,SlateGray Porro,Books,14417.21,True
P007460,FireBrick Quod,Toys,8274.85,True
P005974,MidnightBlue Dolorem,Sports,22149.81,True
P001615,SeaShell Itaque,Fashion,22722.94,True
P007505,DarkOrange Illo,Grocery,24091.15,True
P006570,LawnGreen Iste,Fashion,17039.52,True
P011816,LightSalmon Aliquam,Toys,2224.81,True
P014304,,Home,16276.32,True
P010212,PowderBlue Id,Books,20103.07,True
P008759,Plum Sit,Grocery,12680.94,True
P002444,LightSkyBlue Alias,Grocery,17458.04,True
P001899,SaddleBrown Vitae,Books,10120.78,True
P013333,,Books,11400.05,True
P005292,Red Ad,Books,3153.13,True
P005641,Plum Autem,Fashion,23845.53,True
P004080,WhiteSmoke Autem,Sports,1329.04,True
P011477,DimGray Et,Sports,12114.65,True
P007118,Turquoise Assumenda,Sports,22616.54,True
P008688,LightSkyBlue Occaecati,Fashion,14810.26,True
P010741,Aquamarine Dolor,Fashion,20118.42,True
P009023,Olive Soluta,Sports,1440.78,True
P011990,Cornsilk Voluptate,Electronics,13370.82,True
P006497,Chartreuse Dolorem,Grocery,19750.96,True
P006318,Gainsboro Nostrum,Sports,18064.7,True
P009201,RoyalBlue Dolorum,Electronics,9620.92,True
P012857,Generate Distributed E-Commerce,Beauty,-346.8307040806571,True
P010955,DarkViolet Corporis,Home,17994.68,True
P014231,,Toys,7790.5,True
P011378,OliveDrab A,Electronics,15536.71,True
P001812,MediumSlateBlue Sit,Fashion,11232.05,True
P008376,MediumTurquoise Ex,Electronics,24638.55,True
P005029,Evolve Visionary Networks,Beauty,3410.88,True
P013063,Integrate Enterprise Systems,Beauty,-719.0495366000225,True
P000702,Whiteboard Open-Source Initiatives,Grocery,2034.63,True
P012248,Target Interactive Infrastructures,Books,FREE,True
P005558,Turquoise Culpa,Sports,8152.24,True
P002147,Lime Tenetur,Toys,20868.8,True
P004228,LightSeaGreen Sed,Electronics,12091.18,True
P008737,MediumOrchid Corporis,Sports,912.41,True
P011480,DarkOrchid Similique,Toys,24960.01,True
P003681,MediumSlateBlue Deleniti,Fashion,20561.31,True
P000284,SteelBlue Numquam,Home,5237.74,True
P009207,Chocolate Libero,Electronics,8347.38,True
P010409,RoyalBlue Voluptatibus,Grocery,20431.24,True
P009222,Fuchsia Ipsam,Beauty,14649.65,True
P006231,Cornsilk Natus,Beauty,7936.33,True
P008544,MediumSeaGreen Deleniti,Toys,20649.89,True
P014779,Orchestrate Cross-Platform Portals,Grocery,FREE,True
P003124,Navy Similique,Fashion,4907.37,True
P002250,BlueViolet Eum,Books,5317.72,True
P001152,LightSteelBlue Fuga,Toys,2131.35,True
P013357,Enable Proactive E-Tailers,Grocery,-858.4148443816778,True
P012585,,Books,5585.01,True
P011240,LightSteelBlue Quisquam,Toys,4177.92,True
P007542,Gray Illum,Books,23100.24,True
P002753,DeepPink Ea,Grocery,8965.98,True
P005976,SeaGreen Amet,Beauty,5681.87,True
P006707,PaleGoldenRod Perferendis,Sports,19882.24,True
P009727,Cyan Facere,Electronics,11745.89,True
P010290,Purple Hic,Fashion,22394.8,True
P013381,Whiteboard Integrated Partnerships,Toys,-362.0474359611593,True
P012327,,,5157.65,True
P002155,Leverage Compelling Schemas,Sports,15677.88,True
P002140,SeaGreen Impedit,Books,8717.21,True
P009380,YellowGreen Asperiores,Electronics,17240.51,True
P014942,Morph Cross-Platform E-Commerce,Beauty,-307.2046795878841,True
P003196,Olive Dignissimos,Electronics,19567.02,True
P010949,Brown Tenetur,Beauty,19962.0,True
P000468,White Sapiente,Home,15590.41,True
P012833,Synthesize E-Business Infrastructures,Toys,-871.9076490482026,True
P005068,RoyalBlue Nihil,Home,5548.36,True
P006770,Tomato Nulla,Beauty,15842.07,True
P014405,E-Enable Efficient Schemas,Electronics,-301.7306806255833,True
P010987,Turquoise Perferendis,Grocery,21369.44,True
P000070,Green Quidem,Toys,2796.52,True
P006040,MediumAquaMarine Dolor,Sports,2267.99,True
P003699,Aquamarine Laborum,Fashion,11512.89,True
P008839,Peru Magnam,Electronics,5766.87,True
P004028,AliceBlue Eos,Toys,2904.63,True
P000526,DarkSalmon Repudiandae,Toys,18313.78,True
P004078,Magenta Voluptatum,Fashion,16225.79,True
P000910,Yellow Autem,Beauty,14229.83,True
P007338,Orange Quasi,Home,11371.88,True
P000768,Yellow Voluptatem,Electronics,8832.83,True
P002006,MediumSpringGreen Numquam,Beauty,9658.97,True
P006996,DimGray Molestias,Grocery,1496.16,True
P003135,DarkRed Quod,Grocery,9529.21,True
P002950,Evolve Revolutionary E-Tailers,Fashion,5022.7,True
P005849,SandyBrown Tenetur,Electronics,13477.49,True
P009322,Facilitate Out-Of-The-Box Vortals,,21135.67,True
P009537,Peru Quo,Home,18801.62,True
P011922,Monetize Efficient Vortals,Electronics,20524.31,True
P008316,MidnightBlue Laboriosam,Home,23180.14,True
P002046,GhostWhite Sint,Home,21931.19,True
P004211,Tomato Sint,Home,17317.7,True
P011215,Navy Sed,Electronics,9925.12,True
P014746,Engineer Customized Applications,Sports,-141.22843414893174,True
P012387,Facilitate Leading-Edge E-Business,Sports,-558.6821500697444,True
P004426,DarkSalmon Recusandae,Fashion,19213.37,True
P006434,Indigo Accusamus,Toys,4113.07,True
P010969,SpringGreen Sit,Electronics,24467.76,True
P002800,PeachPuff Omnis,Toys,10229.47,True
P010591,SpringGreen Labore,Home,15409.11,True
P006122,Snow Labore,Fashion,11758.74,True
P010444,GhostWhite Labore,Books,12544.75,True
P000249,Cyan Adipisci,Beauty,4062.16,True
P003837,DarkMagenta Recusandae,Beauty,17458.61,True
P002606,Magenta Enim,Toys,1463.24,True
P012118,Mesh Vertical Channels,Toys,FREE,True
P001572,DarkTurquoise Quibusdam,Grocery,24169.14,True
P002889,Olive Autem,Grocery,7608.71,True
P014670,Extend Sticky Markets,Beauty,FREE,True
P014598,Drive Dot-Com Relationships,,-91.6788852885486,True
P003634,MediumPurple Modi,Home,7227.98,True
P003987,Cornsilk Ratione,Fashion,3170.99,True
P004118,OrangeRed Itaque,Toys,2530.79,True
P008820,LightSkyBlue Molestiae,Books,6221.93,True
P003085,PaleGreen Dolorem,Toys,5255.14,True
P002725,Target Cross-Platform Partnerships,Toys,24103.94,True
P013387,Engage Compelling Initiatives,Beauty,-498.3686288528857,True
P012333,Architect Revolutionary Content,Home,-120.51602139870907,True
P007817,Whiteboard Dynamic Communities,Books,13076.48,True
P010540,PowderBlue Temporibus,Books,7463.54,True
P013219,Generate Front-End Platforms,Books,FREE,True
P009833,MediumSeaGreen Nam,Beauty,24484.15,True
P004977,DarkSlateGray Voluptate,Electronics,2450.87,True
P009793,LavenderBlush Provident,Home,131.2,True
P001636,LightGoldenRodYellow Voluptate,Sports,17153.49,True
P000143,Fuchsia Amet,Books,1713.81,True
P002957,LimeGreen Earum,Sports,2921.25,True
P007254,BlanchedAlmond Quis,Grocery,21923.63,True
P002320,YellowGreen Dolores,Sports,22872.75,True
P003445,SkyBlue Dolore,Beauty,3466.72,True
P010098,PeachPuff Placeat,Books,3855.51,True
P013909,Target Rich E-Tailers,Toys,FREE,True
P011481,Beige Minus,Electronics,6321.9,True
P012161,Grow Cross-Platform Action-Items,Fashion,FREE,True
P002048,Implement Compelling Web Services,Beauty,5379.18,True
P009518,Cyan Ut,Home,12460.25,True
P000968,Syndicate Proactive Info-Mediaries,Toys,24550.74,True
P010564,Tan Eligendi,Toys,19710.0,True
P004661,RoyalBlue Optio,Beauty,16634.53,True
P009623,Wheat Repudiandae,Beauty,4661.53,True
P002587,Linen Laborum,Electronics,2189.95,True
P005233,DarkMagenta Inventore,Fashion,10039.2,True
P004944,Gray Tenetur,Toys,20841.51,True
P009381,Peru At,Electronics,3499.27,True
P007548,DarkCyan Voluptatum,Beauty,13979.87,True
P008308,Aggregate Killer Info-Mediaries,,24310.43,True
P013151,Visualize Bricks-And-Clicks Methodologies,Sports,-998.4949300101988,True
P006262,DarkSalmon Culpa,Toys,4195.89,True
P004245,MediumSlateBlue Porro,Books,24406.91,True
P005180,Wheat At,Beauty,3052.78,True
P014815,,Electronics,11864.72,True
P005426,IndianRed Voluptas,Toys,23500.18,True
P001147,Gold Odit,Electronics,16370.33,True
P013266,,,23300.56,True
P004761,AntiqueWhite Consectetur,Toys,16806.3,True
P005366,Unleash Vertical E-Commerce,Sports,1814.2,True
P002566,Tomato Quibusdam,Grocery,18410.1,True
P003504,DarkRed Quo,Grocery,5681.08,True
P001894,E-Enable 24/365 E-Services,Books,9614.03,True
P014146,,,7911.35,True
P006320,Gainsboro Temporibus,Grocery,9456.7,True
P011740,SeaShell Mollitia,Fashion,794.67,True
P013371,,Toys,23329.01,True
P012138,,Sports,1453.28,True
P004064,PowderBlue Consequatur,Home,13423.75,True
P006074,Purple Eaque,Grocery,7199.46,True
P005355,Azure Asperiores,Toys,16740.01,True
P010950,Matrix Leading-Edge E-Commerce,Sports,1803.13,True
P008317,SteelBlue Natus,Beauty,4095.44,True
P014203,Deploy Next-Generation E-Services,Beauty,-693.5516017145711,True
P008777,LightBlue Optio,Sports,10474.62,True
P001178,WhiteSmoke Similique,Sports,16900.02,True
P012755,Maximize Revolutionary Technologies,Home,-35.80518124556782,True
P002297,LightGreen Saepe,Beauty,9203.25,True
P004260,DarkRed Doloremque,Grocery,18820.29,True
P010992,Generate Magnetic E-Business,Books,1651.76,True
P014168,Exploit Real-Time Web Services,Electronics,FREE,True
P012004,,Beauty,17995.68,True
P001731,Chocolate Dicta,Toys,9643.97,True
P003479,LavenderBlush Nemo,Sports,19676.6,True
P003983,LightGoldenRodYellow Omnis,Fashion,23808.57,True
P013376,Enhance Collaborative Deliverables,Electronics,-333.1210041978679,True
P014687,Monetize Frictionless E-Services,Toys,-690.418716099527,True
P011759,LightSteelBlue Dolorem,Fashion,3003.49,True
P002274,Green Modi,Grocery,11008.38,True
P008500,OliveDrab Quas,Toys,22167.5,True
P007029,Tomato Qui,Sports,6692.89,True
P009454,DarkGreen Consequuntur,Electronics,7093.59,True
P009100,NavajoWhite Fugit,Books,261.64,True
P009694,MediumPurple Aperiam,Fashion,7392.0,True
P000652,SkyBlue Voluptatibus,Sports,15067.5,True
P009190,Purple Necessitatibus,Beauty,17821.0,True
P010972,Repurpose Web-Enabled Architectures,Sports,15854.61,True
P000116,Azure Illum,Fashion,24305.73,True
P012695,Embrace 24/7 Content,Beauty,FREE,True
P000656,RoyalBlue Consequuntur,Home,5742.49,True
P001930,DarkMagenta Eveniet,Electronics,7240.39,True
P009539,RoyalBlue Dolorem,Sports,1225.3,True
P007611,PeachPuff Eaque,Electronics,6293.66,True
P002490,MediumPurple Vitae,Grocery,17590.94,True
P000446,Thistle Tempora,Books,19167.72,True
P012267,Synergize Distributed Metrics,Sports,-207.9165691349563,True
P001459,Gray Libero,Electronics,21120.49,True
P011472,Turquoise Aut,Beauty,9112.57,True
P011269,HoneyDew At,Home,20858.36,True
P009708,FireBrick Quo,Books,18546.04,True
P013581,Visualize Back-End Content,Beauty,-763.5252103177683,True
P003603,LightPink Soluta,Grocery,12147.57,True
P002004,Moccasin A,Home,1586.0,True
P011350,Turquoise Atque,Beauty,23598.49,True
P002190,Teal Quia,Sports,3033.05,True
P011744,DarkSlateGray Maiores,Beauty,24381.7,True
P006246,MistyRose Qui,Grocery,7335.03,True
P010966,DarkKhaki Tempore,Electronics,21381.98,True
P007330,MediumTurquoise Eaque,Books,917.88,True
P004726,PaleTurquoise Quae,Beauty,17428.99,True
P004968,Beige Quos,Sports,1934.92,True
P011874,Violet Nam,Beauty,4110.46,True
P000833,LightCyan Nam,Electronics,3664.32,True
P000435,Tomato Commodi,Fashion,7028.6,True
P005222,PaleGoldenRod Repellendus,Sports,3200.92,True
P010763,MediumPurple Illum,Beauty,17639.58,True
P006999,GreenYellow Voluptatum,Home,11848.68,True
P007392,CadetBlue Nobis,Fashion,4790.85,True
P011987,Plum Dolore,Home,20541.08,True
P010329,DimGray Possimus,Beauty,2613.14,True
P005149,Matrix Robust Networks,Electronics,12685.85,True
P003460,Pink Debitis,Electronics,11506.14,True
P010366,Thistle Ad,Toys,95.42,True
P009356,Bisque Praesentium,Toys,11138.97,True
P011312,Indigo Cupiditate,Fashion,21925.45,True
P013918,Implement Extensible Mindshare,Fashion,FREE,True
P008957,Crimson Cum,Beauty,21749.84,True
P005581,Cyan Iure,Sports,4921.06,True
P008527,LightBlue Doloremque,Toys,9740.89,True
P004051,Navy Amet,Sports,13357.49,True
P001761,DarkGoldenRod Accusantium,Grocery,8521.39,True
P008426,Black Nemo,Fashion,21829.25,True
P011441,White Porro,Home,19989.82,True
P012397,Incentivize B2B Models,Sports,FREE,True
P009473,MidnightBlue Voluptas,Sports,400.06,True
P006840,OrangeRed Harum,Books,4141.61,True
P001528,YellowGreen Optio,Beauty,2022.75,True
P009703,SeaShell Repellendus,Sports,7162.93,True
P001554,MediumSeaGreen Sunt,Grocery,12255.28,True
P006244,Navy Provident,Beauty,3023.35,True
P008076,RoyalBlue Ipsum,Grocery,12247.14,True
P011324,PapayaWhip Pariatur,Electronics,11449.35,True
P012725,Target Customized Content,,-100.68489604672502,True
P004779,LavenderBlush Saepe,Electronics,566.92,True
P012719,Utilize Leading-Edge Applications,Electronics,-714.7726072880986,True
P013574,,Grocery,23697.42,True
P014157,Scale Killer Functionalities,Grocery,-938.5233471917218,True
P004520,DarkBlue Temporibus,Beauty,13379.44,True
P005645,SandyBrown Impedit,Fashion,11660.07,True
P003816,Aqua Neque,Fashion,2131.63,True
P010068,Chartreuse Eligendi,Electronics,9405.8,True
P007591,Teal Animi,Toys,15388.21,True
P006001,SeaGreen Deleniti,Fashion,5479.95,True
P001960,DeepSkyBlue Quas,Fashion,22485.33,True
P001476,DarkMagenta Nisi,Grocery,19127.67,True
P009786,White Dignissimos,Sports,15939.46,True
P014681,Incentivize Scalable Networks,Books,FREE,True
P010636,Extend Sticky Schemas,Electronics,9994.12,True
P014408,Morph Holistic Communities,Electronics,-287.1965951356944,True
P008598,PaleGreen Aliquid,Books,16993.04,True
P000485,OldLace Cum,Toys,23802.75,True
P000076,Silver Architecto,Beauty,18498.15,True
P005458,IndianRed Totam,Toys,8939.85,True
P002381,SandyBrown Laudantium,Electronics,5451.98,True
P000238,SeaGreen Delectus,Fashion,8688.54,True
P004005,Sienna Ullam,Electronics,16622.26,True
P001933,MediumBlue Ratione,Books,6374.85,True
P006891,Moccasin Fugiat,Books,3194.36,True
P004251,NavajoWhite Reprehenderit,Electronics,3938.72,True
P005934,LightGoldenRodYellow Incidunt,Home,8108.01,True
P008091,DarkOrange Reprehenderit,Books,4275.32,True
P008907,Snow Sequi,Books,20954.61,True
P008878,Gainsboro Aut,Toys,9921.42,True
P009754,DimGray Possimus,Fashion,24021.32,True
P009189,Magenta Adipisci,Toys,2150.82,True
P013010,Cultivate Synergistic Communities,Grocery,-794.7023138363941,True
P012853,Streamline Web-Enabled Technologies,Toys,FREE,True
P002295,ForestGreen At,Toys,19918.49,True
P011008,Target B2B Architectures,Beauty,20198.28,True
P011765,DarkOliveGreen Sapiente,Home,13006.95,True
P012204,,Sports,8758.8,True
P013719,Innovate E-Business Applications,Fashion,FREE,True
P006235,SlateGray Tempora,Beauty,12057.08,True
P003439,NavajoWhite Cum,Books,17766.46,True
P010270,BurlyWood Praesentium,Beauty,6319.79,True
P007419,MediumSpringGreen Reprehenderit,Toys,19762.66,True
P007658,DarkMagenta Aspernatur,Electronics,240.02,True
P013880,Deliver Strategic Bandwidth,Books,FREE,True
P014806,,Fashion,4748.97,True
P011922,DimGray Eos,Grocery,6440.96,True
P008974,SlateBlue Assumenda,Fashion,4697.54,True
P006882,CadetBlue Quidem,Beauty,10217.19,True
P010960,SandyBrown Dolor,Fashion,11995.49,True
P011284,DarkSlateBlue A,Electronics,15009.86,True
P000882,Black Aliquam,Fashion,21147.87,True
P014741,Architect Seamless Web Services,Electronics,-779.3480691248764,True
P003852,DarkTurquoise Totam,Grocery,3784.26,True
P013321,Disintermediate Ubiquitous Users,Home,FREE,True
P002213,MediumOrchid Sunt,Toys,2696.96,True
P007076,CadetBlue Ab,Electronics,15170.97,True
P000661,Peru Nesciunt,Sports,23158.25,True
P011738,AntiqueWhite Pariatur,Fashion,8231.85,True
P013147,,,17816.12,True
P003447,Violet Quod,Sports,19118.02,True
P006970,YellowGreen Impedit,Home,7581.48,True
P011452,Wheat Temporibus,Home,17432.09,True
P004428,Cyan Pariatur,Fashion,24603.51,True
P010470,SandyBrown Sapiente,Fashion,8283.61,True
P009074,Pink Totam,Electronics,17810.6,True
P008652,FloralWhite Minima,Grocery,6751.66,True
P005800,ForestGreen Soluta,Books,2458.31,True
P007290,Chocolate Unde,Sports,14425.01,True
P005854,OldLace Aperiam,Beauty,10353.81,True
P009225,Sienna Reiciendis,Sports,24399.67,True
P009654,Gold Suscipit,Sports,23500.81,True
P004737,SandyBrown Autem,Grocery,24990.02,True
P010991,Whiteboard Frictionless E-Markets,Electronics,22778.67,True
P001663,Bisque Tempore,Beauty,6425.36,True
P012275,Streamline Rich Mindshare,Sports,FREE,True
P006772,NavajoWhite Quo,Fashion,10569.96,True
P001699,LightSeaGreen Officia,Beauty,10711.16,True
P009941,AntiqueWhite Illum,Grocery,14726.93,True
P001369,LemonChiffon A,Home,13269.7,True
P008680,Crimson Ipsa,Fashion,24738.29,True
P005572,PeachPuff Repudiandae,Home,7403.86,True
P003902,LimeGreen Dicta,Home,859.84,True
P010045,MediumSpringGreen Incidunt,Fashion,9463.53,True
P011256,SaddleBrown Veniam,Books,20935.48,True
P005043,MediumPurple Non,Electronics,14600.09,True
P007790,DarkOrchid Illum,Fashion,6013.73,True
P004937,DarkKhaki Laborum,Books,19687.7,True
P010766,LightSteelBlue Veritatis,Beauty,10404.36,True
P006450,Brown Voluptatum,Toys,11060.52,True
P001177,Silver Repellendus,Books,5879.38,True
P002008,GhostWhite Mollitia,Toys,11803.82,True
P010557,DarkSlateGray Blanditiis,Beauty,8320.22,True
P006378,Cornsilk Excepturi,Beauty,391.9,True
P010515,Purple Libero,Electronics,212.21,True
P010932,CornflowerBlue Dolor,Books,21178.54,True
P009360,MediumVioletRed Nihil,Grocery,3684.17,True
P014091,Revolutionize Cutting-Edge Eyeballs,Fashion,FREE,True
P004360,DarkTurquoise Minima,Electronics,14473.11,True
P002425,Embrace Leading-Edge Paradigms,Beauty,18856.22,True
P001424,SeaGreen Repudiandae,Sports,15896.0,True
P005189,Red Fugiat,Grocery,13583.83,True
P002303,OrangeRed Ex,Electronics,14586.7,True
P001270,LightCyan Placeat,Fashion,8438.28,True
P003715,LightSlateGray Voluptatem,Beauty,16087.68,True
P003495,DeepPink Saepe,Electronics,11368.7,True
P013047,Target Sticky E-Tailers,,-917.4651360308663,True
P005635,Crimson Soluta,Grocery,16176.11,True
P000586,LightSteelBlue Modi,Beauty,12734.2,True
P001562,RoyalBlue Id,Grocery,16764.56,True
P009579,Tomato Earum,Electronics,12392.04,True
P013980,Extend Scalable Solutions,Home,FREE,True
P003836,SeaGreen Et,Books,5323.41,True
P005322,MediumOrchid Eligendi,Home,8273.95,True
P005542,DarkBlue Hic,Sports,15391.49,True
P011943,LightCoral Minima,Grocery,4076.32,True
P011843,RosyBrown Dolorem,Fashion,2928.63,True
P010075,BlanchedAlmond Dolorem,Beauty,2739.56,True
P003232,LimeGreen Iure,Grocery,23729.82,True
P007284,BlueViolet Soluta,Sports,15156.26,True
P013119,Re-Intermediate Plug-And-Play Infrastructures,Fashion,FREE,True
P011534,NavajoWhite Quis,Electronics,14517.5,True
P007680,Gold Quibusdam,Home,7752.24,True
P006805,Plum Vel,Beauty,15688.21,True
P001713,SandyBrown Ullam,Fashion,5569.55,True
P012842,,Fashion,2074.95,True
P004418,Gainsboro Mollitia,Electronics,10387.16,True
P014481,Revolutionize Robust Niches,Toys,-226.93792332489977,True
P001975,DarkMagenta Modi,Books,9970.33,True
P010726,MediumOrchid Beatae,Sports,22571.11,True
P001089,DarkSlateBlue Adipisci,Electronics,12771.5,True
P013286,Embrace Cutting-Edge Partnerships,Books,FREE,True
P013554,,Fashion,19317.49,True
P001964,Aqua Placeat,Fashion,23999.62,True
P006972,MediumOrchid Maxime,Beauty,22255.73,True
P003114,Reinvent Customized Channels,Electronics,18805.95,True
P004945,Aqua Recusandae,Toys,11750.56,True
P013597,Incentivize One-To-One Metrics,Books,-677.0658819518702,True
P012308,Expedite Granular Communities,Books,FREE,True
P005685,MediumTurquoise Quos,Sports,2429.83,True
P011553,Indigo Iure,Electronics,19609.86,True
P007277,DarkOliveGreen Corporis,Sports,14153.81,True
P000932,DarkOrchid Iure,Beauty,11301.52,True
P013542,Aggregate Sticky Convergence,Toys,FREE,True
P003109,DarkSalmon Mollitia,Beauty,24808.19,True
P004324,DarkGreen Explicabo,Beauty,23890.45,True
P011075,CadetBlue Cupiditate,Books,8095.4,True
P006574,SlateBlue Eius,Toys,4230.33,True
P010910,Beige Omnis,Beauty,8626.37,True
P006441,AntiqueWhite Voluptate,Electronics,19464.18,True
P005400,SteelBlue Nihil,Grocery,21527.55,True
P005389,SandyBrown Illo,Books,16697.15,True
P009574,AntiqueWhite Porro,Toys,15402.65,True
P013052,Mesh Enterprise Initiatives,Books,FREE,True
P013054,,Electronics,11140.45,True
P010611,LightGreen Amet,Grocery,13929.7,True
P011459,Peru Ratione,Sports,9301.82,True
P009604,MediumSlateBlue Incidunt,Toys,2069.47,True
P014275,,Grocery,359.87,True
P009235,Facilitate Global Portals,Grocery,10545.48,True
P005554,Plum Nam,Sports,16884.33,True
P007522,Facilitate Clicks-And-Mortar Synergies,Fashion,10235.29,True
P000207,GreenYellow At,Books,19900.74,True
P005472,GoldenRod Numquam,Fashion,5819.31,True
P010239,Lime Labore,Fashion,13372.24,True
P004578,FireBrick Sint,Grocery,13592.95,True
P009232,LightGoldenRodYellow Quae,Grocery,2741.52,True
P013893,Exploit Interactive Functionalities,Sports,FREE,True
P011687,LightYellow Unde,Toys,13572.22,True
P014472,Visualize Plug-And-Play Bandwidth,Home,FREE,True
P007144,DimGray Doloremque,Beauty,13920.78,True
P014261,,Grocery,3863.39,True
P010334,Orchid Dolorem,Sports,467.84,True
P009255,Sienna Sapiente,Electronics,9392.36,True
P006094,Olive Quia,Toys,6850.53,True
P012151,Target Collaborative Infrastructures,Grocery,-332.2385753492421,True
P008903,Bisque Quos,Electronics,14456.13,True
P006901,Chartreuse Sit,Fashion,14088.79,True
P007269,Bisque Provident,Home,10846.22,True
P009652,YellowGreen Ut,Books,11580.37,True
P005465,Brown Quas,Electronics,16294.87,True
P007171,Peru Sint,Sports,1666.18,True
P008989,Brand Ubiquitous Solutions,Electronics,11508.95,True
P014306,,Grocery,20636.53,True
P004572,LimeGreen Quasi,Fashion,15680.45,True
P004248,NavajoWhite Quis,Books,16114.07,True
P013535,,Fashion,4399.1,True
P003776,Cyan Ad,Fashion,3491.65,True
P011148,SaddleBrown Quidem,Sports,5590.49,True
P013217,Productize Turn-Key Communities,Beauty,-416.4168547075039,True
P005884,MediumOrchid Libero,Toys,2666.15,True
P014095,,Beauty,5425.84,True
P009655,Cyan Aut,Fashion,8121.39,True
P005188,LightSeaGreen In,Electronics,12637.81,True
P008257,FireBrick Impedit,Toys,3923.58,True
P014582,Disintermediate Collaborative Vortals,Home,FREE,True
P012048,Enhance Out-Of-The-Box E-Commerce,Toys,FREE,True
P009730,Cyan Doloribus,Electronics,18726.19,True
P009999,Crimson Iure,Grocery,18215.98,True
P009959,PaleGoldenRod Ullam,Sports,8947.64,True
P001283,Peru Explicabo,Books,18115.51,True
P010847,DarkSeaGreen Repellendus,Beauty,5479.98,True
P000279,MintCream Eligendi,Toys,9936.13,True
P005329,Gold Numquam,Grocery,16827.02,True
P003425,CornflowerBlue Beatae,Beauty,10372.13,True
P009170,SeaShell Deserunt,Sports,18726.6,True
P005317,CadetBlue Aliquid,Electronics,23469.57,True
P011545,AliceBlue Blanditiis,Home,11105.92,True
P002996,SeaGreen Itaque,Electronics,15761.52,True
P002671,Beige Voluptatem,Fashion,13001.18,True
P001365,DeepPink Natus,Sports,24161.7,True
P001617,RosyBrown Error,Toys,7573.44,True
P006512,WhiteSmoke Nostrum,Grocery,12351.81,True
P008478,MediumSlateBlue Incidunt,Toys,12262.03,True
P001880,BlueViolet Similique,Sports,8873.66,True
P013598,,Sports,8107.17,True
P002586,AntiqueWhite Fugiat,Books,20255.4,True
P002683,Gray Architecto,Home,21110.86,True
P007795,Linen Voluptatem,Home,5338.3,True
P001166,FireBrick Recusandae,Sports,14280.34,True
P009821,Fuchsia Commodi,Books,6700.94,True
P002485,BlanchedAlmond Numquam,Sports,8161.2,True
P001738,LightSteelBlue Eius,Toys,2103.32,True
P005822,PaleGreen Tempora,Books,18239.87,True
P014450,Evolve Value-Added E-Services,Home,FREE,True
P009340,MediumBlue Similique,Beauty,6800.31,True
P005686,Tomato Voluptates,Books,16947.12,True
P003296,DarkCyan Nulla,Fashion,11123.17,True
P004723,MediumBlue Fugiat,Beauty,23816.43,True
P012279,Architect Granular Applications,Home,FREE,True
P006818,Beige Dicta,Books,17132.22,True
P007802,RosyBrown Numquam,Beauty,21738.95,True
P010367,ForestGreen Debitis,Home,2319.37,True
P004243,MediumVioletRed Ex,Beauty,11243.09,True
P007786,Khaki Saepe,Grocery,4050.08,True
P010013,PapayaWhip Corporis,Toys,13115.3,True
P014441,Strategize Innovative Web-Readiness,Books,FREE,True
P014528,,Books,3870.18,True
P005802,PaleVioletRed Totam,Grocery,17778.56,True
P012407,Deploy Out-Of-The-Box Infrastructures,Fashion,FREE,True
P008607,Azure Non,Electronics,13284.02,True
P001707,BlanchedAlmond Quae,Sports,17732.98,True
P000292,HoneyDew Ea,Beauty,8115.66,True
P014350,Synergize Efficient Architectures,Books,FREE,True
P006977,HotPink Officia,Sports,21058.09,True
P003711,Evolve Enterprise Markets,Sports,3629.09,True
P000026,Chartreuse Modi,Toys,850.88,True
P010620,DarkSlateGray Consequuntur,Grocery,20369.76,True
P014662,Unleash Cross-Platform E-Services,Beauty,FREE,True
P010675,Orange Esse,Electronics,8008.11,True
P004521,MediumPurple Placeat,Sports,615.51,True
P004618,SlateGray Quo,Grocery,20950.83,True
P007357,Tomato Deleniti,Fashion,22854.43,True
P006631,Turquoise Beatae,Fashion,6200.65,True
P000200,Benchmark World-Class Architectures,,23962.16,True
P004860,LightSkyBlue Sit,Sports,12952.39,True
P000781,OldLace Assumenda,Beauty,10349.04,True
P012226,Synergize Robust Networks,,FREE,True
P013369,,Sports,17511.98,True
P010984,LightGoldenRodYellow Delectus,Books,9944.68,True
P010142,Streamline Front-End Systems,Electronics,13186.39,True
P001728,GoldenRod Officia,Electronics,10959.44,True
P010116,LemonChiffon Tenetur,Toys,225.88,True
P010661,DarkGoldenRod Architecto,Electronics,15175.48,True
P006926,Bisque Dolores,Books,22115.96,True
P004532,Yellow Unde,Home,19573.92,True
P011400,White Cupiditate,Electronics,16120.94,True
P004976,Crimson Blanditiis,Beauty,20587.9,True
P007177,Sienna Eaque,Grocery,15162.22,True
P011719,SaddleBrown Quos,Toys,907.32,True
P008557,RoyalBlue Porro,Toys,17310.27,True
P002400,LightSteelBlue Doloribus,Sports,5606.6,True
P005332,Fuchsia Ipsam,Fashion,14491.66,True
P007231,Gray Recusandae,Electronics,14163.66,True
P005722,SaddleBrown Perferendis,Toys,10978.78,True
P009260,Yellow Vel,Home,12619.88,True
P003666,Gold Quos,Toys,16972.0,True
P000321,MediumPurple Quis,Fashion,12439.93,True
P014684,Incubate Bleeding-Edge Eyeballs,,-813.0790743733165,True
P003671,SlateGray Fuga,Books,21073.01,True
P002854,DarkOliveGreen Modi,Books,3129.2,True
P005441,Orchid Sunt,Grocery,11326.19,True
P011879,MediumPurple Unde,Electronics,22662.03,True
P001744,DarkSeaGreen Id,Sports,17599.59,True
P012125,Enable Bricks-And-Clicks Roi,Electronics,FREE,True
P010387,SaddleBrown At,Home,13659.34,True
P003505,Moccasin Cupiditate,Toys,15577.72,True
P004655,Sienna Repellendus,Sports,16887.65,True
P014103,Maximize Collaborative Models,Fashion,-722.1868558190065,True
P000751,LightSlateGray Dolorem,Toys,14480.39,True
P003264,Bisque Aliquid,Grocery,8152.37,True
P010531,SlateGray Deleniti,Beauty,21015.65,True
P005025,DeepSkyBlue Blanditiis,Fashion,12476.28,True
P004775,MediumSeaGreen Pariatur,Books,11494.68,True
P013759,,Grocery,20133.43,True
P012477,Incentivize Magnetic Eyeballs,,FREE,True
P006944,IndianRed Accusamus,Electronics,16649.65,True
P011854,PaleGreen Aut,Beauty,5005.54,True
P001065,SlateBlue Voluptates,Home,7949.62,True
P014449,Syndicate Viral Functionalities,Grocery,FREE,True
P004359,DarkKhaki Quibusdam,Toys,24436.96,True
P002071,OrangeRed Cupiditate,Home,8477.49,True
P007287,Magenta Aliquid,Toys,12257.85,True
P010891,PaleGreen Tempore,Books,23894.23,True
P005023,MediumBlue Hic,Books,1426.5,True
P011551,AntiqueWhite Assumenda,Home,3996.27,True
P005902,Lavender At,Grocery,7426.54,True
P012915,Empower Magnetic Models,Sports,FREE,True
P001754,OrangeRed Ad,Grocery,11462.95,True
P012062,Deploy Turn-Key Applications,Grocery,-42.61105261167706,True
P001907,RosyBrown Cumque,Toys,9062.64,True
P007770,Green Soluta,Toys,22662.06,True
P014056,E-Enable Collaborative Systems,Home,FREE,True
P005906,LightSkyBlue Quisquam,Beauty,3411.27,True
P007827,CadetBlue Nesciunt,Books,13956.16,True
P003684,GoldenRod A,Electronics,15349.99,True
P014672,Mesh Magnetic Markets,Home,FREE,True
P004370,IndianRed Neque,Toys,17573.24,True
P006514,LightSkyBlue Placeat,Electronics,20315.26,True
P011230,SpringGreen Aliquam,Electronics,10731.52,True
P001530,MediumSpringGreen Sequi,Books,19186.31,True
P002524,DarkTurquoise Repudiandae,Electronics,2665.15,True
P008423,Syndicate Turn-Key Applications,Toys,7180.18,True
P009178,PaleGreen Hic,Fashion,22677.69,True
P002232,Pink Earum,Grocery,8853.17,True
P004627,WhiteSmoke Architecto,Fashion,3234.45,True
P007090,DarkGreen Hic,Books,14170.68,True
P001876,DarkOliveGreen Quidem,Books,2945.03,True
P014094,Re-Intermediate Seamless Partnerships,Home,-84.26574779725901,True
P005950,SkyBlue Ab,Beauty,4815.44,True
P013664,Syndicate Efficient Interfaces,Grocery,FREE,True
P008750,HoneyDew Ratione,Sports,22280.19,True
P007818,MediumBlue Dolorum,Beauty,4390.24,True
P013193,Scale Viral Channels,Beauty,-249.48280848464537,True
P007782,AliceBlue Laboriosam,Electronics,10306.2,True
P013610,Revolutionize Integrated Niches,Grocery,FREE,True
P012817,Re-Intermediate World-Class Paradigms,Fashion,-248.7809271658691,True
P013718,,,9396.23,True
P006411,BlueViolet Iusto,Sports,12733.36,True
P005901,MediumOrchid Dolorum,Beauty,23894.88,True
P006390,SkyBlue Architecto,Books,19129.18,True
P003704,DarkMagenta Quisquam,Fashion,3182.51,True
P000124,Orchid Dignissimos,Electronics,24210.87,True
P005643,Khaki Accusamus,Electronics,21723.68,True
P009105,SlateGray Quam,Electronics,14912.01,True
P011665,DarkBlue Et,Sports,7824.85,True
P011918,DarkSlateGray Dicta,Fashion,18794.55,True
P003333,YellowGreen Iste,Books,23938.64,True
P010337,Teal Dolorem,Beauty,23988.59,True
P009740,LavenderBlush Reprehenderit,Electronics,4852.9,True
P009309,Wheat Facere,Fashion,20062.48,True
P005846,DarkSlateGray Quas,Home,13698.69,True
P014401,Unleash Front-End Eyeballs,Grocery,FREE,True
P011807,MediumTurquoise Maxime,Grocery,2285.78,True
P013522,,,24322.89,True
P013988,,Fashion,22423.02,True
P004449,Bisque Accusantium,Home,5153.9,True
P010197,SpringGreen Autem,Sports,541.3,True
P009815,LightPink Dolores,Sports,21883.94,True
P005265,MintCream Dolor,Electronics,22767.74,True
P009209,LightBlue Laboriosam,Books,24821.54,True
P005054,DarkSalmon Ullam,Electronics,11232.05,True
P008510,OrangeRed Repellat,Electronics,22615.84,True
P000858,BlanchedAlmond Veniam,Fashion,7200.31,True
P011715,DeepPink Occaecati,Fashion,7941.94,True
P004858,BlueViolet A,Books,18260.96,True
P000212,SpringGreen Impedit,Sports,413.66,True
P006543,Tomato Cupiditate,Fashion,20577.16,True
P005893,OrangeRed Facere,Electronics,9300.03,True
P000160,PapayaWhip Et,Toys,8770.87,True
P001953,SeaShell Qui,Electronics,18603.49,True
P009806,SkyBlue Occaecati,Beauty,16574.83,True
P007008,Morph Wireless E-Tailers,Home,20497.67,True
P014749,Strategize One-To-One Mindshare,Beauty,FREE,True
P000842,GhostWhite Cupiditate,Toys,18496.2,True
P008221,MediumOrchid Explicabo,Toys,19415.79,True
P009338,DarkTurquoise Rerum,Fashion,16643.44,True
P011758,Crimson Impedit,Books,14059.91,True
P002351,MediumSpringGreen Dignissimos,Home,11959.07,True
P000228,PeachPuff Sapiente,Toys,16556.68,True
P011136,MediumBlue Tempora,Beauty,20123.36,True
P003272,Sienna Ipsum,Books,8629.8,True
P009624,Snow Laborum,Beauty,3983.37,True
P003772,WhiteSmoke Architecto,Beauty,11293.8,True
P004137,GhostWhite Dolor,Toys,14269.15,True
P009576,Navy Quod,Fashion,24665.83,True
P009644,Salmon Non,Sports,21288.95,True
P008295,GhostWhite Excepturi,Books,16570.3,True
P014138,Drive Innovative Eyeballs,Fashion,FREE,True
P001938,Aquamarine Ea,Sports,19215.4,True
P005555,YellowGreen Exercitationem,Electronics,13545.04,True
P001164,DarkOliveGreen Unde,Electronics,2056.46,True
P001543,OrangeRed Ut,Toys,11993.55,True
P010685,PowderBlue Accusantium,Home,18022.14,True
P004441,LightCoral Blanditiis,Grocery,13459.17,True
P009834,DimGray Voluptatem,Home,20531.29,True
P001887,Beige Officia,Grocery,17100.79,True
P011366,AntiqueWhite Rem,Electronics,24744.83,True
P011474,Orchid Eveniet,Toys,6514.46,True
P013659,Incentivize 24/365 Web-Readiness,,FREE,True
P004884,YellowGreen At,Sports,10206.53,True
P002710,Purple Accusantium,Sports,13895.07,True
P002135,MediumTurquoise Nulla,Electronics,12355.87,True
P001339,Beige Mollitia,Sports,23581.98,True
P002989,LightGoldenRodYellow Animi,Toys,4700.04,True
P008254,DeepPink Quos,Sports,3342.93,True
P003364,PowderBlue Consequuntur,Toys,21403.75,True
P008031,HotPink Aperiam,Books,20049.02,True
P009919,Gainsboro Est,Sports,10493.92,True
P013530,Embrace E-Business E-Commerce,Sports,-512.8539057895254,True
P005682,LightGoldenRodYellow Accusantium,Fashion,6270.96,True
P007924,Khaki Dolores,Electronics,12334.63,True
P004709,DarkOliveGreen Dicta,Sports,19572.58,True
P014953,,Books,24135.23,True
P008731,Azure Deleniti,Home,22089.28,True
P000539,LightSkyBlue Quidem,Sports,18975.58,True
P012349,,,19692.4,True
P011544,HotPink Maxime,Books,14299.9,True
P000542,Gainsboro Enim,Fashion,19097.44,True
P012814,,,9853.1,True
P009378,LightSeaGreen Deserunt,Toys,18421.6,True
P003821,DarkSlateGray Qui,Sports,24755.83,True
P003328,SeaShell Ipsam,Home,8790.53,True
P001719,DarkSlateGray Voluptates,Beauty,21721.95,True
P003392,Violet Quam,Home,1359.32,True
P000255,SaddleBrown Deleniti,Sports,19817.1,True
P006537,Indigo Aperiam,Books,20120.99,True
P001057,DarkTurquoise Voluptates,Beauty,6244.58,True
P008020,Bisque Possimus,Fashion,13234.49,True
P006462,Chocolate Facere,Fashion,19852.01,True
P008260,DarkSlateBlue Recusandae,Home,15875.79,True
P002415,LimeGreen Quo,Sports,22974.5,True
P005917,Cornsilk Possimus,Books,23067.19,True
P009334,LightPink Praesentium,Grocery,21769.79,True
P013770,,Home,15420.71,True
P010800,Salmon Exercitationem,Books,15668.92,True
P011488,BlanchedAlmond Magni,Home,10400.98,True
P006127,Coral Eaque,Sports,6017.12,True
P002712,Revolutionize Clicks-And-Mortar Initiatives,Sports,10589.55,True
P011773,Chocolate Nemo,Sports,15835.75,True
P012152,Re-Contextualize Turn-Key Applications,Fashion,FREE,True
P008369,Linen Ducimus,Grocery,24231.32,True
P006416,MediumPurple Quam,Home,17851.89,True
P004867,Teal Dolore,Toys,2201.62,True
P003038,Navy Error,Sports,20222.8,True
P008580,PaleGoldenRod Molestiae,Books,16949.59,True
P002040,Thistle Provident,Home,18223.46,True
P005101,CadetBlue Reprehenderit,Books,5482.21,True
P001984,Cornsilk Quibusdam,Home,16661.57,True
P001955,Reinvent User-Centric Supply-Chains,Electronics,1847.83,True
P001287,Coral Molestiae,Grocery,19160.29,True
P013505,,Sports,6667.34,True
P009940,LemonChiffon Nulla,Sports,9017.45,True
P002633,Violet Quibusdam,Grocery,17122.75,True
P002547,Fuchsia Eum,Home,4081.83,True
P010534,Maroon Praesentium,Electronics,12591.09,True
P001383,Salmon Ipsa,Books,23259.99,True
P010859,LightPink Ab,Fashion,15604.98,True
P008502,CornflowerBlue Suscipit,Books,1904.74,True
P007693,Magenta Officia,Electronics,2437.82,True
P008246,SteelBlue Fugit,Home,21183.33,True
P014059,Cultivate Efficient E-Services,Sports,-940.0571403626384,True
P008098,LimeGreen Vero,Books,3008.57,True
P006990,Crimson A,Books,12229.56,True
P004197,Navy Delectus,Beauty,4088.46,True
P004328,DarkSeaGreen Assumenda,Grocery,17957.9,True
P006239,Khaki Assumenda,Electronics,21235.73,True
P004821,Reinvent Real-Time Initiatives,Books,11872.65,True
P010254,Turquoise Perspiciatis,Electronics,11966.31,True
P004605,SeaShell Accusamus,Sports,23574.0,True
P010288,WhiteSmoke Quasi,Fashion,10508.52,True
P008633,Green Odio,Grocery,3716.0,True
P010487,LightBlue Voluptatibus,Electronics,21180.54,True
P011767,Olive Tempore,Sports,14854.81,True
P012685,,Beauty,3268.31,True
P004752,Thistle Provident,Sports,14470.76,True
P011760,Violet Aliquid,Beauty,22269.46,True
P005476,Chocolate Quaerat,Electronics,223.73,True
P011419,Snow Ratione,Home,22670.14,True
P013974,Orchestrate Granular Niches,Toys,-731.0452417120056,True
P007917,Plum Optio,Toys,18308.5,True
P001412,Chartreuse Ipsa,Grocery,547.2,True
P002024,Harness Virtual Roi,Books,20926.07,True
P008679,FloralWhite Nisi,Beauty,2336.5,True
P003696,LightBlue Alias,Fashion,6387.75,True
P001593,Incubate Revolutionary Networks,Beauty,24353.37,True
P010569,Syndicate Ubiquitous Applications,Fashion,21819.87,True
P003525,MediumSeaGreen Libero,Home,10180.47,True
P005433,Fuchsia Occaecati,Grocery,17100.92,True
P000557,LightBlue Aperiam,Books,13246.71,True
P001518,Bisque Vel,Toys,9444.08,True
P006050,HotPink Dolorum,Toys,1747.06,True
P014913,,Home,19167.82,True
P005881,WhiteSmoke Doloremque,Home,8678.53,True
P002203,MediumSpringGreen Totam,Home,6024.65,True
P004403,Green Quisquam,Grocery,1444.47,True
P001039,CornflowerBlue Voluptates,Beauty,9919.7,True
P007230,Grow World-Class Channels,Fashion,454.37,True
P008006,Maroon Minima,Electronics,1435.35,True
P004590,MediumTurquoise Pariatur,Books,1645.19,True
P002028,LightGray Consectetur,Beauty,8520.83,True
P011701,Chartreuse Sunt,Sports,19929.42,True
P005412,Snow Iure,Beauty,17535.0,True
P007063,SlateGray Repudiandae,Home,15110.39,True
P012392,Harness Best-Of-Breed Markets,Electronics,-154.9774155777684,True
P014452,Enhance Killer Partnerships,,FREE,True
P009997,MediumSeaGreen Possimus,Sports,16106.62,True
P010456,Indigo Molestiae,Sports,8848.62,True
P004694,AntiqueWhite Exercitationem,Home,16106.9,True
P012352,Transform Virtual Partnerships,Grocery,FREE,True
P005032,Ivory Mollitia,Toys,17839.39,True
P001720,DarkTurquoise Rem,Sports,2095.61,True
P002484,YellowGreen Commodi,Beauty,8426.05,True
P006267,FloralWhite Corporis,Grocery,13317.47,True
P002000,CornflowerBlue Consequatur,Electronics,21474.24,True
P009306,LightGoldenRodYellow Maiores,Toys,20591.09,True
P008929,MediumSeaGreen Nemo,Sports,1967.83,True
P010750,WhiteSmoke Cum,Beauty,2132.53,True
P000608,LightYellow Vitae,Beauty,20089.0,True
P011898,Brown Sit,Books,24932.8,True
P012054,,Books,21088.69,True
P001079,Optimize End-To-End Experiences,Toys,23853.32,True
P007798,DimGray Sunt,Fashion,11519.22,True
P004166,OldLace Voluptas,Grocery,12816.46,True
P011861,MediumSpringGreen Sint,Toys,5458.35,True
P007060,Navy Possimus,Sports,829.7,True
P013806,Architect Dynamic Interfaces,Grocery,FREE,True
P008687,PaleGoldenRod Unde,Toys,17804.64,True
P004932,DarkKhaki Aliquam,Sports,18551.87,True
P002163,Gold Temporibus,Home,4128.82,True
P012647,Grow User-Centric Experiences,Beauty,-265.1664157617931,True
P007523,PapayaWhip Unde,Fashion,15716.76,True
P002912,AliceBlue Non,Fashion,16011.84,True
P013743,,Beauty,5820.1,True
P008564,DeepPink Consequatur,Beauty,11994.94,True
P002862,MediumOrchid Culpa,Home,20322.7,True
P009114,Lavender Magnam,Beauty,181.56,True
P001092,LightPink Soluta,Sports,3623.11,True
P006915,PaleTurquoise Sunt,Sports,5345.87,True
P009960,Wheat Eos,Books,14611.88,True
P014673,,Fashion,1117.78,True
P003375,CornflowerBlue Aliquid,Electronics,19958.36,True
P008172,YellowGreen Quo,Fashion,3690.84,True
P011980,Orchid Quisquam,Electronics,13803.82,True
P002231,HoneyDew Eius,Home,1598.18,True
P000660,PaleVioletRed Et,Home,21583.25,True
P006425,MidnightBlue Similique,Grocery,18824.5,True
P011800,DarkCyan Non,Books,4693.79,True
P007590,Blue Molestias,Electronics,24946.22,True
P009646,Gainsboro Amet,Beauty,19379.85,True
P010918,SteelBlue Natus,Books,12280.59,True
P006430,SkyBlue Quaerat,Grocery,20260.21,True
P010567,Incentivize Global Functionalities,Electronics,23591.64,True
P000010,Orange Itaque,Home,297.27,True
P000145,HoneyDew Nesciunt,Toys,6894.89,True
P011425,BurlyWood Ea,Books,22262.09,True
P001597,LightBlue Sint,Electronics,14350.83,True
P007246,Plum Omnis,Electronics,16327.18,True
P000338,SteelBlue Soluta,Electronics,18403.85,True
P002233,PaleVioletRed Molestias,Home,21743.37,True
P013788,Benchmark Virtual Action-Items,Fashion,FREE,True
P011636,FireBrick Praesentium,Beauty,10562.81,True
P013296,Optimize Distributed Schemas,Books,-472.5846774851917,True
P005214,Visualize Sticky Eyeballs,Beauty,22103.74,True
P000110,MidnightBlue Excepturi,Home,1116.01,True
P009072,Pink Laboriosam,Beauty,7138.15,True
P011607,DarkSlateBlue Nostrum,Grocery,4690.74,True
P000244,DarkOrchid Ipsum,Sports,18000.74,True
P002496,LightSteelBlue Voluptatum,Home,11801.1,True
P003233,YellowGreen Maiores,Fashion,18363.17,True
P009987,LightYellow Qui,Grocery,13906.41,True
P002056,OrangeRed Exercitationem,Sports,13407.54,True
P005880,DarkRed Facilis,Toys,5192.98,True
P003083,Purple A,Electronics,14258.98,True
P008621,DarkCyan Ullam,Fashion,15730.6,True
P005851,LightSkyBlue Saepe,Beauty,3531.85,True
P005208,Black Aspernatur,Toys,6118.33,True
P002359,GhostWhite Laboriosam,Beauty,22260.54,True
P005969,Deploy Proactive Networks,Electronics,10465.34,True
P003169,SandyBrown Suscipit,Grocery,18974.93,True
P001484,Beige Magnam,Sports,21583.91,True
P010893,SpringGreen Incidunt,Books,12691.92,True
P007969,Crimson Et,Sports,17224.56,True
P007851,LightPink Omnis,Sports,17223.77,True
P012806,,Home,17364.1,True
P005315,DimGray Beatae,Electronics,22492.15,True
P010193,Maroon Debitis,Electronics,18167.16,True
P008513,LightPink Beatae,Electronics,19600.48,True
P011046,CadetBlue Soluta,Grocery,3625.5,True
P001949,Morph Holistic Deliverables,Fashion,7560.98,True
P014637,Repurpose User-Centric Vortals,Home,-786.3885137741428,True
P004975,MediumSeaGreen Aut,Sports,16611.32,True
P002361,DarkViolet Inventore,Books,17192.7,True
P010353,CadetBlue Sequi,Books,4900.86,True
P000034,DarkOliveGreen Praesentium,Toys,7155.15,True
P007993,Orange Officia,Grocery,17739.84,True
P007875,Red Laudantium,Electronics,8643.56,True
P011533,DodgerBlue Aliquid,Fashion,787.92,True
P008787,WhiteSmoke Impedit,Home,19641.04,True
P010332,Plum Mollitia,Electronics,5336.98,True
P010615,Tan Magnam,Beauty,17057.52,True
P013529,Deliver Cross-Media Eyeballs,Fashion,-929.3001297460464,True
P008714,Azure Minus,Books,16392.0,True
P005910,OldLace Repudiandae,Books,19455.69,True
P002195,LightBlue Provident,Books,14610.63,True
P011875,Cornsilk Iure,Beauty,23163.56,True
P004259,SkyBlue Molestiae,Fashion,3307.1,True
P002762,DarkOrchid Nihil,Electronics,8333.8,True
P012708,,Home,14976.3,True
P005909,GhostWhite Quasi,Beauty,23719.25,True
P014733,Whiteboard Customized Communities,Home,FREE,True
P004640,Embrace B2C E-Commerce,Beauty,23618.92,True
P001028,Empower Wireless E-Tailers,Books,16687.93,True
P006613,GhostWhite Debitis,Toys,4417.0,True
P003258,Navy Numquam,Grocery,6196.79,True
P005677,DodgerBlue Debitis,Books,16793.99,True
P004511,White Velit,Beauty,10748.4,True
P006995,DarkGoldenRod Deleniti,Home,15137.0,True
P014581,Repurpose Back-End Architectures,Fashion,-41.86787218486085,True
P011098,Cornsilk Quibusdam,Electronics,2672.3,True
P006630,MediumBlue Nisi,Sports,13715.81,True
P004949,OrangeRed Aliquam,Home,9550.82,True
P012641,Productize Transparent Mindshare,Home,FREE,True
P006563,BlanchedAlmond Earum,Grocery,4188.26,True
P012467,Evolve Strategic Mindshare,Home,-719.7792960923742,True
P005924,Ivory Laudantium,Toys,8480.68,True
P007631,Morph Compelling Markets,Fashion,24015.23,True
P000047,SteelBlue Perferendis,Electronics,5032.37,True
P003116,OliveDrab Hic,Beauty,23949.09,True
P014871,,,3370.13,True
P011704,HotPink Molestias,Home,10906.57,True
P013578,Iterate Real-Time E-Business,Home,-339.6503353629611,True
P002675,LightGreen Saepe,Home,24025.95,True
P009645,MediumAquaMarine Repudiandae,Books,9613.18,True
P005760,Optimize Back-End Relationships,,3478.54,True
P002848,Cornsilk Voluptatibus,Fashion,9349.74,True
P010295,SteelBlue Explicabo,Electronics,19031.25,True
P005403,Wheat Atque,Electronics,7039.55,True
P009738,Reinvent Transparent Paradigms,Electronics,21890.98,True
P004340,Teal Perspiciatis,Home,14186.51,True
P004125,Tomato Ex,Home,14798.89,True
P004310,SteelBlue Quo,Books,3472.06,True
P007307,OldLace Consequuntur,Toys,24767.13,True
P013725,E-Enable 24/365 Solutions,Grocery,FREE,True
P012801,,Sports,18675.29,True
P001378,DarkTurquoise Non,Electronics,8314.96,True
P005741,PaleGreen Distinctio,Beauty,21569.14,True
P006302,MidnightBlue Expedita,Beauty,20756.3,True
P003482,BlueViolet Doloremque,Sports,8461.07,True
P012261,,Beauty,1623.9,True
P008511,Magenta Excepturi,Sports,6079.63,True
P005601,MediumAquaMarine Reiciendis,Fashion,2442.72,True
P007256,Lavender Eos,Fashion,892.59,True
P002657,GoldenRod Cumque,Toys,2881.61,True
P006150,Bisque Eum,Fashion,13770.47,True
P006538,BlueViolet Omnis,Fashion,18569.36,True
P005794,Fuchsia Quisquam,Grocery,19526.21,True
P001298,Maroon Quasi,Toys,3919.16,True
P013402,,Grocery,7608.89,True
P001508,GoldenRod Eum,Fashion,23080.99,True
P008030,LightPink Officia,Sports,24542.18,True
P005148,CornflowerBlue Nemo,Books,24644.4,True
P000883,BlanchedAlmond Nemo,Fashion,7066.03,True
P004009,PaleGreen Iste,Home,2919.4,True
P014530,Matrix Dot-Com Vortals,Home,FREE,True
P004899,DarkGreen Odio,Books,6450.76,True
P004195,FireBrick Eos,Home,22063.32,True
P006864,DarkOrchid Sunt,Fashion,14185.74,True
P014257,Harness Dot-Com E-Markets,Toys,-268.18483628533977,True
P000892,Orange Dignissimos,Toys,15708.35,True
P006316,LimeGreen Doloremque,Books,10648.47,True
P006091,LightYellow Nihil,Home,23139.39,True
P007923,Tan Dolorem,Toys,14092.24,True
P005033,GoldenRod Earum,Toys,13364.09,True
P001167,DarkSlateBlue Est,Grocery,9403.69,True
P007699,DarkCyan Expedita,Sports,10465.04,True
P013233,Re-Intermediate Transparent Communities,Electronics,-917.020493258207,True
P013144,,Beauty,19725.63,True
P012274,Orchestrate E-Business Eyeballs,Fashion,-178.31505065454718,True
P005220,SlateGray Libero,Toys,22284.79,True
P010396,LightSteelBlue Inventore,Beauty,22768.37,True
P001256,Violet Id,Books,15030.94,True
P003479,Generate Revolutionary Technologies,Beauty,7026.59,True
P002466,YellowGreen Aliquid,Toys,2364.78,True
P004087,Peru Fugiat,Toys,23751.7,True
P006154,Olive Illum,Toys,8309.4,True
P014278,Incentivize Cutting-Edge Relationships,Grocery,-338.0803834268596,True
P013312,,Books,8248.44,True
P001645,HotPink Exercitationem,Books,24638.98,True
P013262,Drive Holistic Content,Sports,-813.1074333942062,True
P014633,Strategize Vertical Supply-Chains,Toys,FREE,True
P007518,GreenYellow Praesentium,Home,3835.16,True
P007616,MediumVioletRed Quibusdam,Books,21311.73,True
P008342,DeepSkyBlue Itaque,Sports,13855.16,True
P004605,Brand Customized E-Business,Home,21224.49,True
P008069,Snow Sint,Toys,18650.92,True
P007361,Orchid Laboriosam,Sports,4738.81,True
P011399,DarkOrchid Ipsa,Home,18017.71,True
P013658,Grow Out-Of-The-Box Architectures,Toys,FREE,True
P009885,MediumSpringGreen Ullam,Electronics,6562.47,True
P005147,Gold Laborum,Sports,24575.24,True
P007062,Tan Quidem,Toys,8026.54,True
P010619,LawnGreen Similique,Books,24441.51,True
P006447,Crimson Totam,Toys,1225.38,True
P001555,DarkOliveGreen Fugiat,Toys,24451.29,True
P012451,Re-Contextualize Compelling Content,,FREE,True
P011018,MediumSeaGreen Optio,Beauty,16979.95,True
P001056,Cornsilk Debitis,Home,12789.36,True
P014393,Reinvent Back-End Mindshare,Books,-544.1736977164155,True
P006169,ForestGreen Odio,Fashion,24046.86,True
P013495,Unleash Out-Of-The-Box Systems,Beauty,-700.2235533325979,True
P000250,Purple Eaque,Grocery,24052.84,True
P011728,AliceBlue Accusamus,Books,15478.3,True
P010547,RoyalBlue In,Home,20981.26,True
P010149,DarkViolet Ut,Books,12279.04,True
P007331,MediumBlue Aliquam,Electronics,23347.39,True
P008453,Magenta Ullam,Sports,17866.1,True
P003091,MediumPurple Ea,Sports,20216.45,True
P013875,Scale B2C Eyeballs,Toys,-171.28507201992477,True
P011413,DarkGray Vero,Beauty,9949.25,True
P006755,Bisque Distinctio,Sports,5644.19,True
P002149,NavajoWhite Impedit,Electronics,14669.38,True
P004534,DarkSlateGray Repudiandae,Toys,23272.87,True
P009107,DarkSlateGray Labore,Grocery,19993.45,True
P013359,Extend Scalable Relationships,Fashion,-262.46696109245084,True
P004689,Aggregate Viral Roi,Beauty,1973.88,True
P003123,Turquoise Temporibus,Toys,15183.09,True
P008240,Green Enim,Toys,23269.27,True
P011567,LightYellow Facere,Electronics,19275.85,True
P012557,Innovate Rich Supply-Chains,Beauty,FREE,True
P010406,LightSkyBlue Maiores,Beauty,12131.76,True
P001625,DarkViolet Ipsam,Grocery,337.71,True
P006709,Moccasin Ab,Fashion,1654.4,True
P013540,Syndicate 24/7 Systems,Grocery,-365.8501209350438,True
P005366,HoneyDew Sequi,Books,4984.41,True
P002855,PaleVioletRed Numquam,Books,10212.44,True
P002156,SlateBlue Perferendis,Beauty,7431.99,True
P002280,Black Ducimus,Books,9267.01,True
P005629,MediumSeaGreen Magni,Fashion,11790.75,True
P005031,Blue Aliquam,Sports,6924.33,True
P010716,OliveDrab Tempore,Electronics,3671.33,True
P003688,MistyRose Asperiores,Beauty,4387.97,True
P005812,HoneyDew Nam,Beauty,2549.9,True
P002764,Magenta Excepturi,Beauty,20122.53,True
P011133,OrangeRed Tempora,Sports,6035.82,True
P008182,MistyRose Explicabo,Beauty,11863.4,True
P008333,LemonChiffon Saepe,Books,7715.66,True
P007749,Lavender Velit,Toys,16020.53,True
P006475,DarkRed Cupiditate,Fashion,2084.56,True
P014851,,Electronics,24840.55,True
P014956,Evolve Ubiquitous Portals,Home,-480.53390605503455,True
P005059,Grow Intuitive Deliverables,Electronics,24778.59,True
P005283,LightGoldenRodYellow Accusamus,Books,22632.97,True
P012197,,Toys,17668.16,True
P011571,ForestGreen Beatae,Toys,7708.88,True
P000301,LightSkyBlue Dicta,Toys,2043.11,True
P002965,SeaShell Aliquid,Electronics,12306.5,True
P003110,Empower Dot-Com Portals,Books,15143.22,True
P003803,LavenderBlush Repellendus,Toys,16983.37,True
P014826,,Beauty,8466.99,True
P011294,WhiteSmoke Rerum,Beauty,8539.56,True
P009202,Turquoise Harum,Grocery,2562.53,True
P002487,Moccasin Ab,Sports,14451.4,True
P000452,DarkViolet Ipsa,Books,14394.61,True
P014269,,Books,18872.27,True
P010485,OldLace Atque,Home,17011.88,True
P005946,Orchid Animi,Electronics,20513.39,True
P000813,Yellow Laboriosam,Toys,8121.67,True
P011554,Green Distinctio,Beauty,20437.26,True
P000824,WhiteSmoke Nesciunt,Beauty,7089.08,True
P002870,Khaki Ducimus,Beauty,16773.73,True
P012199,Repurpose Frictionless Models,Fashion,-4.247668249344242,True
P005414,LightCyan Quod,Home,13936.35,True
P001126,Tan Enim,Toys,15848.07,True
P004525,Fuchsia Eius,Electronics,17730.05,True
P006937,ForestGreen Modi,Fashion,24096.87,True
P006520,LightGoldenRodYellow Ducimus,Beauty,23153.5,True
P012076,,Books,3730.21,True
P013684,,Books,23672.92,True
P010782,Ivory Praesentium,Home,23279.19,True
P001620,Orchid Inventore,Toys,12381.29,True
P003556,PapayaWhip Placeat,Fashion,17705.4,True
P000736,Black Earum,Fashion,9463.73,True
P003726,Plum Nihil,Grocery,6093.19,True
P003468,Beige Vero,Grocery,15997.2,True
P014047,Seize Cross-Platform Niches,Home,-778.6799918451942,True
P012362,,Electronics,18356.5,True
P004015,FireBrick Ex,Beauty,24296.63,True
P011585,PowderBlue Nesciunt,Books,6987.05,True
P010287,MediumPurple Molestias,Fashion,14767.24,True
P008032,Purple Quaerat,Toys,13537.13,True
P002101,WhiteSmoke Soluta,Beauty,23938.4,True
P005163,SkyBlue Quasi,Beauty,20583.31,True
P001449,Bisque At,Grocery,4231.75,True
P006338,Khaki Fugiat,Beauty,12037.05,True
P006278,MediumSpringGreen Illum,Books,18148.12,True
P007039,Pink Omnis,Sports,19740.65,True
P004156,Pink Itaque,Toys,4300.04,True
P010942,BlueViolet Praesentium,Home,9731.38,True
P002277,DodgerBlue Repellat,Electronics,21154.49,True
P013447,,Fashion,4238.97,True
P007702,MediumTurquoise Voluptate,Beauty,12421.21,True
P005173,Whiteboard Revolutionary Channels,Sports,22800.13,True
P000770,DarkCyan Recusandae,Sports,6045.68,True
P004442,DarkViolet Earum,Beauty,6022.81,True
P009519,Black Assumenda,Grocery,20860.16,True
P010146,BlanchedAlmond In,Books,19039.09,True
P000581,Black Ab,Books,17699.95,True
P000565,Beige Quisquam,Sports,17931.7,True
P009502,LightSkyBlue Voluptatibus,Fashion,17899.9,True
P004280,Tan Repellat,Home,15911.14,True
P001787,PapayaWhip Iure,Toys,6088.39,True
P002816,LightSeaGreen Odit,Beauty,10459.59,True
P003092,IndianRed Voluptate,Beauty,7369.66,True
P014787,,Sports,13369.47,True
P002855,Mesh Plug-And-Play Experiences,Sports,2253.77,True
P007586,SeaShell Iusto,Home,3693.41,True
P008703,Brown Id,Books,18989.89,True
P010033,BlanchedAlmond Incidunt,Electronics,10664.57,True
P000353,Salmon Eveniet,Home,11384.72,True
P003348,ForestGreen Atque,Electronics,8832.96,True
P009787,DarkViolet Repellendus,Home,2731.15,True
P006408,Violet A,Grocery,17688.05,True
P003405,GreenYellow Magnam,Sports,11270.1,True
P002455,DarkGray Totam,Toys,1990.82,True
P000619,Olive Quidem,Beauty,1591.81,True
P004479,MidnightBlue Veritatis,Home,10715.98,True
P012959,E-Enable User-Centric Action-Items,Home,FREE,True
P010135,Incubate Cutting-Edge Metrics,,6845.98,True
P012495,,Electronics,10409.78,True
P005246,OldLace Quas,Toys,195.71,True
P011106,Magenta Ipsum,Electronics,19781.52,True
P011588,DarkGray Vero,Books,9277.58,True
P014090,,,16576.6,True
P001133,Gold Similique,Beauty,2979.73,True
P004081,LightSeaGreen Omnis,Electronics,22498.46,True
P004845,LavenderBlush Quasi,Home,5858.43,True
P014534,Architect Compelling Content,,FREE,True
P004383,LavenderBlush Iste,Sports,13307.0,True
P001203,MediumAquaMarine Provident,Fashion,222.11,True
P011380,Bisque Voluptates,Fashion,8239.59,True
P011581,Orchid Harum,Toys,4690.35,True
P007736,Tomato Quidem,Fashion,22963.13,True
P000064,MediumTurquoise Quidem,Grocery,21170.7,True
P005094,PaleGoldenRod Magnam,Fashion,3973.29,True
P004026,White Sapiente,Books,18173.24,True
P004498,BlanchedAlmond In,Fashion,15807.0,True
P011570,GoldenRod Ea,Grocery,2480.3,True
P008591,Cyan Atque,Home,18533.06,True
P011037,MediumSeaGreen Amet,Electronics,5389.49,True
P009040,DeepPink Ad,Electronics,7972.9,True
P004164,SlateBlue Incidunt,Grocery,11088.17,True
P003165,Fuchsia Ipsa,Beauty,1344.15,True
P003270,LightGoldenRodYellow Odit,Sports,4247.43,True
P004650,Peru Doloribus,Books,3657.25,True
P005377,MidnightBlue Harum,Books,18582.35,True
P011101,GreenYellow Consequuntur,Sports,15946.17,True
P010539,Mesh Compelling Solutions,Books,22049.62,True
P010379,Lavender Accusamus,Sports,16907.93,True
P005103,DarkSalmon Sapiente,Grocery,3041.89,True
P010953,IndianRed Hic,Grocery,16324.17,True
P013038,,Home,15925.31,True
P014398,Seize Integrated Infrastructures,Grocery,FREE,True
P009637,Whiteboard Extensible Supply-Chains,Home,6980.68,True
P014419,,Sports,10416.19,True
P010144,Cornsilk Molestiae,Beauty,22534.2,True
P014540,,Grocery,19456.13,True
P006516,Ivory Facilis,Toys,6492.61,True
P001813,Lavender Facere,Books,1463.89,True
P008106,Aqua Repudiandae,Electronics,11926.96,True
P003755,LightSlateGray Ex,Sports,24263.91,True
P002005,DeepSkyBlue Cum,Sports,16885.2,True
P009151,White Explicabo,Grocery,19540.41,True
P006633,Sienna Aperiam,Sports,9027.04,True
P014130,,Toys,3588.13,True
P007124,Ivory Nisi,Electronics,13015.59,True
P007576,DarkGoldenRod Hic,Toys,12710.04,True
P014801,Evolve Dynamic Deliverables,Fashion,FREE,True
P008322,RosyBrown Beatae,Sports,3851.45,True
P008948,Revolutionize B2B Metrics,Books,1880.79,True
P005553,RosyBrown Itaque,Sports,19022.61,True
P001583,LightBlue Autem,Home,21235.22,True
P012554,,Beauty,9345.13,True
P013780,,,7233.44,True
P000627,DarkCyan Amet,Electronics,15040.86,True
P006940,PaleGoldenRod Quae,Electronics,12551.55,True
P014747,,Books,4867.58,True
P009573,LightSlateGray Facilis,Toys,7003.56,True
P004560,DarkMagenta Quibusdam,Electronics,3801.09,True
P008053,RoyalBlue Quasi,Electronics,23084.9,True
P007006,LightGray Modi,Toys,1448.35,True
P001522,Maroon Pariatur,Sports,24710.9,True
P001358,SeaShell Maiores,Toys,643.28,True
P011700,Beige Debitis,Grocery,963.1,True
P014949,Benchmark Interactive E-Markets,Toys,FREE,True
P000098,PaleGreen Debitis,Beauty,14709.38,True
P002962,Blue Accusamus,Beauty,24442.8,True
P003279,Moccasin Voluptatem,Books,15081.12,True
P001362,OrangeRed Esse,Books,11610.13,True
P013015,Morph Integrated Functionalities,Beauty,-944.6721248132593,True
P000574,Turquoise Molestias,Toys,7932.14,True
P005490,LightSalmon Ea,Beauty,9341.67,True
P013360,Synergize Strategic Channels,Sports,FREE,True
P007976,Linen Ullam,Toys,16442.94,True
P005670,MediumVioletRed Doloremque,Toys,4302.79,True
P004807,OliveDrab Ut,Electronics,9122.35,True
P012002,Matrix Enterprise Interfaces,Fashion,FREE,True
P011662,GreenYellow Voluptatum,Electronics,14899.9,True
P007253,Violet Aperiam,Grocery,8427.56,True
P002609,DarkKhaki Soluta,Grocery,420.87,True
P012120,Syndicate Interactive Paradigms,Electronics,FREE,True
P013965,,Sports,7477.6,True
P006328,Ivory Enim,Grocery,24238.85,True
P003407,SteelBlue Iure,Toys,5547.56,True
P007805,DarkSalmon Delectus,Sports,11297.37,True
P004401,MediumPurple Maxime,Sports,16790.24,True
P000092,Khaki Distinctio,Books,133.91,True
P000276,Sienna Nam,Grocery,8191.7,True
P005224,Linen Sed,Fashion,13910.57,True
P011112,Pink Quam,Books,7634.93,True
P008361,PaleVioletRed Blanditiis,Fashion,1390.36,True
P001784,Orange Omnis,Sports,9780.58,True
P007028,MistyRose Quisquam,Books,20717.02,True
P005121,Blue Magni,Sports,2572.56,True
P005416,SpringGreen Impedit,Beauty,22738.95,True
P002391,Moccasin Nesciunt,Electronics,8687.11,True
P014517,Whiteboard Transparent Metrics,Toys,-739.0529108033649,True
P006093,Coral In,Fashion,11939.59,True
P010378,CornflowerBlue Eum,Books,14127.33,True
P005687,Aquamarine Nam,Toys,21531.07,True
P008666,Monetize Mission-Critical Vortals,,11898.11,True
P010302,MediumSeaGreen Tenetur,Fashion,7345.11,True
P000367,Plum Adipisci,Sports,12986.98,True
P011317,OliveDrab Optio,Sports,359.67,True
P002932,DarkSeaGreen Voluptates,Fashion,922.03,True
P013330,Transform Revolutionary Markets,Beauty,FREE,True
P009075,Peru Quam,Home,9726.7,True
P010044,LightCoral Ipsa,Beauty,22655.35,True
P007774,LightSlateGray Sapiente,Grocery,5928.93,True
P009296,OrangeRed Ex,Sports,2814.55,True
P007239,Wheat Animi,Toys,3711.17,True
P011516,Bisque Velit,Electronics,14518.32,True
P000022,Plum Minima,Books,24402.74,True
P001942,MediumBlue Mollitia,Beauty,13808.59,True
P009614,GreenYellow Molestias,Grocery,19451.59,True
P012328,E-Enable 24/365 Deliverables,Beauty,-949.2911262135638,True
P013072,,Books,7060.45,True
P006736,BurlyWood Voluptate,Fashion,18409.3,True
P002326,OldLace Nostrum,Books,2938.71,True
P010053,Gainsboro Ex,Sports,12268.34,True
P010042,Drive Killer Deliverables,Books,18774.27,True
P009181,Lime Autem,Toys,21881.76,True
P008081,DarkSeaGreen Consequatur,Books,1384.04,True
P008768,Indigo Dolore,Grocery,13689.33,True
P004536,DarkGoldenRod Eveniet,Sports,1072.8,True
P001473,LightSalmon Magnam,Electronics,8606.65,True
P004528,Turquoise Minima,Sports,13117.97,True
P008249,Sienna Officiis,Grocery,21040.41,True
P004300,LightPink At,Toys,408.48,True
P007849,Violet Eius,Beauty,3060.56,True
P007351,CadetBlue Veritatis,Books,8478.38,True
P005155,DarkSeaGreen Repudiandae,Toys,13815.65,True
P000924,LightGreen Officia,Fashion,3160.55,True
P013959,Exploit User-Centric Supply-Chains,Books,FREE,True
P000965,Linen Quam,Fashion,950.45,True
P005135,PaleGreen Earum,Toys,23091.51,True
P000360,DarkSeaGreen Sequi,Beauty,20914.28,True
P010153,OldLace Odit,Books,3696.56,True
P002072,RoyalBlue Error,Toys,6947.73,True
P009174,Olive Dicta,Beauty,23853.08,True
P010923,DarkOrchid Cum,Fashion,2078.28,True
P012446,Innovate Frictionless Relationships,Books,FREE,True
P001122,DarkBlue Rem,Home,10317.09,True
P012440,Utilize E-Business Vortals,Grocery,FREE,True
P010040,Ivory Occaecati,Sports,21490.11,True
P009229,DeepPink Corrupti,Fashion,9129.12,True
P014928,Expedite Holistic Convergence,Beauty,-652.7515943750249,True
P001623,DarkKhaki Ullam,Electronics,18276.12,True
P007885,Black Nostrum,Sports,24641.56,True
P009461,DeepSkyBlue Numquam,Grocery,1968.79,True
P006585,Purple Pariatur,Electronics,21481.14,True
P008491,RosyBrown Accusantium,Fashion,16374.37,True
P002597,DarkSeaGreen Aliquam,Home,9625.15,True
P012122,,Home,9782.85,True
P002908,NavajoWhite Error,Fashion,14182.64,True
P007937,Bisque Labore,Fashion,6397.46,True
P006420,DarkGreen Dolor,Electronics,690.29,True
P008458,Magenta Nesciunt,Beauty,1539.76,True
P012527,Innovate Best-Of-Breed Models,Books,FREE,True
P000919,Khaki Distinctio,Beauty,21027.96,True
P014921,,Home,1017.87,True
P003379,FloralWhite Laudantium,Books,24271.86,True
P011840,RoyalBlue Qui,Electronics,11620.99,True
P008218,LightCyan Sunt,Fashion,19085.9,True
P002998,LightCyan A,Toys,5993.99,True
P010796,Bisque Dignissimos,Beauty,724.83,True
P006532,Linen Laboriosam,Sports,11235.62,True
P006448,PaleGreen Deserunt,Books,20253.68,True
P009990,RoyalBlue Commodi,Books,7985.63,True
P004213,Tan Nobis,Sports,24258.69,True
P011168,DeepPink Suscipit,Beauty,4166.2,True
P003647,DarkKhaki Illo,Electronics,6198.7,True
P011592,Cornsilk Ex,Fashion,24954.08,True
P006824,Transform Killer Schemas,Sports,22908.81,True
P012324,,Fashion,16334.65,True
P011236,LightYellow Corrupti,Grocery,17390.91,True
P014939,Visualize Plug-And-Play Schemas,Grocery,FREE,True
P010802,HoneyDew Consequatur,Sports,15045.92,True
P008279,RoyalBlue Ipsum,Grocery,11111.76,True
P004677,BurlyWood Vel,Toys,19436.89,True
P001181,DeepPink Doloremque,Fashion,3155.71,True
P013795,Architect Mission-Critical E-Business,Beauty,FREE,True
P012911,,Fashion,23895.04,True
P002758,MediumBlue Nihil,Toys,10373.61,True
P004399,Silver Nemo,Sports,11033.49,True
P008366,Salmon Harum,Electronics,13789.82,True
P007067,Leverage Distributed Web Services,Home,10559.34,True
P004423,DarkGray Dolore,Sports,16796.25,True
P011812,WhiteSmoke Tempora,Grocery,8875.67,True
P008293,LightBlue Officia,Home,3382.99,True
P003017,MediumSlateBlue Recusandae,Books,8957.6,True
P003613,LightGoldenRodYellow Soluta,Fashion,17802.31,True
P003630,Teal Saepe,Fashion,14442.01,True
P005140,Chartreuse A,Electronics,5496.04,True
P003944,PowderBlue Facilis,Electronics,9915.11,True
P007633,DeepPink Saepe,Fashion,7049.15,True
P006206,DarkBlue Repudiandae,Books,11335.91,True
P005165,Lime Reprehenderit,Grocery,15937.95,True
P013625,Unleash Rich Web Services,,-381.9624191867683,True
P014814,,Sports,24721.01,True
P009826,MediumVioletRed Assumenda,Beauty,19138.27,True
P004179,LemonChiffon Adipisci,Books,10488.41,True
P013669,Deliver Customized Metrics,Toys,FREE,True
P003243,DimGray Corporis,Home,8316.42,True
P007399,MediumSlateBlue Saepe,Home,9566.09,True
P003663,DeepSkyBlue Tenetur,Grocery,3226.68,True
P002642,OrangeRed Quae,Grocery,1713.58,True
P009005,SpringGreen Sit,Sports,9104.6,True
P002126,MediumAquaMarine Laudantium,Electronics,1708.8,True
P006896,Tomato Ea,Beauty,9733.39,True
P001908,Cyan Tenetur,Toys,14525.77,True
P014057,,,17714.39,True
P007180,Optimize Ubiquitous Content,,20519.83,True
P007400,Plum Quis,Electronics,14531.55,True
P001364,Red Dolorum,Toys,24697.1,True
P007845,Aqua Harum,Books,10081.57,True
P010049,HoneyDew Repudiandae,Home,7960.99,True
P010707,MediumSpringGreen Quasi,Sports,6777.2,True
P010530,LawnGreen Sit,Grocery,7500.43,True
P011323,Moccasin Libero,Electronics,1147.2,True
P011566,SkyBlue Possimus,Grocery,7760.35,True
P010438,Disintermediate Plug-And-Play Methodologies,Beauty,12041.46,True
P000613,SteelBlue Accusantium,Grocery,2595.05,True
P002169,LightSteelBlue Dicta,Books,13838.12,True
P005746,MediumSeaGreen Eaque,Fashion,16039.46,True
P004347,SandyBrown Quasi,Sports,12884.69,True
P000969,Coral Autem,Home,24119.32,True
P009203,YellowGreen Velit,Beauty,15692.09,True
P003621,MediumAquaMarine Occaecati,Fashion,12421.99,True
P005305,LimeGreen Ipsa,Home,11484.18,True
P006600,MediumSpringGreen Odio,Sports,22564.8,True
P009536,LemonChiffon Similique,Electronics,20834.08,True
P005627,PapayaWhip Molestias,Grocery,10775.1,True
P002940,DarkCyan Odit,Home,9804.04,True
P007683,LightSeaGreen Magni,Fashion,11545.92,True
P005912,MidnightBlue Nam,Toys,8513.78,True
P007000,DeepPink Quidem,Electronics,18138.1,True
P010333,LightGray Repellat,Books,7264.7,True
P010369,DarkSalmon Quidem,Electronics,12872.26,True
P008353,OrangeRed Odit,Books,23833.7,True
P007444,Indigo Sed,Beauty,4809.8,True
P007303,Tomato Commodi,Beauty,423.15,True
P000311,AliceBlue Sunt,Grocery,519.12,True
P013707,Engage Killer Action-Items,Beauty,FREE,True
P008435,HotPink Dicta,Home,16993.97,True
P006820,Silver Corporis,Fashion,1797.94,True
P013692,Reinvent Granular Relationships,Sports,FREE,True
P009014,Violet Tenetur,Sports,18223.58,True
P014515,Generate Best-Of-Breed Initiatives,Toys,FREE,True
P006471,Purple Quae,Sports,16021.15,True
P001947,Enhance Plug-And-Play Networks,Toys,20391.42,True
P000709,MediumVioletRed Adipisci,Fashion,17878.94,True
P000293,SandyBrown Iusto,Fashion,8583.64,True
P005920,DarkSlateGray Placeat,Sports,21254.97,True
P000216,DeepSkyBlue Quam,Beauty,21451.49,True
P007893,RosyBrown Temporibus,Sports,12441.89,True
P007438,DarkSlateGray Eos,Books,21635.95,True
P000066,LightGreen Quas,Sports,11061.23,True
P001361,Indigo Iusto,Sports,22829.37,True
P000259,DarkGoldenRod Ipsum,Electronics,776.2,True
P005114,OrangeRed Occaecati,Fashion,12679.5,True
P002185,DarkRed Beatae,Home,12691.25,True
P006212,SkyBlue Assumenda,Grocery,17891.75,True
P011049,OldLace Dolorum,Home,6580.14,True
P004035,PaleTurquoise Excepturi,Electronics,1131.31,True
P013442,,Fashion,3301.4,True
P003535,Navy Natus,Fashion,6881.29,True
P012550,Revolutionize Plug-And-Play Eyeballs,Toys,FREE,True
P000822,DarkGreen Veniam,Fashion,22837.85,True
P010962,MediumTurquoise Aut,Electronics,3113.56,True
P007582,Chocolate Quam,Electronics,12210.63,True
P013503,,Fashion,24253.49,True
P002909,LightCyan Ad,Books,501.86,True
P002796,HoneyDew Numquam,Toys,24780.47,True
P007626,CornflowerBlue Illo,Sports,6998.36,True
P008004,Chartreuse Deserunt,Toys,11418.62,True
P011105,SlateGray Culpa,Electronics,12886.21,True
P011109,LightSkyBlue Fugiat,Sports,24565.11,True
P003171,DarkViolet Asperiores,Home,19552.81,True
P003306,Snow Error,Sports,14390.53,True
P003677,FireBrick Dignissimos,Fashion,22895.43,True
P008943,Sienna Tempore,Beauty,5404.4,True
P006433,Silver Officia,Home,3895.87,True
P014255,Re-Contextualize Plug-And-Play Roi,Sports,FREE,True
P011735,Green Id,Books,11347.41,True
P004309,DarkBlue Maiores,Home,9031.14,True
P014959,Optimize 24/7 Web-Readiness,Home,-14.157183888099569,True
P000089,SpringGreen Molestias,Grocery,8435.19,True
P002933,LightGray Inventore,Sports,13129.08,True
P000681,LightSteelBlue Sapiente,Sports,14016.01,True
P003101,LightSteelBlue Accusamus,Electronics,1918.92,True
P001907,E-Enable Ubiquitous Networks,Sports,126.78,True
P001491,LemonChiffon Vitae,Books,2843.88,True
P005871,MediumSlateBlue Eum,Home,16633.32,True
P002409,Gainsboro Dolorum,Books,1896.25,True
P009628,DarkGoldenRod Placeat,Electronics,14857.85,True
P000861,CornflowerBlue Architecto,Home,1484.01,True
P013740,Drive Back-End Web Services,Sports,FREE,True
P012368,Seize Visionary Partnerships,Sports,FREE,True
P013089,Iterate Granular Initiatives,Beauty,-704.2517973979328,True
P003172,DarkCyan Occaecati,Home,12632.77,True
P011072,Fuchsia Laudantium,Home,11018.97,True
P000235,Thistle Tempore,Sports,20679.03,True
P009093,Brown Neque,Electronics,22441.44,True
P003111,DimGray Vero,Grocery,1011.8,True
P008096,LightCoral Labore,Fashion,7078.96,True
P005403,Deploy Ubiquitous Synergies,,18668.2,True
P004615,Coral Quos,Books,4555.94,True
P007132,DarkViolet Dignissimos,Electronics,6425.2,True
P012494,Orchestrate Scalable Supply-Chains,Beauty,FREE,True
P012454,Transition Impactful Channels,,FREE,True
P006476,Plum Quam,Books,16731.04,True
P011781,Gold Expedita,Home,10701.81,True
P004493,MediumTurquoise Ullam,Electronics,9205.68,True
P005091,LightGreen Excepturi,Home,6140.98,True
P002715,DarkBlue Maxime,Grocery,17410.94,True
P011732,Magenta Eum,Sports,3347.04,True
P012399,,,13977.24,True
P005118,RosyBrown Saepe,Toys,8452.78,True
P000067,Bisque Maxime,Sports,8558.05,True
P003049,LightGoldenRodYellow Cumque,Sports,8209.53,True
P011604,OrangeRed Aliquam,Books,5038.82,True
P012539,Implement Frictionless Users,Electronics,FREE,True
P007381,DarkTurquoise Consectetur,Beauty,659.51,True
P005729,DeepSkyBlue Eveniet,Fashion,21760.62,True
P009219,Chocolate Harum,Toys,13938.74,True
P004736,AntiqueWhite Minima,Books,21141.63,True
P004121,GoldenRod Deserunt,Grocery,11959.48,True
P000168,FireBrick Molestiae,Home,13953.3,True
P009012,MediumSlateBlue Eligendi,Sports,5900.53,True
P006583,LightCoral Consectetur,Beauty,8567.88,True
P000820,Yellow Reiciendis,Grocery,6572.04,True
P003692,Blue Quos,Electronics,13775.67,True
P000848,Yellow A,Electronics,18115.28,True
P003024,DarkOliveGreen Aperiam,Toys,23863.9,True
P008552,Purple Reprehenderit,Fashion,16261.7,True
P007567,Revolutionize Compelling Functionalities,Fashion,10218.78,True
P003729,AliceBlue Animi,Sports,22599.47,True
P008889,SandyBrown Dolorum,Grocery,15670.52,True
P002861,Beige Rerum,Fashion,951.24,True
P006258,Blue Sed,Beauty,12366.84,True
P012084,Syndicate Extensible Eyeballs,Books,FREE,True
P011512,LightCyan Fuga,Books,4547.9,True
P000551,DarkOrchid Sint,Sports,9146.49,True
P003694,Gray Iure,Home,23610.06,True
P007088,DarkSlateGray Temporibus,Toys,3450.32,True
P010167,Fuchsia Expedita,Toys,12098.53,True
P009078,Aggregate Strategic Vortals,Books,24565.68,True
P012694,,Fashion,11188.89,True
P007644,PaleGreen Illum,Home,20995.62,True
P008736,Maroon Fugit,Books,22781.15,True
P007879,SlateBlue Accusantium,Books,22306.79,True
P010407,Olive Iste,Sports,14953.39,True
P005786,Turquoise Error,Toys,14428.73,True
P007878,YellowGreen Sed,Fashion,17449.72,True
P012047,,Electronics,18983.97,True
P006716,Beige Blanditiis,Books,15128.28,True
P010879,HotPink Voluptas,Electronics,2185.79,True
P008274,Lavender Veniam,Beauty,24887.35,True
P010824,HotPink Esse,Electronics,4961.03,True
P004100,DarkSlateGray Nostrum,Home,1200.22,True
P005868,WhiteSmoke Odio,Books,3301.41,True
P003301,Purple Repellat,Sports,17876.43,True
P012425,Deliver Intuitive Info-Mediaries,Books,FREE,True
P003139,AntiqueWhite Numquam,Toys,11977.65,True
P003862,Implement Compelling Initiatives,Grocery,7103.51,True
P007043,MediumPurple Possimus,Beauty,24675.97,True
P011973,Magenta Dolore,Grocery,3922.93,True
P009692,DarkSlateGray Dolor,Toys,12554.95,True
P007703,Blue Blanditiis,Home,23806.94,True
P002385,MediumSeaGreen Nihil,Toys,12956.73,True
P013745,Whiteboard Distributed E-Commerce,Home,FREE,True
P001658,LimeGreen Sint,Books,2278.75,True
P006579,GreenYellow Doloribus,Grocery,12404.15,True
P003736,RoyalBlue Iste,Grocery,10963.92,True
P011975,GoldenRod Facere,Fashion,21443.95,True
P010062,SteelBlue Quidem,Sports,6563.86,True
P005900,DarkKhaki Sapiente,Beauty,9654.16,True
P008464,LightGreen Similique,Fashion,11541.63,True
P012375,Implement Collaborative Convergence,Toys,-387.9309763231376,True
P007871,CornflowerBlue Aspernatur,Toys,8614.99,True
P012746,,Books,8080.88,True
P008879,SandyBrown Accusantium,Home,8560.94,True
P000881,DarkCyan Perspiciatis,Grocery,13902.39,True
P012471,Maximize Holistic Roi,,-485.9372378919102,True
P006197,DarkGray Molestiae,Home,2522.14,True
P000281,Enhance Enterprise Schemas,Sports,5787.64,True
P002700,LightGreen Earum,Grocery,85.47,True
P000390,Silver Excepturi,Fashion,12620.49,True
P012507,,Books,14480.2,True
P003147,MediumOrchid Aliquid,Electronics,24419.02,True
P009734,Orange Voluptatum,Beauty,16648.82,True
P005615,OrangeRed Voluptatum,Toys,23280.92,True
P007859,PowderBlue Magni,Fashion,23568.18,True
P006154,Reinvent Extensible Technologies,Books,17027.22,True
P003910,Olive Ullam,Sports,12534.12,True
P001325,LimeGreen Labore,Books,2706.92,True
P013342,,Sports,13625.59,True
P002016,FloralWhite Deserunt,Electronics,966.64,True
P004072,DarkRed Vero,Grocery,11152.88,True
P006191,Fuchsia Tempore,Fashion,15822.71,True
P004265,Turquoise Officia,Fashion,14075.03,True
P002454,CornflowerBlue Alias,Electronics,22828.77,True
P001117,Gold Neque,Fashion,9137.74,True
P011418,SlateGray Error,Fashion,20699.81,True
P011714,Synthesize Frictionless Paradigms,Beauty,16668.11,True
P013399,,Books,13746.83,True
P009250,MistyRose Ab,Electronics,15047.94,True
P010299,MediumPurple Nulla,Sports,14999.89,True
P014377,,Sports,14929.89,True
P001736,PeachPuff Expedita,Toys,23788.36,True
P013423,Whiteboard Cross-Platform Roi,Sports,FREE,True
P002974,LavenderBlush Porro,Electronics,19757.14,True
P008390,LightCoral Mollitia,Electronics,20598.29,True
P004994,MediumVioletRed Nisi,Grocery,14446.35,True
P014127,Synergize User-Centric Functionalities,,FREE,True
P001130,Re-Intermediate Virtual Platforms,,6360.19,True
P012813,Maximize Global Roi,Home,-64.71602069266476,True
P006364,Plum Ab,Sports,3851.97,True
P007322,Navy Reiciendis,Fashion,19523.33,True
P012558,Maximize Cutting-Edge Metrics,Home,-503.03565137870385,True
P003362,LightBlue Fugiat,Electronics,3625.05,True
P008894,Gold Ut,Books,16237.51,True
P001183,RoyalBlue Laborum,Sports,19071.89,True
P014207,Enhance Seamless E-Commerce,Books,FREE,True
P004325,PaleTurquoise Quibusdam,Grocery,1146.31,True
P003722,MediumAquaMarine Ducimus,Electronics,13833.92,True
P008700,Magenta Soluta,Grocery,19409.29,True
P003577,NavajoWhite Quam,Books,235.87,True
P009572,DodgerBlue Impedit,Beauty,7946.35,True
P008486,LightBlue In,Fashion,2601.63,True
P011278,Orange Quidem,Beauty,1322.46,True
P013480,,Beauty,3086.43,True
P003021,Indigo Eligendi,Toys,20436.97,True
P010709,Cyan Nisi,Fashion,18217.6,True
P013013,,Fashion,5028.73,True
P005544,Snow Ipsam,Grocery,10285.65,True
P008965,DeepPink Tempora,Fashion,12029.39,True
P011131,MediumBlue Ex,Grocery,14394.46,True
P003486,LightSeaGreen Doloribus,Grocery,21384.64,True
P008650,SeaShell Neque,Books,20437.57,True
P001081,SeaShell Eveniet,Grocery,15677.71,True
P008420,Bisque Magnam,Grocery,11472.57,True
P006942,PowderBlue Alias,Electronics,11115.93,True
P014998,Integrate Cross-Media Relationships,Grocery,-791.2141017966716,True
P000357,DeepPink Tenetur,Fashion,3297.0,True
P006851,MediumBlue Sapiente,Sports,20764.72,True
P004946,Generate Synergistic Convergence,Books,20042.35,True
P000636,Lime Dolorem,Grocery,403.36,True
P004281,LavenderBlush Quisquam,Home,14802.58,True
P001291,Yellow Laboriosam,Electronics,5345.87,True
P011836,Blue Odit,Toys,16136.5,True
P002729,Brown Culpa,Books,16768.34,True
P014469,,Electronics,22058.99,True
P009299,BurlyWood Possimus,Grocery,12232.57,True
P003350,MediumSeaGreen Quidem,Electronics,14427.0,True
P005104,Beige Ratione,Fashion,5156.13,True
P005348,DarkOliveGreen Inventore,Toys,21817.49,True
P012946,,Home,5652.9,True
P005956,BlanchedAlmond Eum,Home,19467.44,True
P011233,Teal Veritatis,Sports,1038.88,True
P013007,Leverage E-Business Synergies,Beauty,FREE,True
P008718,SlateGray Praesentium,Fashion,17648.09,True
P002362,PaleTurquoise Reiciendis,Fashion,14068.75,True
P010592,Lavender Ut,Books,12097.19,True
P003322,WhiteSmoke Fuga,Grocery,4980.86,True
P013583,Disintermediate Turn-Key Portals,,-139.08859868520423,True
P009888,DarkRed Excepturi,Sports,12457.85,True
P000108,Chocolate Nisi,Beauty,23628.5,True
P006997,LemonChiffon Tenetur,Sports,24479.55,True
P002132,LightSalmon Quo,Home,20089.13,True
P000412,DarkOliveGreen Vel,Books,20003.72,True
P006029,PapayaWhip Voluptatem,Fashion,20637.09,True
P008893,Sienna Doloribus,Grocery,24612.41,True
P004992,RoyalBlue Temporibus,Books,13121.97,True
P003015,LightBlue Inventore,Grocery,6836.19,True
P005352,LightGray Et,Toys,9606.61,True
P011677,SaddleBrown Consectetur,Books,11239.33,True
P003876,OliveDrab Ea,Grocery,11605.5,True
P003082,Embrace Web-Enabled Communities,Home,12399.34,True
P003537,DarkSalmon Molestias,Toys,12736.41,True
P007097,MediumAquaMarine Veritatis,Sports,23075.79,True
P008808,ForestGreen Nihil,Home,23667.87,True
P013145,Transform Proactive Web Services,Fashion,-615.6899655895984,True
P009506,LemonChiffon Vero,Sports,13590.03,True
P000444,DimGray Sapiente,Grocery,2448.78,True
P014992,Grow Wireless Content,Toys,-951.6362270063387,True
P012783,Aggregate Rich Interfaces,Sports,FREE,True
P010121,Salmon Commodi,Grocery,3141.31,True
P003863,Chartreuse Cumque,Fashion,4209.74,True
P000778,LightBlue Impedit,Electronics,21670.17,True
P011517,Orange Quae,Grocery,12671.13,True
P000700,LightBlue Distinctio,Beauty,4221.26,True
P004505,PeachPuff Sed,Fashion,2852.19,True
P005502,SeaShell Numquam,Grocery,9877.51,True
P002612,GoldenRod Modi,Toys,23328.76,True
P008368,HoneyDew Ipsa,Home,6403.97,True
P005981,Gray Molestias,Grocery,15609.02,True
P004628,GoldenRod Natus,Fashion,8818.49,True
P008220,DimGray Delectus,Sports,14976.5,True
P009813,MediumSpringGreen Praesentium,Home,15464.0,True
P004978,Azure Laboriosam,Books,15102.14,True
P006138,Facilitate World-Class Portals,Grocery,7987.86,True
P012512,Incubate Robust Bandwidth,Electronics,FREE,True
P013884,Orchestrate Front-End Deliverables,Books,FREE,True
P009642,DarkGreen Voluptates,Toys,333.61,True
P008301,LightSlateGray Vitae,Fashion,15196.11,True
P013269,,Fashion,9658.82,True
P005506,Evolve Collaborative Mindshare,Grocery,887.54,True
P000739,LightSeaGreen Cupiditate,Books,13431.59,True
P004733,LightBlue At,Fashion,597.97,True
P011963,PeachPuff Praesentium,Grocery,9688.35,True
P001179,SeaGreen Blanditiis,Sports,4642.74,True
P007967,Cyan Quibusdam,Electronics,10682.53,True
P006325,Lime Assumenda,Toys,21512.01,True
P000999,Peru Ullam,Grocery,5529.08,True
P003076,Turquoise Cumque,Grocery,14484.54,True
P010104,Aggregate Extensible Technologies,Sports,4611.68,True
P001264,Aqua Recusandae,Electronics,7406.65,True
P008862,Yellow Voluptatibus,Fashion,13596.99,True
P007843,LightSalmon Velit,Fashion,23918.15,True
P013514,Visualize Dynamic Convergence,Sports,FREE,True
P000415,HoneyDew Veniam,Beauty,3995.15,True
P003513,RosyBrown Vitae,Electronics,6290.18,True
P006245,Brown Reprehenderit,Toys,17378.84,True
P000483,Unleash Granular Info-Mediaries,Fashion,24950.38,True
P005571,Turquoise Iste,Beauty,11652.42,True
P011298,PowderBlue Vero,Toys,21942.17,True
P003220,Indigo Necessitatibus,Fashion,21181.32,True
P009875,Lavender Voluptatem,Home,14668.62,True
P003335,OldLace Ea,Toys,3398.41,True
P005782,PaleGreen Aliquid,Home,17665.02,True
P007930,HoneyDew Nihil,Beauty,4935.91,True
P006774,Linen Inventore,Beauty,24502.68,True
P001277,PaleGoldenRod Expedita,Sports,6540.45,True
P013840,Synergize Impactful Action-Items,Sports,FREE,True
P009529,IndianRed Inventore,Grocery,13204.97,True
P014768,Engineer Intuitive Info-Mediaries,Beauty,-204.68830873563752,True
P001610,CadetBlue Temporibus,Grocery,13798.53,True
P006590,Optimize Vertical Roi,Home,5240.42,True
P010469,DarkGoldenRod Perferendis,Fashion,22560.85,True
P007014,LightPink Unde,Sports,2339.73,True
P005904,Engage Magnetic E-Business,Fashion,23116.14,True
P008127,SeaGreen Magni,Grocery,11513.94,True
P010130,DarkCyan Repellat,Home,10683.84,True
P006931,LightGray Ab,Beauty,19925.46,True
P004306,DarkCyan Ducimus,Electronics,12133.83,True
P010658,LightGray Repellendus,Electronics,13284.21,True
P005594,BlanchedAlmond Reiciendis,Toys,14811.01,True
P006801,LightBlue Molestias,Electronics,18366.66,True
P008969,PaleTurquoise Mollitia,Home,13456.6,True
P008524,LavenderBlush Omnis,Grocery,7748.67,True
P001875,Orange Unde,Grocery,5051.82,True
P003924,Indigo Esse,Fashion,18846.68,True
P004549,DeepSkyBlue Delectus,Toys,15176.89,True
P006334,Wheat A,Beauty,2510.38,True
P008003,LightBlue Cupiditate,Beauty,4447.54,True
P005467,DarkRed Quaerat,Electronics,8427.06,True
P001385,DarkSalmon Labore,Grocery,19770.13,True
P007191,IndianRed Aperiam,Home,6986.09,True
P011064,DarkKhaki Id,Electronics,22293.07,True
P009172,Gray Deserunt,Books,18960.78,True
P007032,CornflowerBlue Fugit,Sports,10135.7,True
P007033,Facilitate E-Business E-Commerce,Fashion,8514.27,True
P010882,LightGreen Delectus,Toys,17749.33,True
P003971,DimGray Aliquid,Sports,22843.02,True
P009383,DarkGoldenRod Laborum,Books,16067.77,True
P008251,Violet Aperiam,Books,24214.01,True
P012046,Architect Frictionless Mindshare,Fashion,FREE,True
P011902,DarkSlateBlue Sapiente,Sports,24467.04,True
P001244,CornflowerBlue Architecto,Sports,22565.29,True
P008170,MediumAquaMarine Dolores,Beauty,3467.38,True
P005806,Lavender Adipisci,Toys,19973.56,True
P012195,Streamline Mission-Critical Infrastructures,Sports,FREE,True
P014732,Reinvent Scalable Content,Electronics,FREE,True
P003523,SlateBlue Impedit,Toys,24039.64,True
P009835,Ivory Modi,Electronics,4225.56,True
P001050,SaddleBrown Consectetur,Beauty,7697.1,True
P001275,HotPink Fuga,Sports,24322.54,True
P009774,Lavender Est,Electronics,15133.43,True
P003099,LightSalmon Quisquam,Books,21647.64,True
P006374,Turquoise Cum,Books,14409.13,True
P000127,Thistle Quidem,Electronics,20005.23,True
P011373,Green Sequi,Home,4101.58,True
P001985,Tomato Unde,Beauty,20529.0,True
P002871,Tan Libero,Home,19340.88,True
P009371,DarkSalmon Animi,Fashion,11943.77,True
P004486,Pink Ab,Grocery,15941.73,True
P012025,Exploit World-Class E-Markets,Toys,-362.33753237123034,True
P008421,Khaki Tempora,Books,10765.84,True
P011842,MediumAquaMarine Consequatur,Toys,1435.4,True
P006875,DarkSlateBlue Quibusdam,Grocery,22944.05,True
P006313,Magenta Corrupti,Grocery,24788.91,True
P006027,Morph Rich Channels,Sports,22492.89,True
P001390,DarkOrchid Eos,Books,12795.54,True
P010793,LawnGreen Nam,Grocery,15499.7,True
P002831,DimGray Explicabo,Home,11153.45,True
P004163,SteelBlue Voluptates,Electronics,22583.55,True
P009276,Red Vero,Electronics,12807.33,True
P000398,OrangeRed Quaerat,Grocery,6882.91,True
P011150,DarkGreen Unde,Sports,825.0,True
P002323,Yellow Autem,Books,24472.7,True
P012653,Whiteboard Compelling Infrastructures,Toys,-13.754408124806769,True
P000088,LightPink Pariatur,Books,12189.77,True
P009621,SaddleBrown Reprehenderit,Beauty,101.21,True
P011260,Plum Aperiam,Fashion,792.02,True
P011341,FireBrick Placeat,Fashion,12353.41,True
P005932,Aquamarine Dolores,Books,14111.54,True
P005886,MidnightBlue Recusandae,Fashion,13978.31,True
P003451,LightBlue Nostrum,Toys,5647.46,True
P010790,LemonChiffon Maxime,Grocery,4675.92,True
P009616,LimeGreen Corporis,Electronics,17702.82,True
P007500,LightPink Delectus,Books,7752.39,True
P000609,DarkOrange Dignissimos,Electronics,14625.49,True
P011271,CornflowerBlue Facere,Toys,6690.57,True
P006846,LightGray Sunt,Electronics,21741.04,True
P010785,DarkOrchid Dicta,Fashion,12610.43,True
P011572,OliveDrab Natus,Toys,1466.5,True
P013383,Morph Bricks-And-Clicks Channels,Sports,-752.6432393858657,True
P006431,DarkBlue Ex,Grocery,23841.43,True
P014150,Synthesize Collaborative Communities,Home,-760.462918675471,True
P006006,CornflowerBlue In,Home,5464.38,True
P011462,Khaki Magnam,Grocery,23955.22,True
P003596,PeachPuff Eius,Toys,7416.98,True
P000061,LightSeaGreen Excepturi,Books,10539.51,True
P013799,,Toys,9531.51,True
P001191,BlanchedAlmond Dignissimos,Books,18123.87,True
P000355,Coral Necessitatibus,Books,10114.78,True
P003874,Green Iure,Sports,24563.69,True
P007142,DarkBlue Distinctio,Fashion,19573.4,True
P002604,LightSkyBlue Corporis,Grocery,20758.2,True
P014918,Enhance Mission-Critical Action-Items,Electronics,-909.8499752288817,True
P007792,Thistle Porro,Beauty,13748.92,True
P013564,,Grocery,664.19,True
P005009,Crimson Quia,Fashion,17424.27,True
P010680,SlateBlue Assumenda,Toys,20632.8,True
P003915,PaleGoldenRod Quos,Toys,3138.98,True
P003112,Integrate Cross-Platform Communities,,2623.11,True
P000297,HoneyDew Nulla,Fashion,8692.95,True
P013810,Integrate Killer Bandwidth,Books,FREE,True
P002380,DarkSlateGray Cum,Grocery,1341.46,True
P005754,Aquamarine Dolore,Electronics,18503.96,True
P007999,OliveDrab Perferendis,Sports,16010.13,True
P010894,Moccasin Facilis,Home,21137.84,True
P002427,Olive Minus,Books,2449.08,True
P002793,Snow Odit,Home,16943.93,True
P004393,SaddleBrown Pariatur,Grocery,14489.77,True
P006561,HotPink Totam,Sports,23692.38,True
P002832,LightSteelBlue Eius,Electronics,19123.57,True
P002423,Purple Optio,Sports,11069.01,True
P001801,Silver Eligendi,Home,10757.09,True
P007562,Sienna Accusamus,Sports,9011.83,True
P005991,DeepSkyBlue Perspiciatis,Electronics,24973.75,True
P005359,Seize Cross-Media Mindshare,Toys,11745.24,True
P011708,Olive Dolores,Books,19906.37,True
P004872,PaleVioletRed Maiores,Toys,16690.97,True
P014192,,Toys,20557.06,True
P004678,SkyBlue Velit,Fashion,22820.96,True
P012216,Target Dynamic Solutions,,-434.5952214433133,True
P009481,DimGray Nostrum,Beauty,21242.4,True
P000231,SeaShell Architecto,Fashion,18801.94,True
P007057,PaleTurquoise Recusandae,Grocery,14874.35,True
P013701,,Fashion,4512.99,True
P001896,Green Pariatur,Beauty,9747.02,True
P014431,Facilitate Out-Of-The-Box Deliverables,Toys,-306.77882347157356,True
P005979,Plum Quas,Electronics,18212.94,True
P002860,Target Revolutionary Web-Readiness,Toys,6715.5,True
P006856,SkyBlue Quis,Toys,20198.47,True
P003651,LightSkyBlue Facere,Grocery,3958.58,True
P013784,Synthesize Efficient Technologies,Books,-959.581803273373,True
P002522,DarkGray Perferendis,Fashion,9543.44,True
P008710,LightSteelBlue Occaecati,Toys,19941.5,True
P009783,PeachPuff Voluptatum,Home,23248.74,True
P001465,Mesh Wireless Schemas,Electronics,5848.23,True
P006918,Thistle Dolorum,Books,23210.87,True
P006367,Gray Natus,Books,15569.1,True
P004482,DarkGreen Illum,Beauty,20132.73,True
P008208,Linen Aspernatur,Beauty,3409.03,True
P007796,PaleTurquoise Excepturi,Fashion,11637.25,True
P012825,,,20952.22,True
P003283,SpringGreen Necessitatibus,Grocery,14324.07,True
P004406,Empower Killer Roi,Fashion,15376.29,True
P014179,Cultivate Best-Of-Breed Deliverables,,FREE,True
P002732,DarkOrchid Veniam,Sports,24006.19,True
P014385,Redefine Compelling Info-Mediaries,Fashion,FREE,True
P002881,SkyBlue Corporis,Sports,1926.35,True
P000612,PaleGreen Hic,Fashion,11880.41,True
P003826,LimeGreen Neque,Books,5138.65,True
P005810,Plum Sunt,Toys,22552.26,True
P012905,Leverage Sticky Mindshare,Grocery,FREE,True
P011329,GhostWhite Nobis,Beauty,6892.75,True
P005007,Empower Bleeding-Edge Technologies,,6559.21,True
P008461,Sienna Illum,Grocery,10225.87,True
P003079,Cornsilk Molestiae,Grocery,7434.92,True
P002730,DarkViolet Hic,Books,9100.62,True
P001687,LightCoral Quos,Electronics,23653.79,True
P003489,DarkKhaki Saepe,Books,15859.11,True
P003214,Architect Real-Time Architectures,Books,23369.17,True
P001399,Peru Quae,Grocery,22273.31,True
P004535,LightSkyBlue Animi,Sports,2005.68,True
P014002,Monetize Mission-Critical Networks,Fashion,-171.23769224340086,True
P011971,GoldenRod Doloribus,Electronics,5547.71,True
P007140,Tomato Ad,Fashion,1287.55,True
P006490,Maroon Beatae,Sports,14435.33,True
P011363,Gray At,Sports,10800.28,True
P001466,Violet Similique,Electronics,13057.09,True
P008223,SlateBlue Ipsum,Sports,630.49,True
P009735,Thistle Error,Beauty,18450.43,True
P014526,Drive Seamless Initiatives,Home,FREE,True
P013617,Incentivize User-Centric Paradigms,Fashion,FREE,True
P007841,SlateBlue Odio,Grocery,24894.63,True
P002472,Lavender Aut,Grocery,17090.88,True
P014971,E-Enable Mission-Critical Content,Grocery,FREE,True
P010228,HoneyDew Deserunt,Electronics,16065.08,True
P010992,GhostWhite Accusamus,Fashion,10257.27,True
P008794,Moccasin Accusamus,Toys,24766.76,True
P006934,Ivory Sit,Fashion,6062.65,True
P001168,NavajoWhite Mollitia,Home,5594.98,True
P013970,Enable B2C Technologies,Fashion,FREE,True
P014250,,Beauty,22018.82,True
P004901,SlateGray Amet,Home,7617.18,True
P011024,LightCyan Ab,Grocery,12002.32,True
P004345,LightYellow Vel,Grocery,21591.65,True
P003389,Cornsilk Veritatis,Electronics,20185.95,True
P008709,NavajoWhite Non,Toys,24552.74,True
P000733,RosyBrown Incidunt,Home,7459.89,True
P011996,LemonChiffon Exercitationem,Toys,4173.94,True
P004710,Blue Labore,Home,18742.16,True
P014767,,,4909.61,True
P001443,BlueViolet Eveniet,Sports,10870.52,True
P006794,DeepPink Voluptates,Electronics,10410.48,True
P001195,Cyan Tenetur,Books,22197.58,True
P004007,Embrace End-To-End Communities,Books,11172.62,True
P009890,DarkCyan Velit,Beauty,5339.23,True
P003554,Pink Nemo,Electronics,13465.63,True
P011782,Cyan Ab,Beauty,1714.1,True
P005449,Turquoise Accusamus,Books,14064.07,True
P003458,Gray Iste,Toys,384.21,True
P012105,Implement Synergistic Applications,Beauty,FREE,True
P009482,GhostWhite Velit,Toys,17779.47,True
P009633,Plum Accusantium,Fashion,14602.1,True
P000679,OrangeRed Assumenda,Fashion,20900.34,True
P002574,Ivory Doloremque,Beauty,3655.29,True
P001585,Ivory Eveniet,Sports,1220.97,True
P003132,LightSeaGreen Possimus,Books,11172.36,True
P004933,DarkSlateGray Deleniti,Beauty,20854.83,True
P003763,DarkSlateGray Nisi,Home,8503.06,True
P013407,Visualize Real-Time Communities,Electronics,-311.2738429912885,True
P001252,Iterate Dynamic Functionalities,Home,2028.97,True
P003066,CornflowerBlue Cumque,Fashion,3551.94,True
P000340,LightSeaGreen Blanditiis,Toys,21324.73,True
P005027,Enable 24/7 Solutions,Fashion,21979.14,True
P006084,DarkViolet Ullam,Sports,5603.31,True
P003321,DarkOrange Aliquid,Electronics,16129.97,True
P009568,MintCream Voluptatibus,Books,10127.36,True
P010442,Gray Iusto,Home,19143.2,True
P010969,Orchestrate Bricks-And-Clicks Info-Mediaries,Electronics,21305.39,True
P005582,RosyBrown Numquam,Toys,6963.77,True
P007812,Aqua Quisquam,Books,23777.58,True
P005692,MediumSlateBlue Similique,Home,1362.23,True
P005508,DarkViolet Iure,Fashion,15454.29,True
P007002,MediumPurple Hic,Beauty,2110.23,True
P014318,Scale Next-Generation Users,Sports,-811.4239751587058,True
P006123,MidnightBlue Nisi,Home,21849.87,True
P007858,BurlyWood A,Beauty,6573.04,True
P002777,CadetBlue Minima,Electronics,11906.33,True
P011949,Indigo Voluptas,Beauty,14708.68,True
P011354,HotPink Assumenda,Books,1704.41,True
P004348,MediumSlateBlue Error,Toys,21343.25,True
P006409,DarkSeaGreen Optio,Electronics,19443.5,True
P005294,Yellow Repellendus,Sports,679.02,True
P008675,Tan Atque,Electronics,24490.51,True
P014634,Redefine 24/365 Roi,,FREE,True
P007421,PaleGoldenRod Laboriosam,Grocery,12328.49,True
P004548,PaleTurquoise Cum,Books,14395.68,True
P006515,Cyan Maxime,Fashion,386.9,True
P006492,Magenta Eius,Electronics,12617.96,True
P007887,Purple Laudantium,Toys,19332.65,True
P012720,Re-Contextualize User-Centric Deliverables,Beauty,FREE,True
P002569,DarkSlateGray Mollitia,Home,541.79,True
P002060,Olive Beatae,Home,23951.99,True
P009955,DarkTurquoise Aspernatur,Books,5208.92,True
P008349,PaleGoldenRod Minus,Fashion,9055.4,True
P001542,Brown Nulla,Grocery,1404.02,True
P000712,BurlyWood Saepe,Beauty,1020.26,True
P009640,LightCyan At,Home,7405.65,True
P010273,Indigo Assumenda,Beauty,121.42,True
P003817,LightSeaGreen Distinctio,Grocery,22817.86,True
P014404,,Home,3345.89,True
P000443,Enhance Holistic Supply-Chains,Beauty,4461.58,True
P005531,Peru Dolores,Fashion,1180.41,True
P008467,Linen Nisi,Sports,6009.11,True
P005593,PapayaWhip Illum,Grocery,21026.37,True
P012799,,Beauty,11549.94,True
P006929,Tan Repellat,Toys,13842.6,True
P000172,Tomato Necessitatibus,Grocery,3797.94,True
P004287,Tomato Repellat,Home,10121.91,True
P010572,Violet Quaerat,Books,4034.54,True
P010235,Purple Doloremque,Beauty,315.31,True
P007824,LightPink Consequatur,Grocery,6037.54,True
P008482,GoldenRod Odit,Toys,138.79,True
P013210,Architect Frictionless Methodologies,Fashion,-853.2658195141886,True
P014340,Generate World-Class Bandwidth,Home,-219.1000220652284,True
P000812,Violet Tempora,Electronics,2430.77,True
P007521,Black Pariatur,Books,22530.05,True
P004187,LightBlue Fugit,Toys,16423.63,True
P009112,CornflowerBlue Consequatur,Electronics,15676.1,True
P001651,Pink Tenetur,Toys,15866.74,True
P014904,Productize Distributed Roi,Electronics,-547.3396583170436,True
P010183,Gainsboro Necessitatibus,Beauty,13568.64,True
P002646,Black Aspernatur,Electronics,24592.81,True
P011165,Fuchsia Enim,Sports,24781.18,True
P002063,SteelBlue Voluptate,Beauty,3433.59,True
P005804,PapayaWhip Dolorum,Electronics,4787.22,True
P002765,Orange Accusamus,Sports,472.36,True
P014508,,Fashion,24819.1,True
P000100,Salmon Assumenda,Toys,17522.63,True
P009967,Moccasin Laboriosam,Home,20172.53,True
P002689,MediumAquaMarine Sit,Toys,9637.36,True
P000491,YellowGreen Mollitia,Fashion,21926.65,True
P002698,SlateBlue Esse,Books,22456.88,True
P014948,,,5090.78,True
P004649,DarkOrange Itaque,Beauty,4544.13,True
P000632,LightSlateGray Beatae,Electronics,9681.66,True
P011924,Yellow Totam,Books,20537.69,True
P007938,LemonChiffon Quo,Grocery,2674.22,True
P013302,,Electronics,7929.69,True
P008332,Cornsilk Eaque,Sports,3205.81,True
P013652,Extend Viral Models,Toys,FREE,True
P005569,OrangeRed Repudiandae,Beauty,12090.95,True
P012128,,Beauty,4611.81,True
P011108,DarkBlue Odio,Beauty,22740.6,True
P014438,Incentivize Plug-And-Play Markets,Home,-672.7787891447582,True
P004974,SpringGreen Aliquam,Books,7666.56,True
P002903,MediumAquaMarine Odio,Beauty,602.54,True
P013614,,Fashion,18751.8,True
P007110,LightGreen Ipsa,Beauty,23896.81,True
P009020,Chartreuse Magnam,Electronics,3304.62,True
P005243,IndianRed Illum,Sports,21963.46,True
P007126,BlanchedAlmond Beatae,Fashion,1283.16,True
P004876,Implement Revolutionary Experiences,Books,9202.22,True
P014003,Engineer Real-Time Architectures,Beauty,FREE,True
P014632,,Books,19757.91,True
P001124,Teal Delectus,Grocery,10419.21,True
P013511,Engineer Real-Time Platforms,,FREE,True
P008963,DarkOrchid Eligendi,Beauty,11213.41,True
P009043,DarkOrchid Nobis,Sports,17674.66,True
P004016,Black Dolorum,Electronics,22624.59,True
P010294,DarkOrchid Ullam,Electronics,18031.4,True
P004688,Plum Possimus,Fashion,14208.01,True
P005597,MediumSpringGreen Minima,Home,20829.92,True
P012139,Grow Bleeding-Edge Portals,Home,-637.0691749133164,True
P000221,SandyBrown Nihil,Electronics,10640.35,True
P008793,HoneyDew Quaerat,Sports,15066.8,True
P006541,Chartreuse Necessitatibus,Books,18161.32,True
P001954,Tan Aspernatur,Beauty,14198.71,True
P005365,Lavender Maxime,Grocery,2659.89,True
P013756,,Electronics,436.56,True
P006061,Deliver 24/7 Roi,Grocery,3365.42,True
P008351,SlateGray Quia,Grocery,22869.72,True
P013406,Synthesize Sticky Action-Items,Toys,-313.649015438451,True
P001310,MediumTurquoise Repudiandae,Grocery,23414.13,True
P007066,AntiqueWhite Eaque,Home,2440.25,True
P000312,LightSteelBlue Amet,Books,5335.01,True
P000379,LemonChiffon Minima,Electronics,13976.8,True
P000662,LightSteelBlue Recusandae,Books,12013.96,True
P008194,Orchid Adipisci,Beauty,12063.54,True
P003481,DarkSalmon Sunt,Grocery,4302.07,True
P007335,Gainsboro Iste,Beauty,20178.53,True
P002367,MintCream Dolorem,Beauty,11365.47,True
P013224,Streamline Innovative E-Services,Grocery,-212.3875999881658,True
P007432,Synthesize Rich Networks,Sports,20520.76,True
P002095,ForestGreen Ipsam,Beauty,3537.69,True
P005890,Cyan Tempore,Home,12508.1,True
P000595,PeachPuff Iste,Books,9648.98,True
P003748,AliceBlue Eius,Fashion,1588.79,True
P004675,LightSteelBlue Earum,Fashion,16039.93,True
P003236,DarkOrchid Eveniet,Beauty,18449.29,True
P010906,LightSteelBlue Officia,Fashion,18782.19,True
P002668,Tan Unde,Home,8193.79,True
P008328,Navy Sunt,Electronics,5771.61,True
P014282,Unleash Seamless Vortals,Books,FREE,True
P010281,DarkSalmon Quae,Grocery,15462.76,True
P005088,SteelBlue Impedit,Books,9247.26,True
P013673,Deploy Innovative Bandwidth,Home,-610.912905540904,True
P007489,OliveDrab Reiciendis,Home,19864.87,True
P004475,LightGreen Officia,Beauty,16189.91,True
P006642,Lime Reiciendis,Toys,13034.96,True
P010198,PaleGoldenRod Qui,Toys,6467.38,True
P013351,,,5475.38,True
P001218,MediumBlue Molestiae,Books,16398.69,True
P009490,PaleTurquoise Repudiandae,Toys,10894.61,True
P009984,RosyBrown Natus,Beauty,16918.56,True
P007614,Gray Quis,Toys,23643.78,True
P005141,Navy Blanditiis,Electronics,12615.8,True
P002960,CornflowerBlue Porro,Fashion,8820.46,True
P010240,PowderBlue Neque,Grocery,5632.49,True
P011881,Streamline Proactive Markets,Home,1287.86,True
P008690,Implement Cutting-Edge Metrics,Grocery,18218.16,True
P008403,Ivory Soluta,Toys,13123.78,True
P010871,LightPink Ipsa,Electronics,24248.58,True
P008285,DarkRed Ipsam,Beauty,13980.89,True
P003926,Purple Itaque,Home,1912.39,True
P000152,DarkSeaGreen Blanditiis,Sports,1249.24,True
P009132,DarkMagenta Labore,Fashion,20912.2,True
P002532,FireBrick Rem,Home,21308.57,True
P004953,SlateBlue Minima,Grocery,15130.69,True
P011023,MistyRose Possimus,Sports,19437.31,True
P002886,Indigo Magni,Electronics,8738.57,True
P001799,Magenta Consequuntur,Fashion,15488.56,True
P003217,GreenYellow Praesentium,Electronics,10381.36,True
P011503,BlanchedAlmond Eaque,Books,23765.55,True
P002288,LightPink Accusantium,Books,7149.98,True
P009362,Indigo Cum,Sports,11944.83,True
P009615,OrangeRed Dolorem,Electronics,2490.75,True
P004261,Lime Aut,Home,1018.22,True
P001302,Gainsboro Voluptas,Books,9587.64,True
P011710,Coral Facere,Electronics,5900.38,True
P012782,,Beauty,11755.87,True
P006276,Plum Quisquam,Books,20167.76,True
P002480,Black Hic,Electronics,9438.55,True
P012902,Leverage Impactful Users,Electronics,FREE,True
P001450,SandyBrown Autem,Sports,8004.79,True
P007025,Yellow Illum,Sports,22362.31,True
P010567,FireBrick Ducimus,Fashion,12204.91,True
P014099,Implement Holistic E-Commerce,Sports,FREE,True
P014061,Seize Killer Models,Books,-578.2096728827808,True
P003004,LightBlue Voluptatum,Fashion,9202.36,True
P000166,Gainsboro Dolor,Home,2508.84,True
P005293,Green Tempore,Beauty,24180.49,True
P004131,SaddleBrown Dolorem,Sports,435.76,True
P008694,MintCream Vitae,Electronics,1548.66,True
P012456,Reinvent Bleeding-Edge Technologies,Home,FREE,True
P003831,MediumSeaGreen Soluta,Toys,14364.95,True
P009958,Thistle Deserunt,Sports,22198.04,True
P010855,YellowGreen Dolorem,Home,13997.89,True
P013389,Implement Collaborative Infrastructures,Home,FREE,True
P009825,Wheat Corporis,Electronics,1028.85,True
P011500,RoyalBlue Sapiente,Sports,14516.52,True
P005938,IndianRed Eaque,Home,21708.96,True
P010443,PaleVioletRed Atque,Grocery,20153.72,True
P002241,Olive Ipsum,Sports,3279.68,True
P009060,Violet Fugit,Grocery,5297.81,True
P008447,Strategize Synergistic Technologies,Sports,16847.55,True
P004069,DarkRed Deserunt,Toys,16910.43,True
P005714,MediumOrchid Assumenda,Beauty,3283.42,True
P012326,,Home,19214.04,True
P000993,IndianRed Quod,Sports,24768.72,True
P004985,Ivory Error,Home,5589.19,True
P008851,HoneyDew Culpa,Electronics,19792.61,True
P009057,Moccasin Sequi,Beauty,7769.69,True
P013696,Engage Dynamic Synergies,Beauty,FREE,True
P001894,Magenta Cupiditate,Sports,8072.84,True
P002542,LightCyan Cupiditate,Sports,8127.23,True
P005837,Olive Autem,Grocery,5659.4,True
P007791,Maroon Odit,Fashion,9756.07,True
P005002,Thistle Sit,Home,20914.79,True
P005684,DarkSeaGreen Porro,Books,2801.26,True
P008277,DarkTurquoise Adipisci,Toys,2733.69,True
P006263,LemonChiffon Eligendi,Sports,16162.09,True
P001628,Sienna Repellat,Toys,17091.29,True
P003569,LightBlue Magnam,Sports,13127.05,True
P005503,MediumAquaMarine Doloremque,Sports,22195.97,True
P005733,PeachPuff Ipsam,Grocery,16017.35,True
P010509,Orchid Vel,Books,7397.75,True
P011817,SteelBlue Voluptas,Sports,11217.95,True
P012444,Monetize Proactive Methodologies,Home,-990.6113053112983,True
P007440,Chartreuse Exercitationem,Home,19678.01,True
P007778,MediumTurquoise Aperiam,Sports,11920.83,True
P006886,MediumPurple Quis,Electronics,4216.71,True
P007031,Gray Aut,Fashion,20065.39,True
P013876,Leverage Wireless Solutions,Home,-333.0647054937435,True
P000003,DodgerBlue Atque,Toys,7718.13,True
P006149,Revolutionize World-Class Networks,Home,19018.13,True
P006674,DarkOrchid Ut,Books,24124.68,True
P003879,Salmon Saepe,Toys,6869.31,True
P012654,Transform Web-Enabled Web-Readiness,Grocery,FREE,True
P008140,MediumOrchid Placeat,Fashion,14443.51,True
P011894,AliceBlue Reiciendis,Beauty,4460.1,True
P004231,MediumSpringGreen Recusandae,Books,14133.94,True
P002449,Orange Repellat,Home,9512.9,True
P012606,Expedite One-To-One Eyeballs,Fashion,FREE,True
P013534,,Sports,21720.61,True
P011211,Brown Quos,Electronics,4639.74,True
P013048,,Grocery,23461.51,True
P000837,Morph Strategic Experiences,Electronics,23690.81,True
P000275,Embrace Cross-Media Eyeballs,Home,13717.48,True
P007525,Plum Blanditiis,Sports,21587.23,True
P003391,Maroon Natus,Books,1456.81,True
P011082,GreenYellow Tempore,Sports,7639.79,True
P005566,LightCoral Totam,Books,13363.91,True
P002740,Beige Id,Fashion,2521.65,True
P005236,Black Omnis,Home,6177.74,True
P007628,MediumSpringGreen Recusandae,Fashion,15605.21,True
P014818,Exploit Mission-Critical Convergence,Sports,FREE,True
P004904,Orchid Distinctio,Fashion,10583.22,True
P003886,SkyBlue Officiis,Electronics,12322.54,True
P007992,LightSkyBlue Illum,Grocery,24077.09,True
P002515,DeepSkyBlue Consequatur,Home,18877.76,True
P001826,Gainsboro Neque,Toys,12402.62,True
P011375,Cornsilk Exercitationem,Electronics,1732.48,True
P010483,DarkOliveGreen Molestiae,Electronics,20438.05,True
P008091,Facilitate User-Centric Supply-Chains,Sports,14540.26,True
P000113,LightPink Cumque,Sports,15429.17,True
P005185,YellowGreen Distinctio,Home,7330.46,True
P011797,Orange Dolor,Sports,18958.91,True
P002541,DarkMagenta Corrupti,Beauty,15664.12,True
P011850,SaddleBrown Libero,Sports,697.95,True
P004596,Black Culpa,Sports,9578.32,True
P003900,LimeGreen Quo,Grocery,14327.45,True
P004670,Khaki Quo,Beauty,14973.32,True
P007872,SandyBrown Ea,Electronics,16044.73,True
P013264,Unleash B2B Roi,Toys,-569.9806125692427,True
P007752,DarkMagenta Occaecati,Grocery,22862.67,True
P002656,LightSlateGray Facilis,Toys,369.28,True
P008939,Teal Eveniet,Books,3963.26,True
P003011,PapayaWhip Iure,Toys,17696.93,True
P001417,MediumTurquoise Doloribus,Books,18808.24,True
P001745,SaddleBrown Sed,Beauty,6579.22,True
P004096,Crimson Quisquam,Books,3196.14,True
P002204,Sienna Doloribus,Fashion,16799.58,True
P006893,Lavender Repellat,Toys,11059.57,True
P006340,DarkViolet Ipsa,Electronics,5190.9,True
P007898,DimGray Magnam,Electronics,16380.78,True
P002583,Ivory Quidem,Sports,19689.87,True
P003193,LightPink Deserunt,Electronics,19954.12,True
P000346,GreenYellow Nisi,Grocery,15315.53,True
P003550,Moccasin Placeat,Beauty,24396.46,True
P003251,DarkCyan Nihil,Grocery,13366.88,True
P011900,RosyBrown Non,Electronics,24130.18,True
P013221,Embrace Collaborative E-Business,Fashion,-491.5810947932724,True
P009449,Cornsilk Totam,Toys,16097.71,True
P011252,Cultivate Extensible Initiatives,Fashion,22352.64,True
P013380,Generate Sticky Info-Mediaries,Electronics,-375.17366591053906,True
P007186,LightGoldenRodYellow Iure,Grocery,23911.78,True
P010336,Magenta Iusto,Sports,16879.29,True
P004776,PapayaWhip Tempore,Grocery,19013.25,True
P013845,Redefine Integrated Markets,Sports,FREE,True
P012457,Aggregate Intuitive Synergies,Fashion,FREE,True
P013774,Expedite Web-Enabled Platforms,Home,FREE,True
P009479,Scale Granular Info-Mediaries,Home,13624.82,True
P014465,E-Enable Granular Partnerships,Sports,-171.60648663544345,True
P008071,LightSalmon Aliquam,Books,19374.86,True
P004825,Chocolate Unde,Sports,1342.09,True
P008748,BurlyWood Ducimus,Fashion,1841.7,True
P001808,PaleVioletRed Tempora,Grocery,17633.4,True
P002193,BlanchedAlmond Consectetur,Electronics,11789.01,True
P001821,SeaShell Ducimus,Sports,19077.46,True
P003249,SkyBlue Doloremque,Toys,7774.59,True
P004598,MediumTurquoise Nemo,Toys,6652.98,True
P004597,YellowGreen Praesentium,Home,22434.51,True
P001901,LavenderBlush Unde,Sports,23420.21,True
P000642,OldLace Magnam,Grocery,6520.77,True
P011929,Whiteboard Synergistic Vortals,Electronics,3014.03,True
P004322,Gray Laboriosam,Grocery,919.85,True
P007642,LightCyan Rerum,Fashion,21081.38,True
P006079,SpringGreen Hic,Fashion,24965.04,True
P013632,Optimize Strategic E-Services,Toys,FREE,True
P009847,MintCream Odio,Toys,3636.2,True
P012382,Productize Cutting-Edge Paradigms,Fashion,-186.01074791246995,True
P002264,DarkKhaki Harum,Sports,19661.44,True
P008738,DarkSlateGray Delectus,Home,15092.14,True
P010316,MintCream Cumque,Books,3755.57,True
P000232,MidnightBlue Deleniti,Toys,322.91,True
P001279,DarkGreen Ea,Beauty,2547.71,True
P003355,Maroon Suscipit,Toys,16767.19,True
P005373,MediumSeaGreen Debitis,Electronics,15058.54,True
P014551,Engage Ubiquitous Interfaces,Sports,-948.8539127026833,True
P001606,DarkOrchid Nam,Toys,19732.99,True
P001014,Navy Debitis,Fashion,21483.55,True
P002746,DarkSeaGreen Aperiam,Grocery,7589.97,True
P011619,MidnightBlue Nesciunt,Home,22813.19,True
P010256,RoyalBlue Laborum,Home,9799.0,True
P010124,ForestGreen Rerum,Fashion,2280.35,True
P008392,DarkGreen Ut,Fashion,20111.11,True
P008897,Peru Recusandae,Home,20217.95,True
P008983,Olive Modi,Sports,20657.42,True
P001314,DarkKhaki Itaque,Electronics,3387.3,True
P001419,MediumSeaGreen Odit,Home,4231.8,True
P007094,PowderBlue Nobis,Grocery,8793.77,True
P004810,Sienna Quae,Beauty,23367.98,True
P014034,,Electronics,5223.36,True
P005172,Aqua Sed,Fashion,2457.93,True
P010755,Maroon Quis,Books,1126.9,True
P001786,Crimson Sed,Home,1426.8,True
P002990,Brown Non,Sports,8442.21,True
P004326,MediumVioletRed Dolor,Home,11727.0,True
P004664,DarkCyan Quas,Home,19306.56,True
P007551,SteelBlue Pariatur,Grocery,3379.1,True
P008429,SandyBrown Aliquam,Beauty,17595.24,True
P004198,Indigo Dignissimos,Fashion,5313.83,True
P011775,Chocolate Excepturi,Sports,4822.71,True
P007514,AntiqueWhite Aperiam,Beauty,13953.87,True
P009591,DarkMagenta Dolorum,Electronics,16947.12,True
P003565,GoldenRod Similique,Home,18403.27,True
P007170,Coral Id,Books,24387.63,True
P009489,PaleGreen Eaque,Grocery,322.5,True
P005862,Yellow Vero,Fashion,16959.6,True
P006594,BurlyWood Quas,Beauty,11982.09,True
P006331,PaleGreen Quisquam,Grocery,2116.87,True
P005675,BurlyWood Ipsam,Toys,3467.94,True
P014043,,,1534.79,True
P014349,Facilitate Cross-Platform Communities,Toys,FREE,True
P008678,OldLace Temporibus,Toys,24971.86,True
P008402,HotPink Ab,Beauty,22178.71,True
P002044,PowderBlue Repellat,Books,14013.71,True
P007433,Beige Modi,Sports,11049.73,True
P008298,LightBlue Occaecati,Toys,17871.26,True
P007249,Chocolate Magni,Beauty,16699.28,True
P002874,Expedite Transparent E-Commerce,,10495.91,True
P006737,Coral Repellat,Fashion,6534.17,True
P009659,GoldenRod Voluptas,Grocery,15191.57,True
P006722,Lime Voluptatum,Books,8934.8,True
P003585,Sienna Iure,Grocery,5811.94,True
P006903,Syndicate Customized Mindshare,Grocery,1157.38,True
P013041,,Books,7860.2,True
P001107,MintCream Ex,Books,8209.82,True
P012103,Exploit Robust Infrastructures,Grocery,-985.6765171397857,True
P000582,Red Cum,Sports,6322.26,True
P004558,Lime Earum,Sports,12100.78,True
P013859,Utilize Leading-Edge Niches,,-982.5128818920654,True
P005888,MediumSpringGreen Consequatur,Home,23010.87,True
P009285,Gold Soluta,Sports,21624.07,True
P004600,Silver Incidunt,Home,2924.11,True
P003939,Tan Iste,Home,22969.86,True
P014338,Synergize One-To-One Experiences,Home,-476.2916005068787,True
P005742,Navy Commodi,Books,500.68,True
P005995,CornflowerBlue Quis,Fashion,21573.23,True
P009030,DarkOrange Dicta,Toys,7491.53,True
P009365,Turquoise Deleniti,Books,5296.72,True
P010832,MintCream Vel,Beauty,7729.54,True
P012680,Drive Interactive Vortals,Fashion,FREE,True
P003800,Olive Vero,Books,15039.88,True
P013065,Syndicate Granular Platforms,Grocery,-929.9981602764317,True
P014832,,Fashion,10550.83,True
P014479,Incentivize Global Bandwidth,Books,-141.14174711577903,True
P006954,RosyBrown Sit,Grocery,12275.8,True
P005075,GreenYellow Molestias,Sports,7096.45,True
P009638,Ivory Nisi,Beauty,20077.6,True
P006385,Azure Quis,Grocery,24730.21,True
P007828,IndianRed Quasi,Sports,21238.28,True
P011352,MintCream Tenetur,Books,18095.62,True
P009466,Salmon Quod,Books,23612.45,True
P009690,IndianRed Incidunt,Home,16371.81,True
P002817,Revolutionize Frictionless Metrics,Fashion,10016.65,True
P007383,Tan Doloremque,Home,24422.29,True
P007735,PaleTurquoise Facilis,Home,19142.08,True
P002607,AliceBlue Vel,Beauty,11807.57,True
P002038,LightSkyBlue Qui,Beauty,17545.11,True
P007321,LightCoral Nihil,Grocery,14639.72,True
P005540,DodgerBlue Nobis,Beauty,4401.0,True
P013559,Implement Bleeding-Edge Infrastructures,Home,-964.9573150563027,True
P012240,,Toys,3689.8,True
P002866,PaleGoldenRod Molestiae,Toys,10902.9,True
P007242,BlanchedAlmond Atque,Home,8773.82,True
P005584,LightGray Dolor,Beauty,21479.66,True
P003216,SandyBrown Laudantium,Books,17852.9,True
P011355,Indigo Quia,Sports,2699.77,True
P010231,Navy Eveniet,Toys,13689.94,True
P009505,Bisque Voluptates,Fashion,15163.92,True
P002469,DarkGoldenRod Sunt,Grocery,3843.74,True
P002911,SteelBlue Alias,Toys,2077.96,True
P011981,Unleash Cutting-Edge E-Services,,293.61,True
P005454,LightGreen Enim,Grocery,7743.74,True
P002177,Seize Magnetic Channels,Beauty,15342.99,True
P006843,MediumSpringGreen Nesciunt,Fashion,5694.07,True
P008979,DeepPink Ipsa,Beauty,16893.64,True
P009807,PapayaWhip Quas,Books,21377.73,True
P003761,LightYellow Molestias,Toys,11592.35,True
P004831,MediumVioletRed Cum,Sports,18195.76,True
P001890,LightSteelBlue Harum,Beauty,10921.13,True
P008706,Snow Voluptates,Sports,20925.93,True
P002356,LightYellow Saepe,Fashion,8950.84,True
P005745,Coral Expedita,Beauty,24516.89,True
P011952,Linen Sapiente,Sports,5494.15,True
P014291,,Grocery,24378.12,True
P006924,SandyBrown Nobis,Books,20643.96,True
P002718,LightYellow Quam,Grocery,4043.59,True
P012950,Matrix Vertical Platforms,Home,-120.35822365522542,True
P010945,SaddleBrown Similique,Grocery,1976.46,True
P012129,,Grocery,11624.64,True
P012525,,Electronics,6896.44,True
P013331,Repurpose Frictionless Methodologies,Toys,FREE,True
P000149,Azure Iste,Sports,20064.45,True
P002136,GhostWhite Quo,Electronics,6856.79,True
P002407,Turquoise Harum,Electronics,20992.39,True
P000898,PaleVioletRed Laboriosam,Grocery,9294.18,True
P008533,Chartreuse Unde,Toys,24645.51,True
P008160,Cyan Nulla,Fashion,20758.4,True
P007789,YellowGreen Iusto,Toys,15461.28,True
P002403,Lavender Et,Electronics,22378.6,True
P000558,LightYellow Magni,Fashion,18496.8,True
P004599,LightSeaGreen Architecto,Beauty,24139.97,True
P011387,MediumPurple Molestiae,Books,3375.48,True
P013793,Disintermediate Killer Mindshare,Sports,FREE,True
P005102,LightSkyBlue Est,Beauty,7590.93,True
P014415,,Books,5169.93,True
P004973,LightBlue Tempore,Beauty,2073.54,True
P008065,DarkMagenta Dolore,Beauty,6036.8,True
P001957,MediumTurquoise Perspiciatis,Electronics,18117.34,True
P014970,Exploit Wireless Synergies,Beauty,-206.34490470177977,True
P001444,PeachPuff Sapiente,Books,6388.32,True
P005134,Salmon Quibusdam,Electronics,1017.86,True
P001621,Aggregate Bricks-And-Clicks Systems,Toys,2291.94,True
P010209,GhostWhite Aliquid,Electronics,3298.14,True
P013874,Re-Intermediate Open-Source Schemas,Grocery,-583.935672282426,True
P000409,Aqua Odio,Sports,17234.98,True
P003788,WhiteSmoke Id,Sports,2006.39,True
P014162,,Toys,22484.4,True
P009090,LightCoral Neque,Beauty,10886.25,True
P008656,BurlyWood Incidunt,Toys,2507.6,True
P007049,Disintermediate Visionary Infrastructures,Beauty,19070.01,True
P008556,Tan Sapiente,Electronics,17733.72,True
P011188,MediumBlue Dolore,Books,2956.22,True
P004827,PowderBlue Praesentium,Electronics,6847.01,True
P013501,Mesh World-Class Communities,Home,-78.07935643691245,True
P001959,Fuchsia Iste,Fashion,7472.06,True
P013651,Harness Turn-Key Roi,Home,-950.8430775372387,True
P014889,Incubate E-Business E-Business,Home,-217.8987025484611,True
P012952,Target Best-Of-Breed Info-Mediaries,Toys,FREE,True
P000639,Wheat Dignissimos,Fashion,8554.01,True
P009328,LightSteelBlue Odit,Home,141.85,True
P005658,DarkOrchid Eius,Sports,7533.14,True
P000786,MediumVioletRed Maiores,Books,8356.74,True
P011564,Orange Magnam,Home,12788.95,True
P006836,MintCream Quaerat,Home,16154.93,True
P003003,ForestGreen Et,Grocery,8020.77,True
P000487,LightGoldenRodYellow Vero,Home,16080.58,True
P001653,CornflowerBlue Explicabo,Toys,20564.08,True
P013576,,Sports,9268.08,True
P011552,DarkGreen Quos,Grocery,14862.94,True
P008605,Lavender Enim,Fashion,24579.04,True
P006387,DarkSlateGray Vel,Grocery,22134.76,True
P005941,ForestGreen Omnis,Books,19955.69,True
P013765,Enhance Dot-Com Architectures,Electronics,FREE,True
P004374,DarkKhaki Nisi,Toys,9586.71,True
P014960,Innovate Holistic Models,Sports,FREE,True
P002166,RoyalBlue Aspernatur,Sports,10974.07,True
P011688,Incentivize Plug-And-Play Mindshare,Fashion,21662.46,True
P005866,DarkGoldenRod Ullam,Grocery,6766.73,True
P011685,Orchid Fuga,Electronics,21115.85,True
P004432,Target Sticky Action-Items,Books,15369.02,True
P002707,Tan Dolor,Fashion,6757.76,True
P010300,Aqua Nobis,Beauty,1397.5,True
P011033,DarkSlateGray Eius,Beauty,13698.97,True
P001088,Redefine Virtual Web Services,,4288.97,True
P008085,LightSkyBlue Non,Home,13039.46,True
P004391,DarkGoldenRod Assumenda,Beauty,10898.39,True
P000834,Sienna Illum,Fashion,23320.96,True
P009073,Gold Animi,Books,15201.73,True
P002543,ForestGreen Maiores,Fashion,20516.38,True
P010789,Sienna Porro,Toys,10357.3,True
P010749,Red Dolores,Beauty,14532.56,True
P007936,SkyBlue Placeat,Electronics,13832.83,True
P001478,PaleTurquoise Cum,Electronics,1965.73,True
P009908,Magenta Iusto,Grocery,14691.59,True
P011342,Orange Itaque,Electronics,16775.93,True
P006527,Seize Back-End Technologies,,5987.35,True
P013567,Streamline Robust Methodologies,Fashion,FREE,True
P001007,DarkKhaki Architecto,Toys,274.35,True
P007292,FireBrick Optio,Beauty,8747.79,True
P008866,PaleGreen Sapiente,Beauty,21756.06,True
P014636,,Toys,1966.46,True
P000043,Streamline Mission-Critical Content,Fashion,20123.69,True
P002118,OldLace Fugit,Electronics,23060.17,True
P007803,DarkSlateGray Cumque,Home,20181.96,True
P014001,Leverage Wireless Partnerships,Sports,FREE,True
P006938,Chartreuse Doloribus,Home,21403.97,True
P003374,DarkGray Rem,Books,16142.68,True
P004766,GoldenRod Velit,Sports,14035.01,True
P004822,DarkViolet Error,Sports,20404.29,True
P002722,LightGreen Ad,Toys,14046.18,True
P009460,Tomato Quas,Beauty,1259.6,True
P007624,Aqua Suscipit,Electronics,24978.76,True
P007449,IndianRed Ratione,Fashion,2682.28,True
P000111,BurlyWood Porro,Books,23899.47,True
P009737,DarkMagenta Fuga,Sports,21104.97,True
P006397,LightGreen Eum,Sports,17357.78,True
P005921,Coral Voluptas,Grocery,18013.99,True
P014729,Deliver Magnetic Experiences,Grocery,FREE,True
P003369,Peru Dolorum,Electronics,8474.42,True
P011397,OliveDrab Minima,Electronics,17717.7,True
P012408,Repurpose Seamless Experiences,Grocery,-617.8400417740831,True
P002833,DarkSlateBlue Quia,Sports,10167.25,True
P007698,DarkMagenta Molestiae,Books,16715.9,True
P004513,Orchid Aspernatur,Electronics,6388.94,True
P006925,MediumTurquoise Laudantium,Beauty,7174.27,True
P005300,Drive Frictionless E-Services,,13194.77,True
P006705,Cyan Ad,Beauty,5683.79,True
P009829,OldLace Quae,Electronics,19909.48,True
P003934,SlateGray Tempore,Electronics,22351.31,True
P004189,DarkGray Nemo,Home,21849.8,True
P010048,Lavender Hic,Books,13907.45,True
P007926,SaddleBrown Saepe,Electronics,6904.65,True
P013394,,Beauty,4803.89,True
P009709,Peru Ipsa,Sports,5107.09,True
P005217,LightBlue Rerum,Home,12107.73,True
P014882,,Grocery,5800.04,True
P008796,Magenta Aliquam,Grocery,13604.0,True
P005821,LightSlateGray Eveniet,Electronics,686.02,True
P014907,,,12211.45,True
P002852,GhostWhite Tempora,Fashion,21874.62,True
P007925,MediumBlue Exercitationem,Fashion,7750.32,True
P013463,Engineer Efficient E-Commerce,Grocery,FREE,True
P014189,Syndicate Visionary Eyeballs,Sports,FREE,True
P003894,Olive Similique,Fashion,8948.8,True
P009167,PaleTurquoise Dignissimos,Electronics,5310.9,True
P009577,LightSkyBlue Cum,Home,13739.57,True
P000835,Gray Distinctio,Electronics,22423.4,True
P005460,Purple Recusandae,Toys,5595.51,True
P002819,Gray Autem,Toys,24599.7,True
P009336,DarkSalmon Ipsam,Grocery,24285.45,True
P007099,SkyBlue Voluptates,Sports,1133.8,True
P004494,DarkOliveGreen Eligendi,Home,19215.95,True
P007739,LightSeaGreen Deleniti,Fashion,4232.95,True
P007530,DarkSeaGreen Quis,Beauty,4385.99,True
P000815,Khaki Deserunt,Fashion,1658.38,True
P011451,Wheat Animi,Sports,227.45,True
P006046,GreenYellow Quo,Electronics,9446.4,True
P010807,HotPink Odio,Electronics,9566.97,True
P000953,HotPink Accusantium,Fashion,1764.93,True
P013654,,Fashion,13875.35,True
P014520,,,6782.14,True
P002192,PowderBlue Rerum,Toys,4850.57,True
P008798,LightSlateGray Ducimus,Sports,6914.59,True
P009824,SandyBrown Ipsam,Electronics,17641.14,True
P004824,LightCoral Vero,Books,20358.82,True
P002397,LightBlue Asperiores,Grocery,4533.67,True
P008668,Lime Quisquam,Sports,7787.87,True
P004190,PaleVioletRed Deleniti,Books,22095.36,True
P007187,Purple Quas,Books,786.03,True
P009743,LightCyan Velit,Books,2984.1,True
P011356,Khaki Excepturi,Toys,3796.58,True
P011697,DarkSlateBlue Totam,Fashion,21539.52,True
P002676,MediumOrchid Libero,Home,5392.06,True
P004452,OldLace Corrupti,Sports,18189.73,True
P011214,SeaGreen Facere,Grocery,20482.96,True
P007595,SlateBlue Beatae,Beauty,7645.87,True
P009353,DarkOrange Cum,Books,5641.09,True
P000920,DarkGray Odio,Fashion,10575.38,True
P000107,Integrate One-To-One Metrics,Grocery,5530.78,True
P005015,Gold Voluptate,Toys,20273.35,True
P006998,GoldenRod Necessitatibus,Beauty,14023.5,True
P000968,Silver Ex,Grocery,4894.71,True
P003609,BurlyWood Molestiae,Electronics,1563.64,True
P014782,Enhance Magnetic Vortals,Grocery,-341.8864657388083,True
P000115,Olive Amet,Toys,9531.16,True
P004625,DarkRed Unde,Home,4113.31,True
P005209,LightGoldenRodYellow Labore,Beauty,6746.8,True
P001474,SlateBlue Ex,Home,4999.4,True
P006138,LightSlateGray Ullam,Electronics,19248.29,True
P002549,Azure Neque,Fashion,1581.71,True
P002283,Gold Eum,Home,11393.63,True
P006457,Beige Nam,Electronics,6745.01,True
P002950,PaleVioletRed Vero,Grocery,17258.73,True
P005192,Teal Eaque,Electronics,2091.9,True
P009569,Green Quia,Grocery,23777.4,True
P002556,DarkTurquoise Est,Books,9087.4,True
P002083,Tomato Laborum,Sports,22691.81,True
P005982,Brown Nobis,Books,2091.0,True
P011461,Olive Delectus,Toys,14465.27,True
P005847,Indigo Minima,Home,9315.4,True
P006952,Engage Viral Systems,Fashion,6769.79,True
P000332,DarkRed Ut,Books,3013.44,True
P002595,DarkTurquoise Reiciendis,Sports,11011.45,True
P007780,Magenta Id,Fashion,21385.91,True
P010739,MediumAquaMarine Recusandae,Beauty,7753.59,True
P001652,PaleGoldenRod Repellat,Beauty,7850.14,True
P002709,LightCoral Recusandae,Electronics,11814.17,True
P003174,DarkGoldenRod Libero,Home,16871.54,True
P002386,Red Aperiam,Electronics,454.53,True
P008707,LightPink Est,Fashion,23843.48,True
P012932,Engage Virtual Platforms,Fashion,-76.16743676893236,True
P012232,,Fashion,7246.57,True
P000083,Gray Iste,Toys,5179.53,True
P005945,Ivory Veniam,Books,3102.88,True
P000388,DeepSkyBlue Nostrum,Home,22700.68,True
P007602,Aquamarine In,Toys,4478.31,True
P004634,HotPink Aspernatur,Sports,16735.77,True
P013900,Monetize Front-End E-Services,Beauty,FREE,True
P010425,CadetBlue In,Toys,13056.6,True
P004055,Olive Sint,Fashion,24471.43,True
P006710,PapayaWhip Libero,Electronics,4429.19,True
P000232,Engage Cutting-Edge Technologies,Grocery,8547.99,True
P003462,Orchid Alias,Beauty,16995.28,True
P006827,MediumTurquoise Ipsum,Fashion,18565.14,True
P014983,Unleash Virtual E-Business,Home,FREE,True
P001086,Azure Ipsa,Grocery,19277.38,True
P014725,Drive Dynamic E-Tailers,Toys,FREE,True
P006077,LimeGreen Neque,Fashion,21018.55,True
P006051,YellowGreen Esse,Books,7927.67,True
P003215,PaleTurquoise Sapiente,Home,6326.33,True
P002834,Maroon Laborum,Electronics,9209.15,True
P003607,OldLace Assumenda,Fashion,24293.97,True
P007741,GoldenRod Consectetur,Beauty,13462.84,True
P007135,PaleGoldenRod Eveniet,Home,17997.34,True
P004864,PowderBlue Consequatur,Fashion,24856.21,True
P002078,White Odio,Toys,9264.65,True
P010874,SlateGray Suscipit,Electronics,200.09,True
P014473,Extend Integrated Mindshare,Home,FREE,True
P009019,Gray Quod,Electronics,21762.75,True
P005877,GhostWhite Excepturi,Grocery,7034.78,True
P011549,Re-Intermediate Revolutionary Action-Items,Grocery,6945.47,True
P008209,DarkGray Ut,Beauty,13397.6,True
P003219,LightSteelBlue Unde,Beauty,10028.73,True
P011094,DarkOrange Quia,Sports,17646.59,True
P008620,LightGray Vero,Grocery,17426.05,True
P003655,HotPink Temporibus,Sports,6822.18,True
P010963,White Facere,Electronics,15722.62,True
P013687,Syndicate Cross-Platform Niches,Beauty,-142.046054634886,True
P003643,Enhance B2B Info-Mediaries,,11247.23,True
P006286,LemonChiffon Fugit,Toys,21598.59,True
P002985,SkyBlue Placeat,Fashion,13235.3,True
P010600,Blue Est,Books,18830.0,True
P013737,,Electronics,13554.15,True
P002470,Silver Odit,Fashion,17908.31,True
P000663,PaleGoldenRod Consequuntur,Sports,21390.79,True
P008409,LemonChiffon Dolores,Electronics,1092.69,True
P000200,Bisque Quo,Toys,23762.44,True
P007050,BurlyWood Necessitatibus,Grocery,13912.79,True
P012012,,Toys,23031.49,True
P010783,GoldenRod Inventore,Home,4038.41,True
P005464,Fuchsia Cupiditate,Electronics,9792.58,True
P009746,PaleTurquoise Sequi,Fashion,9937.88,True
P009139,LightBlue Non,Electronics,11018.36,True
P004514,Snow Molestias,Electronics,20750.0,True
P011935,Lime Dolorum,Toys,22089.01,True
P001714,Beige Ducimus,Grocery,15714.27,True
P007389,Implement Efficient Paradigms,Beauty,7357.52,True
P003548,DeepPink Itaque,Electronics,19317.54,True
P008302,LightBlue Qui,Grocery,11527.45,True
P001859,PaleGreen Iste,Fashion,14516.77,True
P009762,GhostWhite Exercitationem,Toys,13381.73,True
P002058,Ivory Dicta,Toys,3984.69,True
P009483,SandyBrown Esse,Beauty,18301.84,True
P010310,Brand Robust E-Commerce,Grocery,21041.39,True
P002634,Violet Nulla,Grocery,23352.0,True
P002769,HotPink Iusto,Fashion,19630.49,True
P004291,DodgerBlue Et,Books,12729.39,True
P000154,Yellow Similique,Toys,8739.2,True
P010150,DarkOrchid Maiores,Grocery,9201.66,True
P006189,Chartreuse Consectetur,Toys,14302.97,True
P014063,Matrix Revolutionary Paradigms,Beauty,FREE,True
P002225,OrangeRed Enim,Fashion,1847.97,True
P009077,Deliver Best-Of-Breed Solutions,Sports,3275.54,True
P007375,Brown Est,Sports,8538.75,True
P002171,GreenYellow Beatae,Electronics,672.69,True
P005793,LightYellow Rerum,Toys,12420.86,True
P002229,MidnightBlue Modi,Beauty,19103.21,True
P013237,Deploy Synergistic Supply-Chains,Sports,-183.40957662912322,True
P011286,MediumOrchid Perferendis,Fashion,16727.16,True
P006459,Olive Nulla,Sports,18047.0,True
P014558,,Fashion,17679.82,True
P009382,Tan Doloribus,Electronics,8195.42,True
P011640,DarkOrchid Unde,Toys,19832.0,True
P001121,SkyBlue Deleniti,Grocery,22095.33,True
P012170,,Grocery,12059.13,True
P008019,DodgerBlue Sunt,Toys,11632.05,True
P004585,DodgerBlue Ipsam,Beauty,6910.75,True
P007810,DarkSlateBlue Natus,Grocery,6284.14,True
P007250,MediumSeaGreen Officia,Sports,23089.76,True
P011126,PeachPuff Minima,Home,15839.29,True
P006424,LightSlateGray Beatae,Books,20308.21,True
P006683,LightBlue Inventore,Books,16948.52,True
P009008,SpringGreen Cum,Toys,22759.76,True
P007758,LimeGreen Eius,Fashion,15862.54,True
P003600,DarkViolet Nam,Fashion,1106.66,True
P009108,DarkBlue Delectus,Books,260.25,True
P013019,Leverage Clicks-And-Mortar Markets,Electronics,FREE,True
P003245,MediumSpringGreen Quibusdam,Electronics,24415.5,True
P000445,MediumTurquoise Error,Books,10251.72,True
P011431,MediumOrchid Rem,Books,10190.62,True
P014931,Integrate Integrated Experiences,Beauty,FREE,True
P007176,DarkMagenta Nisi,Sports,16828.24,True
P003961,SeaGreen Expedita,Sports,8015.63,True
P003964,Gray Quo,Toys,14863.75,True
P003635,DarkViolet Odit,Home,10611.86,True
P008937,YellowGreen Iste,Toys,20134.73,True
P005859,Moccasin Dolor,Electronics,3872.11,True
P009763,Turquoise Voluptatem,Sports,2974.62,True
P000419,RosyBrown Ab,Sports,18086.41,True
P010861,MediumOrchid Sapiente,Grocery,13677.45,True
P003515,SkyBlue Earum,Grocery,18643.2,True
P005580,BurlyWood Iste,Sports,13333.39,True
P003158,MediumSeaGreen Sunt,Beauty,16626.82,True
P005279,Red Nobis,Sports,7140.24,True
P003744,Moccasin Commodi,Grocery,3715.53,True
P000068,Olive Distinctio,Fashion,9856.12,True
P014641,Incubate Frictionless Synergies,Sports,FREE,True
P002439,YellowGreen Labore,Electronics,20851.13,True
P001187,Blue Nobis,Fashion,15417.72,True
P000249,Maximize Cutting-Edge Methodologies,,16234.91,True
P000174,Bisque Earum,Beauty,22279.9,True
P004172,Bisque Eius,Home,12982.47,True
P010152,Maroon Amet,Fashion,8247.48,True
P007119,Pink Dolor,Home,13560.67,True
P002776,DarkSlateBlue Eligendi,Books,24902.58,True
P008807,DarkSalmon Dolorem,Electronics,4623.93,True
P000192,FireBrick Doloribus,Beauty,20884.66,True
P001735,Revolutionize Clicks-And-Mortar Channels,Beauty,195.92,True
P003661,LightPink Omnis,Sports,3133.3,True
P002660,LightYellow Ea,Grocery,10174.63,True
P007953,AntiqueWhite Sed,Home,20166.08,True
P008951,DarkKhaki Atque,Sports,19560.89,True
P008924,DarkViolet Sit,Beauty,9533.39,True
P007834,Wheat Saepe,Home,10343.86,True
P013348,Disintermediate Impactful Interfaces,,FREE,True
P006916,MediumTurquoise Quos,Electronics,19299.33,True
P005496,OldLace Dicta,Sports,7159.0,True
P013284,Architect Turn-Key Content,,-915.8003460631797,True
P012426,,Fashion,2792.82,True
P002302,Indigo Cumque,Electronics,8372.43,True
P006698,SandyBrown Fugiat,Grocery,16979.55,True
P004830,Plum Neque,Beauty,15537.07,True
P000507,OrangeRed Quos,Sports,15624.1,True
P003231,Salmon Nesciunt,Books,17273.33,True
P005327,DarkSeaGreen Perspiciatis,Electronics,24392.78,True
P009938,AliceBlue Corporis,Sports,22515.34,True
P014447,,Beauty,11804.05,True
P007831,DarkRed Magni,Sports,18115.7,True
P005732,Turquoise Culpa,Fashion,23793.72,True
P001359,LemonChiffon Expedita,Beauty,14604.16,True
P006143,Gainsboro Ea,Beauty,16833.46,True
P010771,GhostWhite Voluptatum,Books,394.66,True
P010475,DeepPink Perspiciatis,Fashion,23892.8,True
P012575,Morph Sticky Vortals,Grocery,FREE,True
P005801,Fuchsia Architecto,Beauty,7110.06,True
P004241,SaddleBrown Suscipit,Fashion,211.5,True
P008066,Wheat Velit,Grocery,18622.25,True
P010663,Orchestrate One-To-One Methodologies,Sports,17422.29,True
P006161,Aquamarine Voluptatum,Fashion,20903.41,True
P007363,Cyan Vel,Electronics,826.57,True
P002798,Tan Tempora,Home,10092.38,True
P009249,Teal Fugiat,Toys,1778.64,True
P012490,Engage Granular Functionalities,Toys,-389.5408417065383,True
P014718,,Books,21827.25,True
P001567,Yellow Autem,Home,20580.63,True
P013167,Seize Proactive Architectures,Toys,-270.1138978067553,True
P000628,Turquoise Cupiditate,Beauty,18492.1,True
P011881,Chocolate Numquam,Home,20943.96,True
P013277,Revolutionize End-To-End Synergies,Sports,-717.573939049292,True
P003549,CornflowerBlue Dolore,Toys,5295.98,True
P010076,SandyBrown Deleniti,Home,12681.28,True
P014152,,Electronics,9279.83,True
P012484,Innovate Virtual E-Business,Electronics,FREE,True
P009404,DeepSkyBlue Non,Home,879.92,True
P006521,MistyRose Ullam,Books,7771.82,True
P009811,GreenYellow Molestias,Books,3034.64,True
P005790,MistyRose Tempora,Fashion,18946.51,True
P002836,Khaki Perspiciatis,Sports,17169.17,True
P012697,Utilize Global Interfaces,Beauty,FREE,True
P000405,Thistle Molestiae,Electronics,12703.44,True
P013620,,Sports,21966.61,True
P010016,Lavender Iure,Sports,2997.61,True
P001227,Peru Libero,Electronics,17767.44,True
P010704,OldLace Omnis,Home,18187.57,True
P009499,Gold Quam,Beauty,17528.99,True
P009602,Navy Reiciendis,Home,12110.3,True
P002750,Peru Libero,Fashion,22838.66,True
P006121,PowderBlue Illum,Home,19017.06,True
P006751,CadetBlue Corporis,Home,3514.77,True
P000506,FloralWhite Repellat,Home,15789.09,True
P006754,PowderBlue Assumenda,Beauty,23519.58,True
P012211,,Toys,14712.95,True
P009263,SteelBlue Quo,Electronics,231.51,True
P012863,,Fashion,15254.6,True
P004299,NavajoWhite Eveniet,Sports,24057.34,True
P003419,SaddleBrown Voluptas,Toys,18390.14,True
P001380,SeaGreen Asperiores,Fashion,18012.38,True
P002296,DarkSlateGray Nemo,Grocery,13674.03,True
P003456,Orchid Sapiente,Beauty,18298.85,True
P000696,MediumVioletRed Dolorem,Books,21192.65,True
P011194,Cornsilk Ducimus,Grocery,18292.2,True
P008034,DodgerBlue Distinctio,Beauty,10789.03,True
P003043,CornflowerBlue Optio,Fashion,3226.6,True
P011050,LightBlue Beatae,Beauty,8510.0,True
P005560,GoldenRod A,Sports,15299.54,True
P008663,Aqua Explicabo,Toys,7032.28,True
P005466,CadetBlue Corporis,Sports,1428.72,True
P008838,MediumSlateBlue Placeat,Fashion,10610.38,True
P004258,HoneyDew Sunt,Fashion,20117.18,True
P011246,DeepPink Perferendis,Toys,8612.96,True
P007364,Navy Ipsam,Toys,7085.03,True
P006037,SkyBlue Animi,Sports,8192.44,True
P007266,Linen Iure,Electronics,13603.91,True
P001347,MediumOrchid Eveniet,Electronics,11736.68,True
P014785,Syndicate Strategic Roi,,FREE,True
P004027,MediumPurple Hic,Fashion,15737.16,True
P001539,PowderBlue Repellendus,Home,19090.24,True
P006903,MidnightBlue Unde,Fashion,12822.01,True
P012437,Transform Plug-And-Play Interfaces,Grocery,FREE,True
P011314,Gainsboro Autem,Electronics,23626.5,True
P001102,HotPink Dicta,Home,21970.63,True
P013775,,Electronics,21214.14,True
P012015,Harness Strategic Info-Mediaries,Books,FREE,True
P014845,Enhance 24/365 Initiatives,Fashion,FREE,True
P000456,SaddleBrown Voluptate,Books,18226.33,True
P000961,RosyBrown A,Sports,13577.12,True
P012258,Cultivate E-Business Interfaces,Sports,FREE,True
P009190,Enhance B2B Infrastructures,,18881.64,True
P001094,Peru Sunt,Books,11384.74,True
P007945,YellowGreen At,Books,247.48,True
P003765,Orchid Eius,Beauty,21437.56,True
P011060,LightBlue Consequuntur,Books,24475.68,True
P005385,NavajoWhite Non,Beauty,9840.39,True
P005783,Embrace Interactive Experiences,Fashion,8947.66,True
P008377,DarkGoldenRod Facilis,Home,23000.71,True
P009864,LemonChiffon Nam,Books,12039.91,True
P014164,Extend Magnetic Applications,Sports,-52.317214213379856,True
P008588,Purple Consequatur,Electronics,5763.87,True
P005074,DarkOrange Cum,Fashion,5974.59,True
P006543,Redefine E-Business Channels,Toys,3569.77,True
P011044,Aqua In,Fashion,16221.16,True
P002322,SeaGreen Ratione,Sports,22492.54,True
P007606,Purple Eveniet,Books,17567.46,True
P008600,LightGreen Occaecati,Toys,4649.2,True
P000204,Moccasin Perferendis,Sports,3697.28,True
P002906,Lavender Hic,Beauty,5551.4,True
P009061,FloralWhite Enim,Books,10604.56,True
P007821,MediumSlateBlue Delectus,Electronics,10084.61,True
P005442,PapayaWhip Sint,Sports,2448.21,True
P004014,Peru Aut,Home,7998.0,True
P010214,PapayaWhip Magnam,Fashion,9400.87,True
P010242,Gold Quaerat,Home,20787.9,True
P000432,IndianRed Eveniet,Sports,12526.87,True
P002605,LightGreen Vitae,Beauty,354.2,True
P006945,PeachPuff Consectetur,Electronics,21643.27,True
P014800,,Home,23268.51,True
P006838,DarkRed Quo,Books,16439.6,True
P005933,Maroon Iure,Grocery,16448.71,True
P014825,Redefine B2C Architectures,Grocery,FREE,True
P014589,,Beauty,7622.0,True
P011778,Indigo Tempora,Electronics,11622.55,True
P003004,Scale Plug-And-Play E-Tailers,Beauty,13443.1,True
P001064,Maroon Cumque,Home,12536.65,True
P010081,Maroon Animi,Home,12463.17,True
P007167,Chartreuse Quae,Toys,6365.76,True
P014791,,Beauty,13047.88,True
P003380,SteelBlue Hic,Grocery,12365.58,True
P009131,Gray Ducimus,Fashion,6550.78,True
P011674,Cornsilk Provident,Fashion,4657.28,True
P001377,Black Ad,Grocery,271.79,True
P005391,SeaShell In,Grocery,19817.54,True
P004529,Azure Explicabo,Sports,6964.15,True
P011282,DarkKhaki Doloribus,Books,721.4,True
P010118,HotPink Asperiores,Beauty,21038.69,True
P008233,Tomato Voluptatibus,Books,22245.67,True
P004545,MediumSpringGreen Quaerat,Electronics,8310.52,True
P007823,Gainsboro Illo,Electronics,15995.95,True
P003089,Olive Inventore,Books,24265.45,True
P006822,Thistle Nam,Toys,7301.84,True
P005469,Purple Laboriosam,Electronics,2263.64,True
P005916,GreenYellow Officiis,Home,19297.71,True
P001816,Bisque Sequi,Beauty,12455.32,True
P002820,IndianRed Facere,Beauty,18827.79,True
P008817,AntiqueWhite Reiciendis,Fashion,19269.31,True
P006455,RoyalBlue Voluptatibus,Toys,3836.77,True
P008313,Magenta Corporis,Electronics,24024.53,True
P002837,Tan Voluptas,Fashion,16591.54,True
P008795,MediumTurquoise Aliquam,Sports,331.85,True
P012220,,Electronics,13767.86,True
P004784,White Facere,Books,229.34,True
P000299,LightSeaGreen Quae,Fashion,2361.33,True
P003022,YellowGreen Odit,Home,17594.22,True
P005986,DarkTurquoise Magni,Books,11955.73,True
P004632,AntiqueWhite Odit,Fashion,9169.35,True
P003885,MediumSpringGreen Neque,Books,24504.42,True
P005578,PaleGoldenRod Similique,Grocery,23369.39,True
P007536,PaleVioletRed Inventore,Books,1978.87,True
P003401,GreenYellow Debitis,Electronics,2998.53,True
P003282,Purple Minima,Home,2644.02,True
P005504,PapayaWhip Totam,Fashion,4696.75,True
P002410,Cyan Omnis,Electronics,15819.95,True
P001041,AntiqueWhite Culpa,Books,9185.99,True
P003492,HotPink Rem,Fashion,4988.46,True
P006789,Chocolate Molestias,Sports,3744.4,True
P001472,GoldenRod Totam,Fashion,7105.91,True
P012026,Enhance B2B Solutions,Electronics,FREE,True
P008698,DodgerBlue In,Grocery,16574.17,True
P012841,Repurpose Back-End Experiences,Books,FREE,True
P003195,DarkOrchid Iusto,Toys,19953.21,True
P014529,,,1869.35,True
P012878,Leverage B2B Communities,Fashion,-211.66114658186643,True
P003963,Lavender Quisquam,Home,3831.39,True
P003094,Cornsilk Similique,Home,160.23,True
P008210,Orchid Fugiat,Fashion,1400.56,True
P013042,Grow Bricks-And-Clicks Technologies,Grocery,FREE,True
P010787,LightGray Enim,Books,12743.84,True
P000457,MediumSeaGreen Deserunt,Sports,24975.82,True
P001589,PapayaWhip Officia,Beauty,2810.91,True
P001545,FireBrick Totam,Fashion,13958.53,True
P006656,BlueViolet Aliquam,Toys,3867.2,True
P006812,MistyRose Laudantium,Electronics,18087.85,True
P002984,Sienna Impedit,Sports,3935.88,True
P001148,GreenYellow Ratione,Beauty,5155.73,True
P003044,Gold Consequuntur,Toys,15034.02,True
P009850,DodgerBlue Ratione,Electronics,20425.42,True
P000819,PapayaWhip Aliquid,Home,5449.56,True
P011923,LightYellow Atque,Electronics,12671.55,True
P000078,BurlyWood Rem,Beauty,4767.74,True
P007379,LemonChiffon Quo,Electronics,22653.34,True
P008395,Purple Velit,Home,9399.91,True
P005716,LawnGreen Aspernatur,Sports,7062.07,True
P013838,Seize Leading-Edge Relationships,Sports,-517.8936850317933,True
P009531,LavenderBlush Vitae,Books,20572.99,True
P001061,Linen Adipisci,Toys,6348.57,True
P002061,FireBrick Veniam,Beauty,8618.13,True
P000714,DarkGoldenRod Culpa,Electronics,14309.37,True
P000254,MediumSpringGreen Harum,Beauty,9370.49,True
P010903,Cyan Quas,Toys,19318.33,True
P009939,MediumOrchid Itaque,Grocery,565.3,True
P002142,Purple Soluta,Sports,10581.95,True
P011013,HoneyDew Delectus,Sports,19400.71,True
P000800,Blue Quaerat,Sports,13251.65,True
P006702,LightGoldenRodYellow Odio,Toys,16675.53,True
P011804,Orange Suscipit,Toys,11176.66,True
P008829,Yellow Rerum,Books,23313.93,True
P014210,Empower Cross-Media Infrastructures,Fashion,FREE,True
P006372,PapayaWhip Qui,Toys,18361.56,True
P011617,Orchid Eius,Home,16341.38,True
P004543,DimGray Corrupti,Grocery,15438.78,True
P008056,Maroon Sint,Electronics,16558.85,True
P003398,Thistle Laudantium,Books,8061.24,True
P003181,DarkBlue Repellat,Fashion,3824.88,True
P006164,Utilize Innovative Vortals,Sports,10101.35,True
P010815,LemonChiffon Necessitatibus,Electronics,19475.75,True
P008132,Target Clicks-And-Mortar Mindshare,Fashion,24510.13,True
P010602,CadetBlue Id,Home,5257.69,True
P002534,PapayaWhip Blanditiis,Electronics,20683.95,True
P002073,DarkSalmon Dolores,Fashion,2591.85,True
P012513,Harness Compelling Content,,FREE,True
P006120,FireBrick In,Sports,24353.63,True
P008662,Chocolate Quasi,Books,4473.04,True
P012144,Generate Granular Solutions,Beauty,FREE,True
P009545,Blue Architecto,Home,11029.48,True
P000718,Re-Intermediate Bricks-And-Clicks Deliverables,Sports,15119.6,True
P002096,Snow Dolor,Beauty,21121.71,True
P003564,YellowGreen Temporibus,Toys,3023.84,True
P007637,BurlyWood Assumenda,Beauty,15855.89,True
P002129,BurlyWood A,Electronics,17128.77,True
P002355,CornflowerBlue Quam,Electronics,15566.37,True
P010158,PeachPuff Repellendus,Toys,6809.73,True
P001850,White Natus,Electronics,13793.79,True
P006380,MediumSlateBlue Illo,Sports,15327.82,True
P002113,Facilitate Impactful E-Commerce,Grocery,23940.29,True
P004389,DarkTurquoise Officia,Electronics,9098.13,True
P002644,HoneyDew Repellat,Toys,8657.27,True
P011297,LightCyan Recusandae,Fashion,1210.46,True
P010571,Peru Voluptatem,Fashion,6311.19,True
P006505,Tomato Commodi,Fashion,391.17,True
P010955,Redefine Back-End Web Services,Home,6961.27,True
P007016,MediumVioletRed Quia,Books,378.57,True
P010010,MediumSpringGreen Numquam,Beauty,8460.13,True
P009388,MintCream Laboriosam,Home,18709.11,True
P013334,Re-Contextualize Dynamic Roi,,-135.60331822582367,True
P001110,Embrace Bleeding-Edge Supply-Chains,Electronics,7485.09,True
P001721,MediumVioletRed Architecto,Electronics,1249.4,True
P006363,Chartreuse Magnam,Home,14478.66,True
P011186,Fuchsia Aliquam,Books,14104.94,True
P000202,Bisque Atque,Electronics,12182.61,True
P007572,DarkOliveGreen Magnam,Fashion,5729.49,True
P008463,SteelBlue Maiores,Home,19065.99,True
P005672,MintCream Deleniti,Electronics,12198.82,True
P013600,Integrate Impactful Platforms,Toys,FREE,True
P000394,DarkOrchid Cumque,Electronics,22160.94,True
P014287,Leverage Interactive Networks,,FREE,True
P003860,Fuchsia Vel,Beauty,2073.5,True
P003625,LightSkyBlue Pariatur,Fashion,24209.08,True
P011791,Chocolate Ea,Beauty,8567.34,True
P000309,LightSkyBlue Dolor,Electronics,24551.51,True
P006186,Wheat Sunt,Toys,13048.53,True
P014217,Scale Open-Source Metrics,Beauty,FREE,True
P006274,Yellow At,Beauty,12063.65,True
P003103,LemonChiffon Corporis,Books,23212.92,True
P014213,Incubate Transparent Portals,Sports,FREE,True
P011547,MediumSlateBlue Nisi,Beauty,21630.18,True
P004967,Silver Iusto,Toys,20754.47,True
P002290,Scale Bleeding-Edge Models,Fashion,18738.11,True
P009698,LightGreen Distinctio,Fashion,5496.65,True
P003978,Tan Eveniet,Beauty,8384.6,True
P003988,PowderBlue Iusto,Fashion,11942.12,True
P008352,DarkSeaGreen Repellendus,Grocery,12729.75,True
P010886,Brown Veniam,Home,19373.08,True
P004488,LightBlue At,Books,10471.6,True
P008503,DarkMagenta Iste,Toys,13748.42,True
P012555,,Beauty,13362.75,True
P001643,Aquamarine Hic,Home,11110.8,True
P004820,Chocolate Autem,Fashion,15235.15,True
P005781,Tomato Quos,Grocery,18446.07,True
P008480,Maximize Out-Of-The-Box Functionalities,Home,15422.42,True
P012810,Exploit Integrated E-Services,Home,FREE,True
P010428,HoneyDew Eveniet,Grocery,8044.38,True
P000244,Integrate Open-Source E-Commerce,,15788.15,True
P011200,Navy Sapiente,Books,16738.87,True
P001611,Brown Ab,Electronics,1720.09,True
P007230,DarkOliveGreen Et,Sports,12775.25,True
P009239,RoyalBlue Assumenda,Beauty,22073.62,True
P008161,Lavender Occaecati,Sports,1511.48,True
P011238,DarkRed Esse,Toys,877.39,True
P002212,MediumTurquoise Eligendi,Electronics,19538.68,True
P014679,,Fashion,1207.96,True
P003740,LightCoral Amet,Sports,22516.2,True
P001885,MediumPurple Eius,Books,16234.18,True
P006287,OrangeRed Culpa,Books,3677.15,True
P002463,DarkCyan Voluptate,Toys,1833.0,True
P008175,SteelBlue Molestiae,Books,23543.5,True
P004364,Empower Innovative Web-Readiness,Books,23339.3,True
P013989,,Beauty,13494.14,True
P007643,RosyBrown Quidem,Home,4883.05,True
P003019,Yellow Eveniet,Beauty,17459.07,True
P005805,OldLace Veniam,Home,6924.66,True
P002679,Moccasin Nobis,Home,4595.33,True
P011882,PeachPuff Deserunt,Grocery,1625.32,True
P004837,Black Impedit,Electronics,14759.21,True
P001304,Purple Accusamus,Fashion,14250.02,True
P005359,Snow Praesentium,Home,23474.36,True
P008574,Salmon Voluptate,Grocery,7919.06,True
P007559,DarkSeaGreen Nobis,Fashion,20942.64,True
P002317,DarkGoldenRod Quod,Beauty,24513.63,True
P014042,Aggregate End-To-End Infrastructures,Beauty,FREE,True
P008047,GreenYellow Ex,Sports,1759.75,True
P014392,,Home,4751.87,True
P001715,GoldenRod Quasi,Electronics,2880.98,True
P001352,MintCream Libero,Books,16421.31,True
P002285,NavajoWhite Provident,Books,12847.21,True
P004787,IndianRed Quaerat,Toys,17561.34,True
P003466,RosyBrown Vero,Beauty,8101.1,True
P007889,MintCream Labore,Grocery,11125.52,True
P004522,WhiteSmoke Veniam,Sports,9428.79,True
P001388,BurlyWood Enim,Sports,10454.22,True
P012150,Re-Intermediate B2C Architectures,Fashion,-302.5212356810989,True
P002835,DarkGray Error,Books,6328.22,True
P010403,PaleTurquoise Doloremque,Sports,15752.22,True
P001272,Maroon Quia,Beauty,23601.95,True
P013245,,Home,21844.51,True
P004022,SlateGray Saepe,Grocery,1160.45,True
P004385,MediumSpringGreen Omnis,Sports,14880.06,True
P001463,DarkCyan Repudiandae,Books,20006.25,True
P004410,Indigo Voluptate,Electronics,23896.17,True
P004848,Expedite Leading-Edge Info-Mediaries,Toys,3250.22,True
P003164,PeachPuff Laboriosam,Sports,15710.75,True
P000635,PowderBlue Quasi,Fashion,24876.12,True
P003040,GhostWhite Magnam,Fashion,133.5,True
P003799,Violet Magni,Books,7355.39,True
P001802,LemonChiffon Recusandae,Sports,21124.64,True
P013385,Mesh Plug-And-Play E-Commerce,Grocery,-225.4229427879064,True
P000789,FireBrick Dolor,Home,5336.28,True
P013690,Innovate Frictionless Roi,Beauty,-117.55038083325896,True
P009495,DarkOrchid Ratione,Toys,6311.31,True
P007619,MediumSlateBlue Aperiam,Books,24399.58,True
P010115,Azure Labore,Sports,22459.61,True
P012039,,Sports,6387.19,True
P005263,BlanchedAlmond Quo,Beauty,19815.3,True
P014070,Embrace Enterprise Convergence,Grocery,-260.84139206715196,True
P012792,,Books,2514.17,True
P011464,DarkMagenta Mollitia,Books,2048.73,True
P011586,Lime Libero,Fashion,13443.06,True
P008884,Black Alias,Toys,5508.69,True
P006227,DimGray Animi,Grocery,9941.26,True
P009780,DarkGreen Expedita,Beauty,5402.16,True
P005098,Violet Distinctio,Toys,17968.26,True
P004611,PaleGreen Rerum,Fashion,8428.29,True
P004157,ForestGreen Maiores,Fashion,4023.39,True
P008695,OrangeRed Enim,Toys,279.48,True
P001425,DarkRed Quidem,Sports,624.64,True
P006550,DarkGoldenRod Aliquid,Home,14458.88,True
P006301,Syndicate Sticky Networks,Grocery,13327.4,True
P002311,Harness Next-Generation Models,Books,23241.47,True
P001332,DodgerBlue Tenetur,Toys,8368.24,True
P005225,Re-Contextualize Extensible Systems,Books,6678.97,True
P010371,Expedite Collaborative Info-Mediaries,Fashion,17330.96,True
P009585,OliveDrab Nostrum,Toys,15910.67,True
P013547,,Toys,13258.06,True
P003805,LightSeaGreen Ducimus,Toys,23603.07,True
P002032,Transform World-Class Interfaces,Toys,1115.97,True
P008476,DarkKhaki Aperiam,Home,1917.85,True
P011467,Yellow Esse,Electronics,20023.87,True
P002972,Transition Dot-Com Synergies,Home,4801.2,True
P010662,RosyBrown Tempora,Grocery,10608.24,True
P001966,Incubate Out-Of-The-Box Vortals,Home,20148.86,True
P011601,Aqua Odit,Grocery,15577.47,True
P011453,PowderBlue Dicta,Home,15528.44,True
P003077,DimGray Corporis,Books,15836.63,True
P009822,LightBlue Maxime,Fashion,15154.29,True
P003191,LightSalmon Adipisci,Toys,7112.84,True
P002925,DarkMagenta Sed,Grocery,14679.45,True
P010220,Transition 24/365 Deliverables,Books,22590.35,True
P006961,GreenYellow Praesentium,Fashion,24413.76,True
P009230,Integrate Dynamic Metrics,Books,1132.23,True
P002207,Gold Ullam,Fashion,20200.51,True
P002230,CornflowerBlue Adipisci,Books,17041.32,True
P010129,PaleGoldenRod Atque,Home,14857.4,True
P010096,Synthesize Impactful Initiatives,Fashion,11169.67,True
P002224,Olive Aspernatur,Electronics,19735.11,True
P013472,Drive Enterprise Applications,Electronics,FREE,True
P010313,GoldenRod Officiis,Fashion,14625.04,True
P011825,SeaShell Aliquid,Grocery,23832.82,True
P009126,Magenta Asperiores,Beauty,7721.95,True
P004144,Gainsboro Voluptas,Grocery,4925.3,True
P006584,DarkSlateBlue Atque,Electronics,11567.73,True
P011535,DarkSeaGreen Ut,Fashion,14768.3,True
P001950,FireBrick Quis,Sports,18577.47,True
P009445,Fuchsia Fugiat,Toys,20210.06,True
P001635,MediumVioletRed Rem,Sports,8029.07,True
P008634,SeaShell Eaque,Sports,18979.54,True
P003180,DarkCyan Labore,Beauty,15742.6,True
P010462,PaleGoldenRod Provident,Fashion,15496.36,True
P006715,HotPink Quas,Fashion,7820.28,True
P002017,Moccasin Corrupti,Toys,18833.14,True
P000753,YellowGreen Temporibus,Home,15278.44,True
P005930,DarkViolet Quas,Sports,2819.74,True
P002237,DarkOrange Tempora,Electronics,20570.27,True
P012733,Leverage Proactive Solutions,Toys,-691.3103944996517,True
P008224,PaleGreen Magnam,Grocery,744.47,True
P007423,BurlyWood Nulla,Beauty,9127.74,True
P009686,LightSteelBlue Dicta,Electronics,16453.07,True
P003723,Innovate Cross-Media Metrics,Beauty,22200.32,True
P013665,Matrix Web-Enabled Content,Electronics,-333.676303012343,True
P008283,Moccasin Aut,Toys,9797.18,True
P000585,PaleVioletRed Quasi,Toys,8455.36,True
P001370,LightYellow Dignissimos,Books,13168.65,True
P000980,DarkCyan A,Home,24583.8,True
P000093,Thistle Quia,Books,23010.26,True
P006962,Coral Soluta,Home,12946.34,True
P000262,GoldenRod Doloribus,Beauty,16005.17,True
P005398,MidnightBlue Asperiores,Electronics,20558.78,True
P006090,DarkOrchid Rerum,Books,13614.81,True
P005510,Coral Magni,Grocery,555.37,True
P000077,DarkOrchid Asperiores,Beauty,6453.1,True
P009556,MediumSpringGreen Illum,Toys,19005.37,True
P002901,SteelBlue Tempore,Grocery,2720.08,True
P009945,MediumVioletRed Minus,Books,22551.4,True
P001523,YellowGreen Occaecati,Toys,2613.4,True
P014722,Target Plug-And-Play Users,Beauty,FREE,True
P012690,Integrate Proactive Channels,Home,FREE,True
P006144,MidnightBlue Facilis,Books,23351.04,True
P012215,Mesh Enterprise E-Commerce,Toys,-320.6579775268862,True
P007313,Innovate Cutting-Edge Methodologies,Sports,17728.35,True
P002488,DarkSalmon Sit,Fashion,4383.52,True
P001296,Khaki Facere,Fashion,12623.84,True
P000890,MediumSeaGreen Iure,Sports,13807.9,True
P008296,LightYellow Amet,Beauty,16315.39,True
P003361,Green Quasi,Toys,24504.06,True
P013254,Synthesize Wireless Deliverables,Electronics,-647.9343396489829,True
P011624,FireBrick Earum,Toys,24728.69,True
P014075,Streamline Granular Action-Items,,FREE,True
P002148,White Voluptas,Sports,5280.93,True
P006073,FloralWhite Aspernatur,Sports,20595.53,True
P004491,CornflowerBlue Rerum,Beauty,12186.12,True
P000234,Gainsboro Inventore,Fashion,20051.1,True
P005191,WhiteSmoke Ex,Grocery,23845.45,True
P010222,Tan Rem,Fashion,2776.91,True
P008479,SlateBlue Facilis,Grocery,5017.45,True
P012628,,Electronics,22844.45,True
P009354,DarkMagenta Aperiam,Electronics,20632.08,True
P004210,DarkKhaki Adipisci,Grocery,13499.84,True
P011702,DarkGoldenRod Repellat,Books,23561.44,True
P002369,DarkSalmon Dolorem,Grocery,4477.06,True
P012247,Visualize Intuitive Eyeballs,Grocery,FREE,True
P012521,Exploit Out-Of-The-Box Vortals,Beauty,-736.501972933104,True
P006724,PaleGreen Quo,Books,12288.12,True
P004516,Ivory Aperiam,Fashion,22207.49,True
P001958,PaleGreen Nisi,Toys,14791.65,True
P004665,PapayaWhip Doloremque,Books,4769.27,True
P010941,DeepPink Modi,Fashion,20722.74,True
P010642,MediumSpringGreen Soluta,Books,24448.35,True
P006967,Orange Alias,Home,23612.06,True
P006327,GreenYellow Atque,Toys,16031.68,True
P004204,MistyRose Dignissimos,Electronics,10197.83,True
P001217,Violet Iure,Electronics,18600.72,True
P010351,Crimson Vel,Books,13355.09,True
P005174,LightSkyBlue Ad,Home,2425.96,True
P005607,MediumSpringGreen Doloremque,Fashion,15987.59,True
P003008,MintCream Incidunt,Home,11417.37,True
P005557,AntiqueWhite Sint,Home,24305.56,True
P010765,Snow Placeat,Books,1039.08,True
P008809,OrangeRed Explicabo,Toys,15462.35,True
P008609,DarkOrchid Officia,Grocery,19972.3,True
P001665,LemonChiffon Harum,Beauty,20001.09,True
P002358,Ivory Eveniet,Fashion,22029.25,True
P008773,Crimson Atque,Home,24016.82,True
P001374,Olive A,Beauty,401.49,True
P008391,HoneyDew Fugiat,Books,8212.96,True
P004368,Lime Repellat,Electronics,1182.0,True
P004621,Orchid Voluptates,Home,15294.52,True
P006047,Green Velit,Beauty,2766.17,True
P008130,WhiteSmoke Iste,Electronics,9812.39,True
P007719,OldLace Repudiandae,Fashion,19330.09,True
P013094,Architect Open-Source Web-Readiness,Toys,-739.8037526782712,True
P004142,DarkGoldenRod Voluptatibus,Electronics,23084.65,True
P013794,Maximize Seamless Metrics,Toys,-632.6411938101193,True
P003119,AliceBlue Repudiandae,Grocery,22657.58,True
P007515,Cyan Quasi,Fashion,4841.08,True
P005586,SlateGray Consequatur,Books,13680.95,True
P002613,PapayaWhip Aperiam,Electronics,9906.11,True
P001012,CornflowerBlue Inventore,Beauty,16182.78,True
P003483,DeepSkyBlue Quos,Sports,3825.53,True
P002070,Scale Bricks-And-Clicks Models,Home,19560.31,True
P007074,LightGray Sequi,Sports,20430.76,True
P011962,MediumVioletRed Rem,Home,6601.42,True
P011621,RosyBrown Esse,Sports,17462.68,True
P001319,Snow Laudantium,Home,10808.48,True
P001258,HotPink Enim,Home,5792.19,True
P006243,Sienna Eveniet,Beauty,2894.11,True
P003431,Gold Tempora,Toys,2064.96,True
P012202,Envisioneer Magnetic Systems,Electronics,FREE,True
P001051,SeaGreen Saepe,Fashion,23624.96,True
P014368,Deploy User-Centric Initiatives,Home,FREE,True
P000569,Orange Necessitatibus,Books,23567.77,True
P011826,Red Illum,Grocery,17897.7,True
P013585,Target Impactful Technologies,,-902.3291899463233,True
P011248,MistyRose Exercitationem,Sports,2128.7,True
P008418,FloralWhite Iusto,Books,23764.37,True
P012055,Maximize Visionary Portals,Home,FREE,True
P001818,Silver Fuga,Fashion,16316.26,True
P011599,DarkOrchid Officia,Books,16085.2,True
P007432,Tan Saepe,Home,16065.58,True
P004833,Silver Laborum,Sports,7528.85,True
P006750,DimGray Dolores,Sports,6328.46,True
P013153,Enhance Real-Time Applications,Fashion,-417.678075613077,True
P003798,Coral Eius,Home,12511.78,True
P009243,Violet Dolore,Grocery,24709.94,True
P006637,DarkViolet Veritatis,Toys,22165.55,True
P008360,LightSeaGreen Eius,Electronics,18204.09,True
P005947,LightSlateGray Impedit,Grocery,8250.69,True
P000852,Moccasin Molestiae,Sports,558.01,True
P005548,Plum Rem,Sports,9873.89,True
P012245,Revolutionize Interactive E-Commerce,Electronics,FREE,True
P002377,LightSteelBlue Unde,Beauty,4697.64,True
P012619,,Electronics,21351.04,True
P005561,Snow Neque,Grocery,17793.31,True
P014028,E-Enable Revolutionary E-Services,Grocery,FREE,True
P014944,Grow Wireless Niches,Beauty,-295.4391639440663,True
P004630,Crimson Sapiente,Books,17838.39,True
P013890,Orchestrate Leading-Edge Models,Fashion,-274.8180049278779,True
P004889,DarkViolet Quos,Home,24637.71,True
P003766,Orange Nostrum,Home,22297.19,True
P005262,DarkSeaGreen Tempora,Sports,21860.77,True
P008396,Coral Repellendus,Beauty,23369.18,True
P009590,DeepPink Inventore,Electronics,8179.91,True
P004565,ForestGreen Non,Toys,21952.93,True
P013175,,Grocery,21464.88,True
P007935,LightSeaGreen Amet,Grocery,17915.7,True
P001391,MediumPurple Repellendus,Electronics,2416.32,True
P000508,WhiteSmoke Harum,Grocery,20083.66,True
P003259,Salmon Adipisci,Books,5945.01,True
P006968,Gainsboro Blanditiis,Books,17822.22,True
P000205,LightSteelBlue Sed,Books,1295.64,True
P007317,LightSlateGray Maxime,Home,20446.27,True
P004913,Silver Rem,Electronics,6347.34,True
P004695,YellowGreen Ad,Sports,4712.03,True
P008855,Plum Dolorum,Home,945.32,True
P004160,MediumTurquoise Dolorum,Books,15015.08,True
P011862,LightSalmon Nostrum,Fashion,4387.79,True
P011883,HoneyDew Earum,Grocery,17995.57,True
P010421,LightYellow Laborum,Electronics,22519.65,True
P012901,,Electronics,3338.0,True
P002829,DarkSeaGreen Totam,Beauty,15648.39,True
P003087,Thistle Provident,Electronics,23468.24,True
P005267,Turquoise Nemo,Home,2313.1,True
P005755,LightPink Nulla,Fashion,15272.53,True
P014506,,Toys,8738.99,True
P000646,SlateGray Similique,Fashion,8784.02,True
P007064,DarkKhaki Inventore,Toys,1441.23,True
P009973,AntiqueWhite Porro,Beauty,962.07,True
P011772,SlateBlue Rem,Toys,20074.46,True
P009706,DarkGoldenRod Harum,Grocery,14882.29,True
P000462,Sienna Aperiam,Beauty,5140.85,True
P003725,PaleGreen Soluta,Electronics,20935.59,True
P005457,OliveDrab Odit,Grocery,9559.33,True
P007371,DarkRed Nulla,Toys,24757.83,True
P013590,,Electronics,24031.3,True
P013279,,Grocery,14334.92,True
P013128,,Sports,15248.49,True
P011189,Chocolate Quia,Toys,5229.01,True
P013921,,Books,14800.54,True
P006904,Cornsilk Sed,Home,8245.27,True
P014541,Optimize Best-Of-Breed Initiatives,,FREE,True
P014803,Empower Distributed Architectures,Electronics,FREE,True
P011891,Tan Harum,Fashion,5743.54,True
P009245,Teal Dolorum,Beauty,11723.27,True
P000860,Orange Optio,Fashion,12495.44,True
P008868,Olive Expedita,Toys,13312.22,True
P004510,MediumSlateBlue Hic,Electronics,22350.19,True
P001049,DarkOrange Assumenda,Electronics,13041.55,True
P013982,,Beauty,6769.3,True
P009233,SkyBlue Eius,Electronics,1899.86,True
P004557,LavenderBlush Debitis,Grocery,5793.99,True
P003903,MediumSpringGreen Officiis,Fashion,10912.36,True
P010957,FireBrick Autem,Electronics,12665.52,True
P009907,PaleGreen Velit,Grocery,12352.57,True
P006587,MediumVioletRed Ducimus,Home,24010.71,True
P009358,PaleVioletRed Dignissimos,Home,4579.39,True
P012614,,Grocery,10389.27,True
P014995,Innovate Open-Source Schemas,Toys,FREE,True
P013983,,Home,5016.65,True
P011416,RoyalBlue Sapiente,Grocery,3510.71,True
P005761,Coral Est,Beauty,15746.22,True
P014630,Enhance Killer Technologies,Electronics,FREE,True
P000442,DeepPink Vero,Books,21931.33,True
P012282,,Toys,17540.1,True
P000545,MintCream Quidem,Toys,21859.05,True
P000430,DarkCyan Accusamus,Fashion,23068.26,True
P003332,White Facilis,Books,10101.37,True
P005030,Thistle Temporibus,Beauty,22456.62,True
P006908,BlanchedAlmond Autem,Beauty,15511.41,True
P001234,Chocolate Aliquid,Grocery,8937.34,True
P005923,MediumOrchid Doloremque,Electronics,7648.71,True
P011625,SlateGray Repudiandae,Grocery,1994.03,True
P000935,AntiqueWhite Excepturi,Electronics,8572.49,True
P007041,CornflowerBlue Repellat,Home,22964.28,True
P011066,LightSkyBlue Dignissimos,Beauty,13891.56,True
P006835,SandyBrown Minima,Beauty,10264.28,True
P000532,MediumBlue Tenetur,Sports,18546.16,True
P014739,Aggregate Interactive Web Services,Beauty,FREE,True
P001571,AliceBlue Nam,Sports,6170.14,True
P012508,Leverage Transparent Web-Readiness,,-691.9093554110995,True
P011628,PeachPuff Dolores,Home,16843.58,True
P010834,LightSkyBlue Quas,Sports,21519.16,True
P008973,Indigo Eos,Sports,6088.89,True
P008659,SlateGray Officia,Grocery,16053.08,True
P006712,Morph Innovative Applications,Electronics,9445.7,True
P009204,LightSlateGray Quo,Grocery,21014.92,True
P009760,GreenYellow Delectus,Fashion,21148.14,True
P008670,DarkSeaGreen Fuga,Grocery,24880.62,True
P007273,SlateGray Rem,Beauty,9652.69,True
P007227,Aquamarine Vero,Home,24778.24,True
P009929,Magenta Alias,Home,22990.36,True
P007630,LightGoldenRodYellow Sit,Fashion,14409.64,True
P003793,Turquoise Repudiandae,Grocery,6467.03,True
P012651,Empower Transparent Communities,Books,-722.8410813537993,True
P005694,Khaki Cumque,Grocery,23567.87,True
P003093,Green Quidem,Electronics,3545.51,True
P011724,DarkViolet Maxime,Grocery,16336.41,True
P012938,Redefine Value-Added Architectures,Electronics,FREE,True
P014601,,Electronics,2951.55,True
P006148,LightSkyBlue Ea,Sports,1717.06,True
P007275,OrangeRed Tempore,Books,17950.73,True
P010156,MediumSeaGreen Eligendi,Fashion,2243.25,True
P007471,Leverage Sticky Infrastructures,Home,13616.71,True
P009720,Ivory Quidem,Electronics,2494.23,True
P009467,YellowGreen Quae,Electronics,1050.63,True
P008457,Brown Dolorum,Electronics,11795.47,True
P013805,Syndicate Virtual E-Tailers,Home,-728.3019852142158,True
P007942,Coral Deserunt,Toys,8407.49,True
P007397,DarkGray Ad,Sports,17787.45,True
P010656,BurlyWood Veritatis,Fashion,4949.85,True
P003426,DarkCyan Repellendus,Beauty,16841.13,True
P011602,LightYellow Eos,Toys,18345.69,True
P013464,Synthesize 24/365 Infrastructures,Toys,FREE,True
P005459,PaleVioletRed Corrupti,Electronics,7088.41,True
P002100,LawnGreen Nobis,Beauty,524.86,True
P011263,Red Possimus,Sports,13025.41,True
P004402,PaleTurquoise Perferendis,Toys,20629.26,True
P000510,Morph Proactive Info-Mediaries,Home,19454.83,True
P008880,Teal Quae,Grocery,10197.88,True
P007422,Azure Possimus,Sports,5047.76,True
P014795,Exploit Synergistic Web-Readiness,Books,FREE,True
P003862,Sienna Unde,Grocery,2642.14,True
P000733,Scale Bricks-And-Clicks Applications,Toys,11389.38,True
P008535,PaleTurquoise Assumenda,Beauty,24201.95,True
P004722,Cyan Saepe,Electronics,8198.58,True
P013078,Deploy Interactive E-Tailers,Toys,FREE,True
P005193,GoldenRod At,Grocery,19252.55,True
P008824,PapayaWhip Ut,Grocery,12231.15,True
P011295,Moccasin Delectus,Electronics,19773.2,True
P004940,LightSalmon Consequuntur,Toys,11916.7,True
P006223,Navy Nihil,Beauty,4537.39,True
P010822,Pink Provident,Toys,8190.17,True
P005076,Khaki Numquam,Beauty,20749.41,True
P008561,PaleGoldenRod Rerum,Home,5105.77,True
P001405,Pink Odit,Grocery,3070.74,True
P013787,Strategize 24/7 Synergies,Beauty,-995.8466364899452,True
P010841,RosyBrown Aspernatur,Fashion,19361.06,True
P001624,Orange Officiis,Fashion,9596.41,True
P006238,SkyBlue Error,Beauty,23636.12,True
P008264,DarkKhaki Aliquid,Fashion,2423.31,True
P008935,Gray Magnam,Beauty,17699.48,True
P009169,SlateGray Minima,Fashion,9583.89,True
P005205,AliceBlue Velit,Books,10456.17,True
P010991,MediumBlue Eos,Sports,19924.67,True
P002365,Bisque Earum,Toys,9249.6,True
P004271,MediumPurple Dolorem,Beauty,14314.36,True
P008094,Salmon Pariatur,Books,5908.03,True
P001120,DarkOrchid Unde,Home,218.43,True
P006499,Tan Quidem,Sports,21962.78,True
P006531,MidnightBlue Reprehenderit,Grocery,11950.54,True
P000247,Thistle Voluptas,Fashion,600.2,True
P013415,Empower Dot-Com Infrastructures,Sports,FREE,True
P003519,Salmon Neque,Electronics,24973.75,True
P004073,DarkSalmon Accusantium,Grocery,21511.58,True
P007600,PeachPuff Eveniet,Sports,12044.67,True
P009398,LemonChiffon Sunt,Books,8393.77,True
P011876,AliceBlue Dolor,Sports,20492.84,True
P014354,Leverage B2B Info-Mediaries,Toys,FREE,True
P005326,Beige Consequatur,Grocery,8196.65,True
P009017,YellowGreen Deleniti,Toys,7695.45,True
P010424,LemonChiffon Beatae,Grocery,5278.66,True
P001684,Orchid Similique,Electronics,20433.81,True
P009312,SlateBlue Iure,Sports,15448.27,True
P012156,Maximize Scalable Portals,Fashion,-144.99702846207728,True
P003581,Purple Velit,Fashion,3583.99,True
P010107,Teal Minus,Sports,16897.39,True
P000550,LightCyan Id,Home,16015.41,True
P011173,DarkRed Eos,Toys,16452.5,True
P001447,MintCream Iste,Home,16618.34,True
P003871,DarkSlateGray Numquam,Sports,17666.01,True
P006716,Embrace Mission-Critical Markets,Books,6323.79,True
P008895,PaleGoldenRod Ipsum,Toys,5233.7,True
P009210,RosyBrown Rem,Grocery,11411.25,True
P012675,Orchestrate One-To-One Functionalities,Electronics,-513.7854742118244,True
P010194,DarkSeaGreen Voluptates,Beauty,24493.1,True
P000042,Salmon Incidunt,Books,15635.19,True
P004056,SpringGreen Delectus,Grocery,16044.78,True
P007082,Cyan Non,Grocery,20132.02,True
P007891,PapayaWhip Sequi,Home,16977.84,True
P007150,PaleGreen Labore,Toys,11540.95,True
P013812,Reinvent Frictionless Deliverables,Sports,FREE,True
P011143,LightCoral Quidem,Toys,10481.61,True
P000862,Silver Nisi,Grocery,5906.81,True
P006673,DarkGreen Rerum,Sports,21615.9,True
P010412,LightGoldenRodYellow Enim,Fashion,13779.2,True
P013963,,,11930.27,True
P003708,DeepPink Sit,Grocery,16436.99,True
P010650,SteelBlue Veritatis,Home,221.02,True
P012428,,Books,7252.76,True
P009156,MediumSeaGreen Quisquam,Beauty,13901.89,True
P000982,PapayaWhip Consequatur,Beauty,22517.93,True
P013516,,Electronics,19063.04,True
P006648,PaleGoldenRod Nemo,Fashion,751.67,True
P000688,Mesh Sticky Bandwidth,,7004.14,True
P008595,HotPink Veniam,Beauty,9919.76,True
P004194,LavenderBlush Earum,Books,10146.85,True
P006578,Synergize Out-Of-The-Box Systems,Grocery,1293.02,True
P000522,MintCream Vel,Grocery,2484.04,True
P005211,LightPink Maiores,Home,5072.04,True
P012536,Brand Interactive Technologies,Grocery,FREE,True
P011340,Aquamarine Doloribus,Books,20674.33,True
P006659,LightSeaGreen Officia,Home,16318.33,True
P011783,NavajoWhite Tempore,Toys,21023.38,True
P006779,DarkGoldenRod Rem,Books,17688.7,True
P001992,MediumVioletRed Saepe,Books,5352.0,True
P001888,Orchid Perspiciatis,Electronics,2823.13,True
P005408,IndianRed Quod,Beauty,12162.1,True
P008531,BlueViolet Recusandae,Grocery,18245.9,True
P003665,DarkGreen Ea,Toys,9588.18,True
P010169,Chartreuse Minima,Fashion,24220.88,True
P000830,Salmon Reprehenderit,Toys,2057.82,True
P010527,Wheat Porro,Electronics,1505.76,True
P001306,CadetBlue Beatae,Sports,19855.98,True
P000324,MediumTurquoise Consequuntur,Beauty,24963.64,True
P007087,Lime Eos,Beauty,87.58,True
P007447,PapayaWhip Vel,Beauty,10805.71,True
P009998,Azure Dolorem,Books,5708.58,True
P004847,SlateGray Porro,Home,3554.45,True
P010399,DarkGoldenRod Reiciendis,Books,24214.22,True
P004581,LightSkyBlue Facere,Fashion,22587.62,True
P009713,MintCream Inventore,Toys,23035.17,True
P004067,MidnightBlue Culpa,Beauty,7842.92,True
P004313,MidnightBlue Repellendus,Sports,21888.21,True
P008275,DarkGreen Quisquam,Books,3599.47,True
P001055,Coral Quaerat,Books,9056.84,True
P011080,Gold Quidem,Grocery,12207.56,True
P000009,Aggregate Best-Of-Breed Functionalities,Grocery,2705.3,True
P011726,LightPink Repellat,Electronics,19912.1,True
P000902,LavenderBlush Accusamus,Toys,3725.07,True
P013079,Integrate Intuitive E-Markets,Home,-584.2511268679739,True
P010147,Navy Nulla,Books,11057.39,True
P013457,Harness Seamless Info-Mediaries,Beauty,-398.71834718556653,True
P008751,DarkCyan Ad,Electronics,13837.14,True
P004568,LimeGreen Corrupti,Grocery,23967.7,True
P012613,Evolve Extensible Vortals,Fashion,-746.4550034328921,True
P002637,SpringGreen Quidem,Toys,10343.13,True
P005143,MintCream Maxime,Beauty,441.51,True
P006247,Silver Architecto,Beauty,13219.64,True
P006454,BlanchedAlmond Delectus,Toys,3845.19,True
P007675,OliveDrab Doloremque,Home,21452.01,True
P013630,Orchestrate Open-Source Architectures,Books,-219.6386989643296,True
P010155,Ivory Voluptatum,Sports,15185.39,True
P003943,DarkGray Iure,Beauty,16211.42,True
P011910,Cyan Itaque,Fashion,24310.87,True
P010258,Olive Hic,Home,2683.6,True
P012126,Repurpose Vertical Mindshare,Beauty,FREE,True
P005763,Gray Reiciendis,Fashion,4865.36,True
P013100,,Grocery,15410.32,True
P001496,LightSalmon Dolorem,Fashion,4280.71,True
P007535,LightGoldenRodYellow Ut,Grocery,15755.77,True
P006903,E-Enable B2B Markets,Toys,21917.49,True
P004132,RoyalBlue Natus,Grocery,19326.18,True
P000226,Snow Cumque,Home,2807.69,True
P010543,LemonChiffon Sapiente,Toys,18127.36,True
P002047,MediumSlateBlue Velit,Sports,16895.33,True
P013850,Re-Contextualize B2B Roi,Books,-291.9123024274939,True
P003739,Turquoise Veniam,Toys,2430.95,True
P012970,Incentivize Compelling Paradigms,Fashion,FREE,True
P004221,Grow Bleeding-Edge Methodologies,,14769.87,True
P006453,Blue Illo,Books,2169.42,True
P001810,DeepPink Laborum,Toys,14053.78,True
P002907,Beige Nobis,Toys,13364.13,True
P007774,Morph Clicks-And-Mortar Supply-Chains,Beauty,3458.45,True
P013377,Deploy Collaborative E-Markets,Electronics,FREE,True
P003184,Salmon Consequatur,Fashion,10815.23,True
P011913,Sienna Sunt,Books,16514.55,True
P011415,SlateGray Odio,Toys,1695.62,True
P008721,SandyBrown Quidem,Grocery,24231.94,True
P010210,LightSalmon Soluta,Toys,19608.3,True
P005285,Brown Minima,Grocery,19459.42,True
P000471,MediumPurple Illo,Toys,7844.49,True
P008338,DarkGoldenRod Aut,Electronics,4072.48,True
P001333,Fuchsia Omnis,Beauty,1351.62,True
P010340,LightSkyBlue Quae,Sports,4923.33,True
P012573,Synergize Bricks-And-Clicks Initiatives,,-584.4810441784985,True
P010102,Gold Neque,Sports,2498.12,True
P012566,Iterate Revolutionary Functionalities,Grocery,FREE,True
P010510,DarkCyan Nulla,Sports,16523.55,True
P008050,Snow Illo,Fashion,8316.23,True
P003496,HoneyDew Unde,Grocery,11912.64,True
P007368,DeepPink Laborum,Toys,21526.77,True
P009457,DarkTurquoise Voluptates,Fashion,23718.59,True
P012496,Revolutionize Integrated Functionalities,Beauty,-234.55371703203997,True
P000610,Expedite One-To-One Initiatives,Home,14938.4,True
P005417,SeaGreen Distinctio,Toys,2905.56,True
P008099,HoneyDew Eos,Toys,7748.76,True
P012664,Seize Strategic Niches,Grocery,-592.4559226774835,True
P000744,SeaShell Illo,Books,23438.11,True
P012740,,Fashion,787.73,True
P010643,Gray Laboriosam,Fashion,8029.75,True
P014355,,Beauty,15601.59,True
P011558,LawnGreen Quod,Home,5783.71,True
P001140,FireBrick Debitis,Sports,10009.96,True
P002738,Bisque Placeat,Home,10298.91,True
P008764,LavenderBlush Consectetur,Books,16975.78,True
P002717,AntiqueWhite Tenetur,Grocery,3535.74,True
P004334,PaleTurquoise Voluptatum,Toys,20517.21,True
P005690,MediumVioletRed Voluptates,Electronics,9312.44,True
P005564,FireBrick Delectus,Beauty,13898.45,True
P009731,Crimson Aliquid,Sports,7058.5,True
P003595,Magenta Nisi,Toys,24109.03,True
P000013,BlanchedAlmond Aut,Beauty,10154.28,True
P002430,LightGreen A,Sports,10506.47,True
P001588,Silver Non,Sports,20249.42,True
P007026,Seize Enterprise Relationships,Books,5433.05,True
P002786,PowderBlue Quidem,Beauty,10571.61,True
P011951,DodgerBlue Odit,Grocery,124.25,True
P005156,BurlyWood Ullam,Beauty,3232.94,True
P003865,SlateBlue Itaque,Home,1507.44,True
P009714,Gray Sit,Books,6707.45,True
P008039,OldLace Ratione,Books,13743.94,True
P006072,Moccasin Asperiores,Fashion,17074.72,True
P009028,IndianRed Temporibus,Toys,12101.46,True
P000163,Pink Veniam,Electronics,18920.64,True
P010576,SaddleBrown Eius,Electronics,10487.59,True
P005393,DarkGreen Iste,Home,19624.61,True
P003521,PapayaWhip Suscipit,Grocery,19956.01,True
P014170,Re-Intermediate Out-Of-The-Box Experiences,Home,FREE,True
P013752,Utilize Customized Users,Toys,-440.5994165057414,True
P005394,MediumVioletRed Architecto,Sports,11821.24,True
P003250,Silver Numquam,Fashion,9585.61,True
P001230,Khaki Quas,Electronics,4165.78,True
P014556,Grow Impactful Mindshare,Electronics,-907.0504554949779,True
P012818,,Sports,9150.95,True
P001075,PaleTurquoise Repudiandae,Electronics,21367.75,True
P011954,PeachPuff Magni,Fashion,24522.1,True
P012497,Engineer Seamless Bandwidth,Fashion,-376.81401081587916,True
P010005,Lavender Accusantium,Grocery,791.46,True
P004043,DarkCyan Dolorem,Beauty,19269.42,True
P011429,Aqua Saepe,Electronics,16284.28,True
P009650,Coral Fuga,Sports,10673.94,True
P003829,Pink Tenetur,Electronics,8527.45,True
P001073,Silver Inventore,Fashion,494.86,True
P004608,Blue Voluptas,Sports,6870.74,True
P000274,FireBrick Vel,Books,3149.85,True
P007932,Fuchsia Aut,Sports,8521.02,True
P006912,RosyBrown Dignissimos,Fashion,2203.85,True
P011679,RosyBrown Sed,Books,4216.18,True
P005696,DimGray Nobis,Books,8584.99,True
P001550,Generate Distributed Networks,Books,17113.38,True
P000737,LightSlateGray Iusto,Books,24721.47,True
P005378,Plum Ex,Beauty,5268.69,True
P001892,LimeGreen Eaque,Books,6020.55,True
P008321,OliveDrab Adipisci,Beauty,13851.14,True
P014190,E-Enable Leading-Edge E-Markets,Fashion,-487.15236500818537,True
P011322,LightYellow Saepe,Beauty,22315.5,True
P008162,White Explicabo,Electronics,1068.98,True
P006767,Indigo Perspiciatis,Beauty,15809.21,True
P001649,GhostWhite Optio,Grocery,7672.27,True
P005617,DodgerBlue Reprehenderit,Sports,6066.58,True
P007882,Target Vertical Architectures,Grocery,5990.86,True
P011618,Black Ducimus,Electronics,23865.79,True
P005547,DarkSlateGray Illum,Toys,1472.94,True
P005527,MediumBlue Expedita,Fashion,3500.1,True
P009841,LightSalmon Maiores,Fashion,12781.49,True
P011654,Monetize Out-Of-The-Box Vortals,Sports,16521.87,True
P009497,Beige Deserunt,Grocery,24497.13,True
P001952,MidnightBlue Laboriosam,Electronics,1714.07,True
P001097,SlateBlue Iure,Electronics,19735.03,True
P001841,Crimson Ullam,Beauty,16039.59,True
P008481,PapayaWhip Nesciunt,Home,818.37,True
P014445,Incubate Real-Time Schemas,,-741.0397846802356,True
P004682,Navy Omnis,Home,6034.82,True
P002226,DarkBlue Aperiam,Grocery,21421.79,True
P000182,LightGoldenRodYellow Aspernatur,Toys,9247.82,True
P008833,MediumVioletRed Quia,Toys,2822.84,True
P007688,WhiteSmoke Id,Books,7608.46,True
P004658,Embrace One-To-One Mindshare,Sports,15500.32,True
P013355,Optimize Open-Source E-Business,Electronics,FREE,True
P003832,Salmon Labore,Beauty,14036.25,True
P001468,DarkSeaGreen Labore,Electronics,13192.02,True
P011689,Monetize Intuitive Methodologies,Fashion,14705.02,True
P001792,LightSkyBlue Et,Sports,12759.58,True
P010954,Coral Eveniet,Home,24390.54,True
P011206,MediumSlateBlue Molestias,Toys,2396.17,True
P008153,MintCream Maxime,Electronics,2061.21,True
P010236,PaleVioletRed Esse,Beauty,20830.92,True
P001112,Aquamarine Odio,Books,12140.62,True
P004483,SlateBlue Veniam,Books,16657.43,True
P001750,Bisque Distinctio,Fashion,11437.18,True
P000158,Tan Labore,Toys,10206.1,True
P006451,Aqua Deserunt,Beauty,24203.61,True
P007107,MediumBlue Accusantium,Sports,17326.29,True
P002145,SlateBlue Sunt,Toys,20865.17,True
P000829,LawnGreen Laboriosam,Books,350.11,True
P012668,Streamline Transparent Initiatives,Grocery,-467.90720381974063,True
P009320,MediumSpringGreen Commodi,Grocery,2826.9,True
P014789,,Beauty,5455.15,True
P001129,LavenderBlush Amet,Sports,18798.21,True
P005339,Navy Dolorem,Grocery,8398.78,True
P005004,MintCream Adipisci,Sports,9759.07,True
P004048,Gray Provident,Fashion,128.84,True
P003682,LemonChiffon Sint,Grocery,15528.68,True
P001403,Orchid Assumenda,Grocery,18303.13,True
P013772,,Electronics,17705.47,True
P001852,Pink Similique,Sports,22002.44,True
P011803,MediumSlateBlue Maiores,Books,3923.58,True
P005276,Black Maiores,Beauty,17386.65,True
P003166,DarkViolet Dolorum,Sports,5452.52,True
P007797,SeaGreen Consequuntur,Beauty,5160.05,True
P001639,Coral Quaerat,Home,2523.21,True
P008941,SlateGray Eius,Toys,1368.96,True
P010008,OldLace Tempore,Electronics,14498.17,True
P000886,PaleGoldenRod Eos,Books,21757.71,True
P013339,Empower Clicks-And-Mortar Web Services,Sports,FREE,True
P013954,Empower Bleeding-Edge Networks,Home,FREE,True
P005048,FloralWhite Ipsam,Electronics,406.74,True
P007272,Bisque Tempora,Electronics,19905.46,True
P013288,,Grocery,12999.02,True
P012159,Exploit Leading-Edge Applications,Books,FREE,True
P004861,Blue Dolorem,Home,4815.36,True
P011368,Violet Quas,Books,13970.39,True
P002234,PeachPuff Ipsam,Toys,21770.58,True
P013287,Seize Cross-Media E-Commerce,Books,-849.953694441581,True
P001182,HotPink Explicabo,Home,17026.01,True
P004006,Plum Sequi,Electronics,11559.21,True
P003168,Salmon Architecto,Grocery,19808.0,True
P008494,Lime Sed,Grocery,22986.23,True
P011789,DarkOliveGreen Molestias,Fashion,10974.89,True
P000453,IndianRed Fugit,Grocery,14397.93,True
P012115,Empower Bricks-And-Clicks Experiences,Fashion,-458.76258706010134,True
P011076,DarkRed Accusantium,Sports,21344.98,True
P002371,Yellow Numquam,Books,22104.47,True
P004206,White Veritatis,Grocery,12313.36,True
P000615,Productize User-Centric Technologies,,16437.0,True
P010500,WhiteSmoke Quia,Books,3950.28,True
P008947,Azure Asperiores,Books,22772.9,True
P002917,LemonChiffon Eligendi,Sports,10748.39,True
P003807,LawnGreen Explicabo,Fashion,17947.15,True
P014312,Utilize Dynamic Relationships,Books,FREE,True
P010402,GoldenRod Nobis,Fashion,5367.92,True
P002610,Embrace Global Web-Readiness,Fashion,6085.36,True
P001700,DarkSalmon Nostrum,Beauty,15903.11,True
P003547,Indigo Animi,Toys,17235.22,True
P009409,AliceBlue Facilis,Electronics,9028.29,True
P012855,,Toys,14321.52,True
P011813,Peru Dicta,Books,19121.06,True
P002512,MediumVioletRed Distinctio,Home,14651.86,True
P004533,Navy Corrupti,Sports,2309.3,True
P005713,Beige Exercitationem,Sports,6040.32,True
P004362,SteelBlue Nesciunt,Fashion,17923.63,True
P006283,DarkOrchid Molestias,Fashion,21173.17,True
P004804,MediumBlue Cupiditate,Books,19764.83,True
P005747,Sienna Ullam,Electronics,14785.23,True
P007882,LightCoral Hic,Electronics,463.68,True
P002450,LightGoldenRodYellow Unde,Electronics,18308.33,True
P000252,DarkRed Ab,Beauty,1983.66,True
P008012,Maximize User-Centric E-Business,Books,12515.68,True
P014049,,Beauty,21334.32,True
P007408,PeachPuff Iure,Books,23471.26,True
P011139,LimeGreen Repellendus,Fashion,16017.53,True
P014030,,Books,5696.11,True
P000354,LawnGreen Occaecati,Fashion,16734.23,True
P007861,GoldenRod Cupiditate,Sports,16697.28,True
P012036,Embrace Integrated Functionalities,,-457.475706687657,True
P002664,BlueViolet Ratione,Beauty,19293.78,True
P006342,DarkOliveGreen Officia,Toys,5352.42,True
P008790,LightGoldenRodYellow Reiciendis,Fashion,15380.78,True
P011079,Navy Esse,Beauty,13781.47,True
P002218,DarkKhaki Dolorum,Beauty,11157.83,True
P014950,Benchmark World-Class Architectures,Grocery,-902.9172328588432,True
P009882,Blue Quod,Home,22325.16,True
P007968,DodgerBlue Quidem,Books,9511.39,True
P010000,Blue Reprehenderit,Toys,9397.61,True
P002941,LightSalmon Praesentium,Sports,24051.54,True
P011460,DimGray Explicabo,Toys,5742.28,True
P014177,Incubate Strategic Eyeballs,Electronics,-11.040582466297028,True
P005459,Incubate Intuitive E-Services,Electronics,5182.12,True
P008734,SandyBrown Voluptatibus,Toys,23298.39,True
P006665,MediumSpringGreen Laborum,Electronics,20983.14,True
P001413,DimGray Asperiores,Fashion,8445.04,True
P002971,OrangeRed Dignissimos,Grocery,15320.54,True
P005702,Snow Architecto,Home,19041.7,True
P007874,SandyBrown Error,Beauty,12562.08,True
P002991,Maroon Id,Electronics,6514.48,True
P001510,PaleTurquoise Dolores,Electronics,12614.3,True
P007308,PapayaWhip Dolores,Sports,22827.62,True
P003966,MidnightBlue Excepturi,Fashion,2915.0,True
P006734,Syndicate Plug-And-Play Deliverables,Beauty,12653.65,True
P010506,BurlyWood Delectus,Electronics,20628.33,True
P001616,DodgerBlue Veritatis,Grocery,4201.52,True
P012013,Iterate Frictionless Paradigms,,FREE,True
P009327,DimGray Dolorem,Fashion,9635.01,True
P002770,HoneyDew Quisquam,Sports,10026.58,True
P011908,Olive Soluta,Beauty,20774.88,True
P012849,Re-Contextualize Robust Relationships,Electronics,FREE,True
P002869,LightSkyBlue Incidunt,Books,15539.5,True
P013401,Grow Extensible Technologies,Fashion,FREE,True
P007605,Re-Intermediate Collaborative Action-Items,Home,13704.37,True
P014079,Cultivate Wireless Functionalities,Books,-897.7586957395267,True
P005908,PaleTurquoise Nam,Home,18088.37,True
P005440,LightYellow Voluptates,Electronics,16817.43,True
P007038,Orchid Corporis,Fashion,12987.92,True
P004222,Target Distributed Interfaces,Books,550.91,True
P005439,OldLace Vitae,Sports,18257.77,True
P001289,SpringGreen Exercitationem,Beauty,2370.17,True
P001027,SeaGreen Consequatur,Fashion,7349.31,True
P001668,Navy Eaque,Beauty,4115.77,True
P014761,Implement 24/365 E-Tailers,Home,FREE,True
P012744,,Books,17979.94,True
P003281,Black Fuga,Fashion,7426.43,True
P006028,FloralWhite Sunt,Home,17687.03,True
P004274,AntiqueWhite Voluptatum,Home,4032.3,True
P008543,Snow Numquam,Toys,21059.58,True
P005803,LightPink Reprehenderit,Toys,17299.78,True
P014802,,Fashion,23242.15,True
P004025,Khaki Vel,Fashion,14374.86,True
P014331,E-Enable Distributed Relationships,Electronics,-928.704990222569,True
P012772,,Home,1678.56,True
P000917,Yellow Nulla,Grocery,6234.96,True
P006214,Aquamarine Libero,Toys,24151.86,True
P011576,SkyBlue Aspernatur,Toys,13867.68,True
P003587,Tomato Reprehenderit,Beauty,4884.57,True
P006405,GoldenRod Blanditiis,Home,8144.53,True
P010821,Orange Vitae,Toys,3205.74,True
P006359,White Officia,Sports,241.63,True
P005727,DarkTurquoise Fuga,Fashion,24925.67,True
P008151,Pink Fugiat,Toys,18899.16,True
P010632,YellowGreen Possimus,Home,11220.82,True
P001171,Tomato Eius,Electronics,18822.09,True
P006638,BlueViolet Impedit,Home,24123.66,True
P007265,Crimson Quibusdam,Electronics,21345.66,True
P013905,Reinvent Best-Of-Breed Eyeballs,Sports,-832.4504628796151,True
P001375,SandyBrown Nesciunt,Grocery,8424.81,True
P010366,Expedite Strategic Applications,Grocery,20959.13,True
P004388,DarkGreen Corporis,Toys,3477.53,True
P007685,LightCyan Ipsam,Toys,19023.57,True
P000668,LightSteelBlue Aut,Toys,9318.09,True
P014078,Grow Intuitive Technologies,Books,-301.02462738180714,True
P012713,Expedite E-Business Schemas,Home,FREE,True
P012472,,Books,1863.27,True
P001495,AntiqueWhite Earum,Books,3371.0,True
P000438,Wheat Vel,Toys,22440.83,True
P002037,SaddleBrown Repellendus,Grocery,684.35,True
P002843,MediumBlue Corporis,Home,9858.77,True
P009584,Gainsboro Laboriosam,Grocery,7990.12,True
P004247,LimeGreen Architecto,Grocery,20579.07,True
P003052,MistyRose Tenetur,Beauty,8689.79,True
P005037,Turquoise Eius,Books,24211.76,True
P010857,Chartreuse Necessitatibus,Toys,24247.42,True
P009162,GoldenRod Adipisci,Beauty,20642.53,True
P009883,PeachPuff Quibusdam,Grocery,4242.15,True
P007293,GoldenRod Ullam,Grocery,20557.34,True
P006993,Moccasin Ipsum,Books,20331.75,True
P010810,Lavender Perferendis,Toys,1382.44,True
P004666,GreenYellow At,Books,14774.26,True
P011162,BurlyWood Amet,Toys,1198.33,True
P012419,,Books,9047.43,True
P006660,YellowGreen Ullam,Fashion,18571.71,True
P007852,SandyBrown Inventore,Home,12659.55,True
P010268,Generate Impactful Platforms,Electronics,24437.38,True
P011548,LavenderBlush Enim,Sports,14303.55,True
P007313,CornflowerBlue Ea,Beauty,18020.15,True
P011038,BlueViolet Unde,Toys,1904.6,True
P014102,Redefine Cross-Media Metrics,Grocery,FREE,True
P005719,DarkViolet Suscipit,Books,234.16,True
P002725,Deploy Virtual E-Markets,Fashion,23393.15,True
P004879,BlueViolet Nobis,Toys,8374.9,True
P002961,DimGray Doloremque,Toys,180.14,True
P012709,Re-Contextualize End-To-End Roi,,FREE,True
P004238,Blue Accusantium,Books,9755.82,True
P000801,Blue Eveniet,Grocery,22530.33,True
P010769,Snow Nobis,Electronics,19484.07,True
P009148,Aqua Itaque,Toys,24130.11,True
P008138,Implement Viral Content,,16988.46,True
P004746,LavenderBlush Autem,Beauty,24504.26,True
P011017,MistyRose Ex,Fashion,21700.61,True
P012779,,,14341.8,True
P008278,LemonChiffon Soluta,Beauty,23560.65,True
P007743,Lavender Beatae,Grocery,7944.57,True
P006107,LemonChiffon A,Fashion,23603.45,True
P003265,Plum Quam,Books,10860.43,True
P011846,YellowGreen Qui,Sports,20907.81,True
P007772,LightGoldenRodYellow Nostrum,Grocery,22752.4,True
P012681,Leverage Global Platforms,Sports,-350.57872897495247,True
P001814,Yellow Harum,Toys,22346.07,True
P005413,SteelBlue Molestias,Sports,4386.37,True
P008035,MediumVioletRed Quis,Electronics,2603.38,True
P007007,LightPink Nulla,Toys,13996.83,True
P012411,,,17671.34,True
P009323,Whiteboard Efficient Mindshare,Grocery,12522.49,True
P003320,LightGray Tempora,Toys,2893.61,True
P014251,Seize Transparent Deliverables,Sports,-312.75904082330084,True
P002316,DarkViolet Aut,Grocery,16636.75,True
P000571,Envisioneer Compelling Supply-Chains,Beauty,5224.83,True
P006464,LavenderBlush Officiis,Home,22217.91,True
P004652,LemonChiffon Ab,Grocery,7321.71,True
P009609,MediumBlue Ea,Home,1799.17,True
P011320,Snow Alias,Sports,19627.87,True
P013792,,Toys,6136.94,True
P013223,E-Enable Visionary Models,Sports,FREE,True
P000045,Chartreuse Blanditiis,Grocery,22991.35,True
P008628,LightSalmon Iure,Grocery,13056.76,True
P000746,YellowGreen Voluptatibus,Electronics,1376.2,True
P012250,E-Enable 24/7 Architectures,Home,FREE,True
P009031,MediumSlateBlue Nobis,Sports,7879.05,True
P008971,LightCyan Recusandae,Fashion,2465.25,True
P013006,Incentivize Bleeding-Edge Schemas,Fashion,FREE,True
P004936,MidnightBlue Quas,Sports,4671.33,True
P003562,RoyalBlue Vero,Beauty,14816.42,True
P009052,Cyan At,Books,13336.27,True
P014892,Re-Contextualize Proactive Content,Books,FREE,True
P001552,LemonChiffon Repellendus,Books,21573.74,True
P005087,PaleGoldenRod Minima,Home,12024.61,True
P008082,PowderBlue Voluptas,Grocery,8662.11,True
P002919,RosyBrown Ipsa,Beauty,1381.72,True
P010626,Turquoise Itaque,Toys,1658.25,True
P012277,Redefine Efficient Initiatives,Toys,-558.2540378302334,True
P004499,LightGray Maxime,Books,20645.41,True
P004942,Bisque Beatae,Toys,16130.06,True
P010738,WhiteSmoke Aliquam,Beauty,5922.98,True
P006485,LightYellow Harum,Fashion,8710.43,True
P004116,Maroon Placeat,Toys,23850.29,True
P004817,Fuchsia Ratione,Home,20467.11,True
P002177,DarkOrchid Distinctio,Electronics,17301.19,True
P002389,PaleVioletRed Recusandae,Beauty,15307.35,True
P008400,DarkMagenta Veritatis,Sports,1445.73,True
P001939,SlateGray Unde,Home,18884.6,True
P011946,MintCream Fugiat,Grocery,853.0,True
P010970,PaleVioletRed Magnam,Home,1360.18,True
P007103,Lavender Ducimus,Fashion,12259.26,True
P006808,Orange Aspernatur,Sports,8393.52,True
P000327,Olive Quis,Beauty,11008.55,True
P005834,Red Laborum,Home,23141.28,True
P007819,MintCream Libero,Sports,22687.94,True
P000802,DarkSlateBlue Quos,Fashion,2101.92,True
P000618,MistyRose Est,Sports,13568.77,True
P001612,HotPink Distinctio,Home,21411.47,True
P003779,LightGray Earum,Sports,1846.54,True
P010731,Sienna Praesentium,Beauty,7555.24,True
P014363,Deploy End-To-End Relationships,Books,FREE,True
P005789,MistyRose Placeat,Electronics,3695.67,True
P001150,Turquoise In,Books,14090.03,True
P005668,Orange Exercitationem,Books,7539.35,True
P002979,Silver Minima,Sports,22997.67,True
P013115,,Beauty,13674.53,True
P010524,LavenderBlush Unde,Toys,14066.4,True
P008538,Orchid Reiciendis,Books,11960.78,True
P007904,Bisque Possimus,Toys,12945.15,True
P006984,CadetBlue Hic,Books,14769.99,True
P009220,Integrate Granular Web-Readiness,Books,10106.3,True
P009521,SeaShell Deleniti,Grocery,12436.77,True
P004456,Orchid Adipisci,Home,18301.52,True
P011085,DodgerBlue Rem,Grocery,11937.3,True
P002431,Re-Intermediate Cutting-Edge Action-Items,Toys,7942.91,True
P000151,White Saepe,Home,6177.92,True
P011039,LimeGreen Architecto,Toys,2298.37,True
P011532,Aquamarine Nihil,Home,4506.79,True
P006481,RoyalBlue Repudiandae,Books,6687.85,True
P001257,MediumSlateBlue Dicta,Books,15117.5,True
P008854,Snow Reprehenderit,Beauty,16490.17,True
P006315,OrangeRed Adipisci,Books,24176.93,True
P002611,MediumSeaGreen Eius,Sports,3636.9,True
P008318,CadetBlue Iure,Electronics,211.88,True
P006699,RosyBrown Commodi,Grocery,19627.6,True
P007172,BurlyWood Minus,Books,20895.15,True
P010914,MediumBlue Laborum,Beauty,9942.36,True
P001096,OldLace Amet,Beauty,13786.81,True
P001285,DarkGreen Nisi,Toys,15747.2,True
P011511,OldLace Minus,Electronics,7482.44,True
P007677,Linen Deserunt,Toys,12579.46,True
P000230,GoldenRod Fuga,Fashion,11025.58,True
P003502,Engineer Cross-Media Web Services,Books,11651.4,True
P013817,E-Enable Transparent Deliverables,Grocery,FREE,True
P002438,AntiqueWhite Qui,Toys,24827.62,True
P007183,Snow Doloremque,Toys,24653.58,True
P010940,Visualize Best-Of-Breed Bandwidth,Beauty,6183.51,True
P011630,Exploit Intuitive Applications,Home,2914.35,True
P006005,LightPink Aliquam,Home,6260.0,True
P012499,,Books,22965.89,True
P013776,Maximize Dot-Com Experiences,Fashion,FREE,True
P011643,MediumBlue Rerum,Toys,14069.27,True
P012657,Transition Front-End Infrastructures,Books,-152.31788322788597,True
P002034,Beige Maxime,Toys,18162.55,True
P014712,Matrix Out-Of-The-Box Users,Books,-849.1897632204934,True
P010277,LightGreen Dolorem,Grocery,14959.92,True
P007291,Aqua Officia,Books,10408.52,True
P001414,Tomato Labore,Sports,21375.52,True
P003567,Orange Voluptates,Grocery,21475.68,True
P014224,Cultivate 24/365 Infrastructures,Electronics,-842.3955017501348,True
P002926,LightPink Itaque,Grocery,11684.54,True
P002853,Repurpose Visionary Action-Items,Electronics,21299.88,True
P010086,Tomato Sequi,Home,21581.58,True
P011146,Ivory Est,Toys,20749.81,True
P004355,GhostWhite Dolor,Beauty,11612.82,True
P006099,Beige Molestiae,Electronics,18122.21,True
P009044,CornflowerBlue Accusantium,Sports,16342.64,True
P012899,,Grocery,6876.21,True
P009814,MediumOrchid Minima,Grocery,2764.58,True
P012460,Incubate Cutting-Edge Users,Home,-871.6269185115848,True
P012443,Transform End-To-End Communities,,FREE,True
P003581,Envisioneer Open-Source Roi,,6982.84,True
P005667,DeepPink Suscipit,Toys,20653.73,True
P013519,,Grocery,16595.05,True
P004648,Bisque Doloremque,Toys,5142.72,True
P011225,DarkSalmon Corporis,Sports,15308.92,True
P003230,Gainsboro Tenetur,Fashion,15730.12,True
P003899,MediumSpringGreen Hic,Fashion,9234.95,True
P007660,MediumSeaGreen Perspiciatis,Grocery,18391.12,True
P006369,IndianRed Quia,Books,520.64,True
P004435,LightGreen Iure,Grocery,11640.62,True
P004138,WhiteSmoke Nostrum,Fashion,5985.21,True
P003117,GreenYellow Quod,Fashion,18705.0,True
P001429,MediumTurquoise Voluptates,Beauty,18707.51,True
P001987,Gold Vero,Sports,7051.81,True
P011458,LightSeaGreen Itaque,Books,5084.19,True
P006842,DarkGray Veniam,Home,18258.94,True
P012045,,Toys,17640.28,True
P011753,BurlyWood Id,Fashion,3710.19,True
P007760,MintCream Quod,Books,14225.52,True
P012890,Engineer Front-End Paradigms,,-649.2598147775757,True
P008912,Thistle Possimus,Electronics,4883.31,True
P013086,,Beauty,10899.55,True
P007149,Streamline Dynamic Niches,Beauty,3778.25,True
P012887,Whiteboard Plug-And-Play Supply-Chains,Home,FREE,True
P008828,LightSteelBlue Provident,Toys,3787.47,True
P006953,ForestGreen Eum,Sports,3716.12,True
P011818,DarkGray Iusto,Toys,5771.86,True
P002594,PaleGreen Iusto,Sports,2180.13,True
P003113,Orange Itaque,Beauty,16722.61,True
P013871,Extend 24/365 Channels,Grocery,FREE,True
P002593,Leverage Vertical Synergies,Beauty,23626.06,True
P003102,Moccasin Omnis,Electronics,9945.08,True
P014866,,Fashion,10876.05,True
P005839,DarkGreen Ut,Beauty,23643.92,True
P012850,Implement Open-Source E-Commerce,Home,FREE,True
P000630,BlueViolet Quidem,Sports,5436.66,True
P014052,,Fashion,20021.29,True
P000943,GhostWhite Illo,Sports,6736.04,True
P013450,,Grocery,23705.05,True
P003760,Fuchsia Quas,Beauty,10064.38,True
P000343,HotPink Modi,Sports,21090.82,True
P000887,RosyBrown At,Books,21127.77,True
P010213,DarkSlateBlue Quibusdam,Fashion,5393.73,True
P014649,Embrace Strategic Supply-Chains,Fashion,FREE,True
P008590,LimeGreen Dolorem,Home,5880.9,True
P009953,CadetBlue Doloremque,Sports,22553.95,True
P010432,White Sunt,Sports,541.33,True
P012148,,Home,14511.95,True
P001763,PapayaWhip Nostrum,Fashion,9250.65,True
P005931,DarkCyan Tempore,Sports,23576.72,True
P008077,MediumSlateBlue Vitae,Electronics,16510.99,True
P004336,Salmon Sint,Grocery,13511.16,True
P003719,MediumBlue Consequatur,Home,8005.57,True
P006509,Bisque Laborum,Electronics,11754.21,True
P007475,Fuchsia Consequuntur,Beauty,9322.43,True
P004717,Sienna Beatae,Fashion,20167.22,True
P002527,OldLace Dolores,Toys,9924.16,True
P004082,RoyalBlue Repellat,Fashion,13563.81,True
P007661,SeaShell Consectetur,Books,22579.91,True
P004923,DeepSkyBlue Blanditiis,Grocery,8188.15,True
P013826,Productize Real-Time Applications,Toys,FREE,True
P009297,LemonChiffon Tempore,Beauty,6720.81,True
P006150,Seize Revolutionary Convergence,Beauty,15718.23,True
P008013,White Facere,Beauty,19192.98,True
P009125,CornflowerBlue Aliquam,Electronics,2737.56,True
P013961,,Home,9998.13,True
P007492,WhiteSmoke Temporibus,Home,12372.52,True
P013466,,Home,3415.26,True
P006706,MintCream Vitae,Electronics,17074.16,True
P009154,SlateGray Asperiores,Home,11372.94,True
P006802,Orchestrate Back-End Synergies,Grocery,6410.43,True
P014914,Facilitate Distributed Web Services,Electronics,-106.71846729760318,True
P001579,PaleGoldenRod Soluta,Electronics,9425.44,True
P000915,OldLace Nihil,Fashion,22296.26,True
P012943,Implement Cutting-Edge Systems,Toys,-366.31125346832613,True
P011991,PaleGoldenRod Voluptatem,Beauty,176.98,True
P005320,LightCoral A,Toys,7795.46,True
P003159,Blue Natus,Beauty,19788.99,True
P001243,OldLace Animi,Toys,11502.33,True
P001225,Blue Odit,Beauty,2114.73,True
P001427,Yellow Perspiciatis,Home,14808.91,True
P001580,PeachPuff Neque,Books,21061.37,True
P012819,Expedite Frictionless E-Tailers,Sports,-37.851940077562844,True
P011421,FloralWhite Quisquam,Home,849.5,True
P011661,Turquoise Sint,Fashion,22614.7,True
P012560,Engage Visionary Models,Sports,FREE,True
P006249,LightSteelBlue Incidunt,Electronics,20196.07,True
P000929,Moccasin Cum,Grocery,211.0,True
P002839,MediumBlue Voluptas,Books,24646.72,True
P012921,Cultivate Out-Of-The-Box Mindshare,Sports,FREE,True
P003824,Repurpose Cutting-Edge Deliverables,Sports,11461.49,True
P004667,GreenYellow Quas,Books,19269.51,True
P011437,DeepSkyBlue Hic,Home,15937.22,True
P005507,LightGray Iure,Electronics,5613.13,True
P006645,Aquamarine Corporis,Toys,8842.66,True
P006335,Indigo Tenetur,Home,4387.57,True
P008451,OrangeRed Natus,Beauty,18875.87,True
P009259,DeepPink Voluptatibus,Grocery,6423.87,True
P007403,PowderBlue Ut,Toys,3027.69,True
P005125,Thistle Voluptates,Books,3718.01,True
P006445,PapayaWhip Provident,Sports,12239.96,True
P012378,,,11455.82,True
P006075,White Culpa,Sports,15865.68,True
P009422,HotPink Adipisci,Home,9334.43,True
P000897,White Ducimus,Sports,7996.23,True
P007019,Beige Quia,Books,24286.76,True
P007954,SlateBlue Culpa,Fashion,23507.78,True
P011925,LavenderBlush Mollitia,Beauty,12154.44,True
P005213,LightSeaGreen Vitae,Home,11239.73,True
P012502,,Beauty,11792.9,True
P014674,,Beauty,13188.44,True
P006285,Tan Eos,Fashion,17980.22,True
P009103,MediumTurquoise Recusandae,Toys,20342.4,True
P000233,Engineer Viral Web Services,Sports,2339.92,True
P007122,Brown Repellat,Toys,10430.37,True
P005816,DeepPink Id,Books,24631.13,True
P004041,Plum Tenetur,Beauty,13216.96,True
P003344,MintCream Blanditiis,Grocery,3856.26,True
P004969,Magenta Magnam,Books,4178.09,True
P002327,DeepPink Quia,Sports,23579.33,True
P005726,Gray Sint,Sports,889.47,True
P011218,Strategize End-To-End Infrastructures,Books,22607.71,True
P008539,Blue Harum,Sports,4968.12,True
P008831,SlateGray Nulla,Toys,20498.32,True
P002744,SkyBlue Vero,Grocery,2798.32,True
P011613,AntiqueWhite Nobis,Grocery,13899.86,True
P004742,WhiteSmoke Velit,Toys,21037.93,True
P001527,DimGray Natus,Beauty,19881.75,True
P009859,FloralWhite Dicta,Toys,3571.59,True
P013998,Drive Next-Generation E-Markets,,-142.1002253057231,True
P012312,Disintermediate Distributed Applications,Sports,-729.7150955433419,True
P001640,Optimize Next-Generation E-Markets,Sports,283.85,True
P000654,RosyBrown Quo,Toys,13849.24,True
P008288,Maximize Interactive Supply-Chains,Sports,5222.77,True
P005157,IndianRed Minus,Grocery,14761.81,True
P005444,LightSeaGreen Modi,Fashion,5509.89,True
P006087,LightSeaGreen Repellat,Books,23270.61,True
P008870,DarkGray Facere,Books,23784.07,True
P001532,DarkGreen Quaerat,Grocery,15457.11,True
P012731,,Books,3117.68,True
P007645,Black Sunt,Books,4625.41,True
P010344,HoneyDew Temporibus,Beauty,7211.17,True
P009533,Red Doloribus,Beauty,2099.6,True
P008206,GreenYellow Sed,Sports,20068.22,True
P002703,SaddleBrown Ullam,Grocery,845.41,True
P001305,DarkGray Omnis,Fashion,7312.27,True
P006140,DarkGoldenRod Facere,Grocery,18511.78,True
P011358,MidnightBlue Odit,Toys,9413.99,True
P002918,Linen Qui,Home,22590.28,True
P003110,Ivory Ratione,Sports,19116.98,True
P005396,AntiqueWhite Hic,Toys,3865.59,True
P005388,Maroon Odio,Toys,4937.67,True
P000319,GreenYellow Dolor,Grocery,9797.43,True
P014624,Orchestrate Extensible Technologies,Toys,-118.57798719627314,True
P000641,DarkSlateBlue Recusandae,Toys,359.31,True
P010809,DarkSlateBlue Saepe,Books,19952.7,True
P003728,Teal Perspiciatis,Fashion,16462.79,True
P009067,LemonChiffon Voluptatem,Fashion,5635.71,True
P010112,SpringGreen Ullam,Grocery,6834.6,True
P000995,Beige In,Beauty,6912.36,True
P005376,Fuchsia Aliquam,Home,24565.16,True
P014805,,Grocery,15435.65,True
P006044,MidnightBlue Labore,Sports,16815.53,True
P011479,MediumAquaMarine Cum,Beauty,18258.69,True
P009578,Green Magni,Fashion,6007.12,True
P001398,Chartreuse Omnis,Books,19218.21,True
P000719,NavajoWhite Ab,Home,11296.23,True
P008365,MediumVioletRed Dolore,Grocery,10228.36,True
P014085,Visualize Turn-Key Synergies,Toys,-623.5961149440693,True
P004996,Khaki Dolores,Books,9140.74,True
P003206,HotPink Id,Electronics,13577.6,True
P000749,SteelBlue Cupiditate,Toys,17888.59,True
P013140,Enhance Leading-Edge Eyeballs,Home,-67.00395370484333,True
P013218,,Toys,24118.04,True
P006525,Teal Laudantium,Fashion,18000.35,True
P005070,LavenderBlush Itaque,Grocery,23235.02,True
P005429,Synergize Customized Deliverables,Grocery,12829.65,True
P008268,Orchid Est,Beauty,6494.4,True
P006790,PapayaWhip Nostrum,Home,21666.33,True
P010653,LightBlue Ipsam,Grocery,7923.64,True
P004033,Linen Quis,Books,19855.42,True
P009433,DimGray Nihil,Grocery,5675.01,True
P007216,LightSteelBlue Error,Toys,18976.8,True
P014036,Strategize Robust Niches,Books,-138.72265230865128,True
P011993,DarkGreen Temporibus,Sports,2505.7,True
P007726,DodgerBlue Illum,Toys,14335.54,True
P006129,LightPink Quo,Electronics,4668.02,True
P007128,DodgerBlue Enim,Electronics,11284.27,True
P000524,SaddleBrown Numquam,Toys,4632.99,True
P009369,SlateBlue Ab,Toys,3191.8,True
P000310,DarkViolet Optio,Sports,21209.48,True
P002486,Fuchsia Magnam,Beauty,11060.24,True
P005299,LightSeaGreen Animi,Beauty,24772.27,True
P010788,Aqua Itaque,Grocery,17740.46,True
P006653,Sienna Qui,Home,22619.76,True
P001423,Ivory Aliquam,Beauty,20076.33,True
P012172,,Fashion,12231.19,True
P008430,IndianRed Reiciendis,Beauty,8337.67,True
P008757,LemonChiffon Voluptate,Beauty,10373.73,True
P005772,PaleGoldenRod Asperiores,Books,6368.71,True
P009087,Green Odit,Toys,19008.47,True
P010720,Fuchsia Quia,Sports,18109.25,True
P012290,Integrate Magnetic Systems,Grocery,FREE,True
P008473,DarkKhaki Ipsum,Books,5426.58,True
P002726,Gray Modi,Fashion,7002.66,True
P014132,Envisioneer World-Class E-Markets,Books,-646.6396339603067,True
P004653,Mesh Front-End Partnerships,Toys,23469.2,True
P002276,LightSteelBlue Perspiciatis,Sports,14428.8,True
P009036,MediumSpringGreen Eos,Fashion,11638.55,True
P007528,Crimson Totam,Books,6723.48,True
P010865,DarkOrchid Repellat,Sports,8615.54,True
P001895,AntiqueWhite Quos,Grocery,12142.23,True
P003889,MediumAquaMarine Commodi,Beauty,17450.78,True
P013781,,,18045.91,True
P013975,Repurpose Turn-Key E-Commerce,Toys,-654.1716746914996,True
P003218,Crimson Eius,Grocery,3005.68,True
P007053,OldLace Itaque,Toys,16691.77,True
P009902,PowderBlue Qui,Grocery,21757.35,True
P013111,Synergize Bricks-And-Clicks Bandwidth,,-933.415088719631,True
P008927,MediumBlue Odit,Grocery,10292.76,True
P008612,DimGray Corporis,Grocery,20933.85,True
P012927,,Electronics,14248.79,True
P011125,DarkViolet Nihil,Books,14129.46,True
P002863,PeachPuff Libero,Electronics,17798.3,True
P013507,Re-Contextualize Plug-And-Play Niches,Grocery,FREE,True
P003287,DeepPink Dolor,Toys,8062.4,True
P009700,Azure Iusto,Electronics,19433.86,True
P004786,Linen Sapiente,Sports,10353.84,True
P006104,Red Pariatur,Grocery,9250.12,True
P010746,Olive Minima,Home,14887.45,True
P007914,RoyalBlue Nisi,Beauty,19448.94,True
P014270,Orchestrate Proactive Partnerships,Fashion,-963.0807313142116,True
P006616,Aqua Quidem,Home,19545.25,True
P007876,Chocolate Nesciunt,Fashion,4469.43,True
P010606,SandyBrown Voluptatibus,Books,17401.48,True
P002180,LightSeaGreen Dolorum,Sports,7836.11,True
P001608,SeaGreen Amet,Home,8896.73,True
P010348,DeepSkyBlue Est,Home,11761.41,True
P003610,PaleTurquoise Repellendus,Home,19554.39,True
P010628,OldLace Reprehenderit,Beauty,863.16,True
P010196,DarkGray Atque,Toys,16622.38,True
P006179,HoneyDew Aliquid,Fashion,2935.48,True
P003440,Black Commodi,Fashion,15996.88,True
P010380,Lime Necessitatibus,Beauty,4784.54,True
P014596,Whiteboard Customized Relationships,,FREE,True
P007491,Red Libero,Beauty,13430.54,True
P004302,RoyalBlue Ab,Books,10176.9,True
P005898,Chocolate Numquam,Home,22714.68,True
P009287,LightBlue In,Electronics,4651.47,True
P005492,LightSeaGreen Distinctio,Grocery,7575.23,True
P002812,LightBlue Corrupti,Beauty,16674.38,True
P014486,Whiteboard Cross-Media Eyeballs,Fashion,-650.826220824904,True
P005291,GoldenRod Molestiae,Electronics,7824.83,True
P014341,Evolve Customized Technologies,Books,-445.57127454522936,True
P013733,Maximize Value-Added Paradigms,Home,FREE,True
P008719,MediumSlateBlue Aliquam,Toys,19917.43,True
P006082,DarkSalmon Est,Beauty,18080.16,True
P014831,Evolve Bleeding-Edge Supply-Chains,Sports,-119.56540312960142,True
P011343,GhostWhite Vero,Grocery,16355.63,True
P011258,PapayaWhip Explicabo,Beauty,2212.7,True
P010138,MintCream Quibusdam,Beauty,5706.67,True
P002183,YellowGreen Animi,Books,8400.36,True
P007532,OliveDrab Quasi,Sports,18874.6,True
P003659,Linen Animi,Toys,5748.54,True
P004536,Empower One-To-One Channels,Books,11953.96,True
P002895,IndianRed Ex,Sports,10124.67,True
P001037,DeepPink Vel,Fashion,21906.81,True
P005334,OrangeRed Blanditiis,Electronics,11051.69,True
P005844,White Blanditiis,Electronics,7339.35,True
P012187,Envisioneer Dot-Com Models,Grocery,FREE,True
P008465,HotPink Labore,Home,5499.17,True
P011812,Streamline Synergistic Architectures,Fashion,3135.47,True
P006636,DarkCyan Nisi,Beauty,16519.93,True
P010881,DarkOrange Quo,Sports,4182.39,True
P000131,Linen Ex,Home,482.12,True
P014573,Whiteboard Turn-Key E-Services,Fashion,FREE,True
P001196,Plum Provident,Home,18521.18,True
P012929,Strategize Granular Partnerships,Toys,-281.9872570959854,True
P001778,MistyRose Iste,Home,6274.31,True
P007593,Orchid Corporis,Sports,8902.28,True
P004455,Crimson Quidem,Toys,2049.13,True
P013568,Disintermediate Frictionless Mindshare,Fashion,FREE,True
P004191,SaddleBrown Molestiae,Home,13382.16,True
P004234,Peru Animi,Fashion,16452.49,True
P010507,Khaki Possimus,Sports,8631.41,True
P013256,,Home,9350.58,True
P013766,Monetize Rich Mindshare,Home,FREE,True
P005833,Bisque Ullam,Grocery,14974.8,True
P014440,Innovate Customized Markets,Beauty,-22.622216869876933,True
P006829,SlateBlue Ad,Grocery,5555.99,True
P012830,,Books,5369.68,True
P003582,Chartreuse Omnis,Electronics,13572.32,True
P013938,Visualize Virtual Channels,Fashion,FREE,True
P005113,PeachPuff Qui,Grocery,18669.53,True
P002238,Purple Adipisci,Beauty,12588.52,True
P013973,Architect World-Class Markets,Sports,-219.97207743200215,True
P011333,DarkOliveGreen Accusamus,Sports,15045.31,True
P002107,LimeGreen Molestiae,Beauty,15748.54,True
P000106,Coral Ad,Home,16690.62,True
P006477,IndianRed Vel,Grocery,14792.86,True
P009199,Teal Veniam,Books,20790.89,True
P006605,NavajoWhite Eligendi,Fashion,17938.6,True
P004990,PaleGreen Facilis,Grocery,14085.62,True
P011145,DarkKhaki Ad,Sports,10301.05,True
P004239,LightBlue Modi,Home,23554.04,True
P001928,Salmon Architecto,Home,1736.74,True
P014351,Embrace Interactive Bandwidth,Toys,FREE,True
P002001,LemonChiffon Maiores,Home,24059.84,True
P010189,LightSlateGray Harum,Toys,6055.82,True
P010060,LightCoral Necessitatibus,Fashion,13494.04,True
P000316,Orchid Quod,Grocery,16026.32,True
P004987,LimeGreen Animi,Electronics,7480.07,True
P003207,SteelBlue Suscipit,Sports,16844.23,True
P001389,MediumOrchid Eligendi,Grocery,14894.36,True
P003150,DeepPink Blanditiis,Toys,12294.23,True
P014111,Morph Visionary Eyeballs,Beauty,FREE,True
P005247,MediumTurquoise Sint,Electronics,9643.15,True
P008189,MediumPurple Repellendus,Books,15377.91,True
P003545,Orange Sed,Sports,12594.49,True
P012314,,Sports,13030.17,True
P007905,PapayaWhip Nesciunt,Home,24116.85,True
P008832,GoldenRod Minima,Books,16872.89,True
P005160,Crimson Reprehenderit,Home,12794.8,True
P008881,PowderBlue Commodi,Electronics,11523.92,True
P008840,Aquamarine Optio,Sports,18919.97,True
P011135,Orange Enim,Grocery,12872.19,True
P010831,OldLace Voluptatum,Fashion,18148.88,True
P010176,Orange Ducimus,Beauty,20211.6,True
P004230,DarkOrange Sapiente,Beauty,24367.4,True
P007919,Turquoise Sapiente,Fashion,5057.19,True
P003221,Olive Quia,Sports,21841.81,True
P011703,SpringGreen Voluptatem,Beauty,10829.0,True
P013467,Target Interactive E-Markets,Electronics,-286.4121497007091,True
P004451,Azure Reiciendis,Sports,19450.22,True
P009887,PaleTurquoise Assumenda,Beauty,7823.48,True
P010317,DarkSeaGreen Et,Fashion,21546.78,True
P000450,PaleTurquoise Impedit,Books,9121.42,True
P009050,DarkSalmon Rem,Books,23720.23,True
P004489,Tomato Rem,Toys,245.0,True
P012636,Maximize Revolutionary E-Markets,Books,FREE,True
P011420,Sienna Sequi,Home,4453.07,True
P000041,Black Modi,Books,8623.48,True
P010360,Brown Consequatur,Sports,9310.9,True
P006423,NavajoWhite Qui,Fashion,4682.67,True
P001063,Olive Nostrum,Toys,20841.96,True
P009096,DarkSalmon Optio,Grocery,22416.71,True
P010486,LightSkyBlue Alias,Books,20964.87,True
P004703,Green Quisquam,Beauty,7414.13,True
P001916,Crimson Eos,Sports,19497.36,True
P010400,MediumVioletRed Molestias,Electronics,8753.02,True
P004745,Teal Est,Beauty,587.42,True
P013222,,Beauty,6623.52,True
P011820,Lavender Id,Toys,13879.36,True
P011476,DarkOrchid Error,Toys,11267.14,True
P000176,Chartreuse Voluptates,Beauty,22771.69,True
P006650,Gold Laudantium,Books,24654.44,True
P003441,GoldenRod Provident,Home,18583.25,True
P006036,SaddleBrown Non,Fashion,17357.66,True
P011653,SlateBlue Sapiente,Toys,8709.73,True
P002734,SkyBlue Mollitia,Sports,14212.7,True
P005961,MistyRose Laborum,Sports,17921.06,True
P013896,,Sports,1066.83,True
P001972,PaleVioletRed Impedit,Fashion,13998.5,True
P009977,Coral Molestias,Home,20089.93,True
P009511,Red Magnam,Sports,370.11,True
P011251,RoyalBlue Optio,Books,10880.76,True
P001349,BlanchedAlmond Nihil,Home,6403.54,True
P013981,,Home,22988.93,True
P005302,LightSalmon Exercitationem,Books,7604.35,True
P001584,CornflowerBlue Necessitatibus,Grocery,5221.53,True
P007108,Sienna Eos,Fashion,20637.25,True
P009254,GhostWhite Earum,Beauty,13410.47,True
P008088,Teal Nihil,Grocery,22804.28,True
P011360,Cyan Nostrum,Grocery,3198.6,True
P002020,DarkGoldenRod Mollitia,Beauty,7696.24,True
P005850,Thistle Est,Fashion,8438.17,True
P012674,Scale Cross-Platform Methodologies,Grocery,FREE,True
P012748,Target 24/365 Architectures,Beauty,FREE,True
P002483,DarkSalmon Excepturi,Beauty,10020.38,True
P011053,OrangeRed Sequi,Grocery,9716.54,True
P001730,LightSlateGray Ex,Electronics,6718.98,True
P006756,Tan Odit,Beauty,6689.97,True
P003358,MediumVioletRed Deleniti,Toys,15328.0,True
P014897,Streamline Out-Of-The-Box Partnerships,Beauty,-52.487347019830665,True
P014988,Synergize Rich Content,Fashion,FREE,True
P011627,SandyBrown Voluptas,Fashion,7805.95,True
P006173,DeepSkyBlue Mollitia,Home,18996.05,True
P006823,DarkOliveGreen Error,Toys,17240.77,True
P013410,,Books,2900.08,True
P012540,,Grocery,8008.85,True
P008572,LightSkyBlue Cumque,Toys,18801.13,True
P007255,DarkSlateBlue Molestias,Electronics,1590.66,True
P013945,Generate Visionary Niches,Electronics,-729.7962215680326,True
P005585,LightSlateGray Odit,Sports,6435.72,True
P014571,Integrate Killer Deliverables,Electronics,FREE,True
P006890,MediumSlateBlue Dolorum,Fashion,170.14,True
P011575,LightSalmon Perspiciatis,Home,936.98,True
P001185,Yellow Itaque,Grocery,9453.64,True
P008090,BurlyWood Facere,Books,1666.1,True
P013220,Envisioneer Transparent Applications,,-174.18484602805708,True
P007972,BurlyWood Temporibus,Books,1522.73,True
P006203,MediumBlue Iste,Electronics,23616.79,True
P002713,AliceBlue Iste,Grocery,392.73,True
P000850,Violet Nisi,Electronics,19173.96,True
P004800,MediumSeaGreen Numquam,Electronics,6985.45,True
P010519,GreenYellow Repudiandae,Home,13967.1,True
P007285,DarkMagenta Eligendi,Home,5072.89,True
P005112,MediumOrchid Praesentium,Books,11256.52,True
P000560,PeachPuff Pariatur,Books,12391.78,True
P007998,WhiteSmoke Unde,Grocery,22537.85,True
P001247,PaleGreen Hic,Electronics,14034.08,True
P006768,PaleGoldenRod Sunt,Electronics,5681.36,True
P009899,HoneyDew Temporibus,Toys,18898.14,True
P007921,PowderBlue Aspernatur,Electronics,1563.01,True
P007420,OrangeRed Optio,Books,13240.04,True
P004115,Green Magnam,Electronics,16233.31,True
P007623,Silver Itaque,Books,19927.61,True
P009989,FloralWhite Minima,Fashion,11167.37,True
P004616,MediumSlateBlue Neque,Sports,11716.1,True
P008563,Gold Ipsa,Electronics,14365.57,True
P010395,Pink Enim,Sports,4597.41,True
P004756,Gray Accusantium,Books,10348.45,True
P008920,Tan Necessitatibus,Electronics,13876.09,True
P014019,,Fashion,4599.13,True
P013506,Embrace Mission-Critical Architectures,Fashion,FREE,True
P007083,Purple Perspiciatis,Fashion,17956.31,True
P009959,Matrix Ubiquitous Markets,Fashion,3075.75,True
P008156,DarkTurquoise Quaerat,Electronics,4957.84,True
P009559,Maximize Collaborative E-Tailers,,1404.28,True
P000165,LightYellow Accusantium,Home,16109.36,True
P014296,Productize Turn-Key Solutions,Beauty,FREE,True
P002269,Linen Quaerat,Fashion,6915.15,True
P013085,,,11380.31,True
P013022,,Sports,12931.71,True
P012522,Maximize Ubiquitous Models,Home,FREE,True
P002802,MintCream Quasi,Fashion,14317.65,True
P009317,BlanchedAlmond Eveniet,Toys,575.14,True
P001395,Chocolate Earum,Toys,1328.13,True
P009562,Lime Odio,Grocery,19589.88,True
P010175,White Quos,Electronics,629.52,True
P007751,MediumOrchid Beatae,Books,21500.49,True
P005606,Purple Qui,Electronics,24412.44,True
P006540,DarkOrchid Doloremque,Toys,15939.8,True
P009930,DarkSlateGray Dicta,Beauty,20504.7,True
P012957,Synergize Back-End Applications,Books,FREE,True
P013035,Optimize Granular Partnerships,,-40.14571845244966,True
P004088,DarkOrange Rem,Toys,7802.41,True
P010036,Cornsilk Doloribus,Grocery,23141.78,True
P008468,Orange Possimus,Grocery,9917.65,True
P006436,LimeGreen Vero,Grocery,3070.39,True
P003368,MediumBlue Ratione,Electronics,12504.5,True
P003946,MediumPurple Cum,Grocery,6596.46,True
P012263,,,22861.45,True
P006885,RosyBrown Velit,Grocery,7613.27,True
P002973,DarkSlateBlue Distinctio,Electronics,21837.85,True
P014599,Exploit Ubiquitous Bandwidth,Beauty,-118.6661181655353,True
P003480,MediumSeaGreen Maiores,Beauty,12139.32,True
P004672,Yellow Necessitatibus,Sports,13584.97,True
P008072,SaddleBrown Expedita,Toys,9786.97,True
P008685,Brown Doloremque,Fashion,6173.92,True
P002416,Gray Sapiente,Home,23736.61,True
P012087,,,2432.88,True
P010814,DarkSlateGray Eius,Grocery,22058.27,True
P001996,Thistle Exercitationem,Fashion,23257.9,True
P002570,Navy Tempore,Fashion,14246.98,True
P013045,Cultivate Front-End Markets,Grocery,FREE,True
P003878,Beige Sequi,Grocery,17273.22,True
P006761,LightSalmon Possimus,Beauty,12442.08,True
P004895,Navy Placeat,Grocery,1940.65,True
P010616,Khaki Repudiandae,Electronics,1321.27,True
P006465,ForestGreen Ad,Electronics,10606.08,True
P001000,Salmon Deserunt,Sports,1112.87,True
P009228,FireBrick Quo,Grocery,7380.05,True
P011361,White Tempora,Fashion,1909.24,True
P013012,,Beauty,8599.16,True
P003598,MediumSeaGreen Suscipit,Books,1378.98,True
P010624,LightSalmon Iste,Fashion,12631.16,True
P013643,,Sports,13802.36,True
P010385,NavajoWhite A,Grocery,3175.36,True
P001082,Orchid Recusandae,Books,7834.96,True
P000760,FloralWhite Cupiditate,Books,11914.91,True
P011606,FireBrick Minima,Grocery,14894.16,True
P011793,MintCream Vitae,Sports,13681.18,True
P014029,Architect Open-Source Info-Mediaries,Sports,FREE,True
P002809,LemonChiffon Excepturi,Electronics,13163.72,True
P009785,Snow Vero,Electronics,15349.52,True
P010011,Blue Molestias,Books,10897.13,True
P005652,Gainsboro Minus,Sports,7660.22,True
P001295,Scale Bricks-And-Clicks Technologies,Fashion,21006.78,True
P003029,MediumSlateBlue Reiciendis,Books,11353.51,True
P010123,PaleTurquoise Harum,Grocery,21490.58,True
P000665,Pink Delectus,Toys,19864.45,True
P003408,Fuchsia Inventore,Grocery,23130.7,True
P000155,DeepSkyBlue Accusantium,Toys,625.68,True
P007344,LightGray Necessitatibus,Grocery,19271.12,True
P000939,GhostWhite Dolores,Grocery,10013.51,True
P011721,PaleGreen Ea,Beauty,23022.33,True
P009318,Maroon Ullam,Home,20801.29,True
P011372,OldLace Rem,Grocery,22978.92,True
P001077,BurlyWood Ducimus,Beauty,6599.08,True
P009300,LightCyan Cum,Beauty,7361.79,True
P013491,Brand B2C E-Tailers,Sports,-236.8193021242161,True
P011680,MediumVioletRed Quibusdam,Beauty,21662.63,True
P014597,Engineer Best-Of-Breed Info-Mediaries,Toys,FREE,True
P009155,MidnightBlue Accusamus,Electronics,10161.93,True
P009390,RosyBrown Inventore,Grocery,6451.32,True
P001929,Leverage Real-Time Channels,Books,1194.71,True
P010501,PowderBlue Placeat,Sports,15381.31,True
P012336,,Sports,10391.25,True
P000563,Turquoise Aspernatur,Beauty,1556.4,True
P000697,DarkTurquoise Vitae,Beauty,14869.8,True
P007962,HotPink Ipsa,Home,6058.64,True
P006469,MediumSeaGreen Veritatis,Sports,10530.78,True
P000673,Azure Laboriosam,Grocery,2318.46,True
P000625,MediumSlateBlue Tempore,Fashion,2559.64,True
P009723,Moccasin Quaerat,Electronics,19146.06,True
P013566,Engage Killer Web Services,Electronics,FREE,True
P001646,IndianRed Dolor,Fashion,24461.73,True
P013711,Enhance World-Class E-Services,Toys,FREE,True
P000726,DimGray Et,Toys,8125.19,True
P000726,Harness Front-End Users,Fashion,8224.79,True
P006106,MidnightBlue Necessitatibus,Home,192.04,True
P005450,Ivory Cumque,Beauty,1798.61,True
P007334,PaleVioletRed Ea,Toys,11581.03,True
P000732,MediumTurquoise Corporis,Home,21671.38,True
P004512,DarkMagenta Occaecati,Toys,3819.25,True
P014337,E-Enable Customized Synergies,Electronics,FREE,True
P011523,Silver Numquam,Grocery,23078.85,True
P001815,Yellow Officiis,Home,14900.39,True
P005740,Coral Non,Fashion,16594.11,True
P006639,LightGreen Quasi,Sports,6423.15,True
P004496,Beige Id,Electronics,22111.28,True
P011917,SeaShell Odio,Beauty,17737.01,True
P000856,HotPink Iusto,Books,24708.5,True
P011802,DarkKhaki Ipsam,Grocery,15747.54,True
P000295,AntiqueWhite Beatae,Electronics,2118.79,True
P013336,,Beauty,17215.73,True
P007733,PeachPuff Optio,Sports,13107.37,True
P004541,Silver Illo,Electronics,6370.73,True
P011626,LemonChiffon Est,Beauty,17007.82,True
P001197,HotPink Veritatis,Books,2916.56,True
P009242,MediumBlue Maiores,Sports,11185.13,True
P010435,Chartreuse Occaecati,Electronics,13123.6,True
P001321,Thistle Vitae,Home,15309.86,True
P012174,Unleash 24/7 Initiatives,Fashion,FREE,True
P007512,Azure Dolore,Toys,17569.92,True
P009480,WhiteSmoke Accusamus,Grocery,7537.18,True
P001329,IndianRed Nihil,Sports,2303.65,True
P011693,OrangeRed Quo,Sports,6011.4,True
P010377,Snow Perspiciatis,Home,15753.45,True
P009917,LavenderBlush Natus,Sports,16974.64,True
P009058,Purple Odio,Toys,1443.3,True
P014176,,Fashion,23066.22,True
P002441,LawnGreen Expedita,Fashion,13192.92,True
P014934,,,20962.14,True
P005700,Tan Facilis,Books,258.86,True
P011478,Snow Aperiam,Fashion,22752.13,True
P011714,YellowGreen Nobis,Fashion,4191.73,True
P000963,LightCoral Corrupti,Electronics,2234.81,True
P004439,Purple Cupiditate,Fashion,13030.63,True
P003540,MediumSpringGreen Aut,Grocery,21638.2,True
P000421,SandyBrown Nemo,Home,5034.65,True
P012348,Empower Strategic Schemas,Sports,-138.5851827589394,True
P007853,MediumPurple Ad,Beauty,14289.45,True
P010636,DarkSlateGray Optio,Toys,17288.42,True
P007464,Peru Tempora,Toys,23424.2,True
P002422,RoyalBlue Dolor,Beauty,24933.97,True
P006379,DarkRed Illum,Books,22090.27,True
P002134,FloralWhite Distinctio,Home,24869.25,True
P010856,Purple Enim,Home,8039.35,True
P010476,LightGray Tempore,Sports,7433.81,True
P012493,Synthesize Mission-Critical Platforms,Books,-171.07307555102219,True
P000738,WhiteSmoke Molestiae,Books,22557.23,True
P012592,Repurpose Customized Users,Books,FREE,True
P001766,PaleGreen Illum,Home,1183.26,True
P008330,RoyalBlue Fuga,Books,17007.35,True
P004527,Linen Molestias,Home,5608.73,True
P007304,NavajoWhite Est,Home,14187.62,True
P013429,Innovate Leading-Edge Interfaces,Home,FREE,True
P000386,LightGoldenRodYellow Temporibus,Books,1456.3,True
P006467,SlateBlue Exercitationem,Sports,6368.78,True
P002807,DarkGreen Molestiae,Sports,3612.35,True
P007807,AntiqueWhite Debitis,Toys,22717.63,True
P008093,Wheat Vero,Beauty,16497.09,True
P011589,PapayaWhip Eius,Toys,22361.83,True
P000101,SlateBlue Dicta,Beauty,5041.26,True
P004868,Magenta Quam,Grocery,5071.66,True
P008873,DarkMagenta Repellendus,Grocery,21042.41,True
P013727,Grow One-To-One Functionalities,Sports,FREE,True
P002784,OrangeRed Repellat,Grocery,2140.84,True
P007161,SkyBlue Quasi,Beauty,21378.27,True
P002062,GoldenRod Libero,Fashion,3458.14,True
P014178,,Grocery,9854.48,True
P004361,Sienna Praesentium,Electronics,20552.68,True
P008404,Teal Deserunt,Electronics,353.98,True
P008452,Black Qui,Fashion,21934.31,True
P009097,PeachPuff In,Beauty,22428.81,True
P005336,LightCyan Aspernatur,Home,4379.15,True
P007947,Lime Itaque,Sports,12579.54,True
P006012,SaddleBrown Voluptatem,Books,130.37,True
P003968,Tan Quam,Beauty,15352.22,True
P014982,Deliver Extensible Users,Electronics,-196.90656972477132,True
P008214,LightPink Ducimus,Books,14589.76,True
P002465,HotPink Minima,Home,24678.76,True
P002509,RoyalBlue Corporis,Fashion,11510.67,True
P003284,LawnGreen Cumque,Home,7957.31,True
P012476,,Electronics,21212.07,True
P012632,,Beauty,6940.16,True
P011244,IndianRed Vitae,Sports,12846.6,True
P005648,Cornsilk Nam,Toys,18554.87,True
P008122,Indigo Facere,Grocery,21330.58,True
P011285,LimeGreen Praesentium,Sports,91.86,True
P004569,Plum Repudiandae,Beauty,23403.14,True
P010523,Aquamarine Commodi,Sports,22537.57,True
P001407,Implement Turn-Key Platforms,Home,10483.38,True
P010255,RoyalBlue Temporibus,Electronics,22733.43,True
P010885,DarkSlateGray Earum,Sports,16130.63,True
P007188,LavenderBlush Fuga,Sports,19843.7,True
P007430,Blue Aliquam,Toys,13480.77,True
P009744,MediumAquaMarine Expedita,Fashion,13880.18,True
P003144,HotPink Non,Beauty,14120.56,True
P014643,Implement Killer Technologies,Toys,FREE,True
P009185,MediumTurquoise Quos,Beauty,10188.27,True
P013390,,Sports,22343.05,True
P003605,LightGray Consequuntur,Electronics,955.1,True
P005473,Bisque Minus,Fashion,17126.37,True
P013991,Re-Contextualize Cross-Media Niches,,FREE,True
P009011,FireBrick Excepturi,Fashion,10405.84,True
P005012,Cyan Est,Toys,7222.91,True
P006870,Beige Velit,Electronics,17524.5,True
P006817,OliveDrab Repellat,Beauty,20788.9,True
P008173,DarkOrchid Quasi,Toys,8930.76,True
P013866,Matrix 24/365 E-Commerce,Beauty,-254.68536703085257,True
P009900,Peru Ex,Electronics,17799.64,True
P004377,Gainsboro Quasi,Books,5625.03,True
P008740,Syndicate Dot-Com Eyeballs,Electronics,15996.18,True
P011299,Olive Modi,Beauty,24492.22,True
P001145,PaleGreen Iure,Electronics,11476.5,True
P002956,DarkSlateGray Recusandae,Books,10454.81,True
P001682,Yellow Fuga,Sports,15230.21,True
P013204,Empower Visionary Initiatives,Electronics,-323.4476942147418,True
P004378,SlateBlue Provident,Toys,877.14,True
P003324,Tomato Voluptates,Sports,4163.61,True
P013668,,Fashion,19314.34,True
P005913,OldLace Animi,Fashion,19471.76,True
P006539,WhiteSmoke Molestias,Fashion,15933.87,True
P014015,,Grocery,4825.17,True
P002761,Thistle Illum,Grocery,24332.11,True
P008751,Revolutionize Intuitive Methodologies,Home,7777.14,True
P012081,Revolutionize Cross-Platform E-Business,Grocery,-996.0870395036051,True
P001282,FloralWhite Vitae,Fashion,24394.47,True
P009947,Beige Laborum,Beauty,7507.49,True
P002817,DarkGray Pariatur,Fashion,12762.28,True
P008469,Ivory Ut,Home,16878.48,True
P007768,Aqua Quasi,Home,15440.13,True
P006747,LemonChiffon Ducimus,Home,21285.68,True
P013405,,Electronics,436.2,True
P001212,BlanchedAlmond Amet,Toys,15658.19,True
P009621,Cultivate Transparent E-Tailers,Beauty,8000.47,True
P014389,Engage Customized Action-Items,Home,FREE,True
P005269,Visualize User-Centric Markets,Grocery,22296.76,True
P000950,Linen Eligendi,Beauty,21873.6,True
P002267,Evolve Intuitive Solutions,Fashion,4916.94,True
P007815,Fuchsia Temporibus,Books,22516.38,True
P011668,Re-Intermediate Distributed Solutions,Toys,20387.68,True
P001751,LightGoldenRodYellow Veritatis,Books,175.52,True
P002853,Violet Praesentium,Books,2827.48,True
P010826,YellowGreen Ipsam,Sports,22029.98,True
P004304,PaleVioletRed Quasi,Sports,5789.49,True
P002773,Orchestrate Dynamic Models,Home,9585.58,True
P002025,FloralWhite Harum,Sports,19149.83,True
P003938,Moccasin Nisi,Beauty,12331.63,True
P002828,Pink Natus,Toys,4862.07,True
P012610,Strategize User-Centric Relationships,Fashion,-679.8075097265012,True
P007498,OliveDrab Odio,Books,4109.72,True
P005350,YellowGreen Ex,Toys,21934.42,True
P011492,DodgerBlue Ducimus,Books,15374.55,True
P010191,SeaGreen Facere,Fashion,12074.43,True
P010503,DarkTurquoise Vel,Books,7614.83,True
P011303,DarkCyan Non,Electronics,17778.91,True
P009227,DarkSlateGray Unde,Sports,18852.0,True
P002685,Gold Corrupti,Grocery,17557.69,True
P005234,MidnightBlue Et,Fashion,1585.16,True
P008989,DarkGray Laboriosam,Electronics,24630.69,True
P009627,Crimson Similique,Electronics,5660.28,True
P000238,Streamline Granular Portals,Sports,22771.32,True
P005996,PaleGreen Maiores,Sports,4431.55,True
P002208,Red Rem,Sports,4765.56,True
P013955,,Beauty,19535.17,True
P007570,Indigo Eum,Toys,18627.39,True
P009856,DeepPink Nulla,Toys,18951.41,True
P002811,AliceBlue Illum,Fashion,16410.34,True
P010304,Engage End-To-End Deliverables,Beauty,22754.0,True
P004149,Cyan Provident,Sports,13706.02,True
P003812,MediumSeaGreen Pariatur,Grocery,11307.12,True
P014387,Implement Clicks-And-Mortar Metrics,Sports,-727.3062657530643,True
P000493,Cornsilk Suscipit,Books,13619.47,True
P010678,BlueViolet Impedit,Grocery,4877.25,True
P005199,SlateGray Quam,Grocery,11933.64,True
P007427,PeachPuff Officiis,Books,12427.46,True
P001111,Salmon Unde,Toys,16418.45,True
P014912,Re-Contextualize Intuitive Portals,Grocery,FREE,True
P000122,BlueViolet Laborum,Books,19063.05,True
P013744,,Books,5043.55,True
P010122,Black Ipsam,Electronics,13933.33,True
P010199,Coral Quidem,Sports,23663.19,True
P004481,LightSteelBlue Ex,Electronics,9791.17,True
P010074,BlanchedAlmond Sed,Toys,15852.96,True
P004704,Yellow Animi,Grocery,2184.7,True
P001201,SeaGreen Illum,Toys,17499.15,True
P010751,SteelBlue Neque,Fashion,10857.18,True
P001832,RosyBrown Hic,Electronics,11294.4,True
P009865,Coral Reiciendis,Toys,9052.72,True
P006517,Azure Labore,Grocery,8990.34,True
P001220,DarkGreen Repudiandae,Grocery,14027.88,True
P014365,Engage Efficient Technologies,Toys,-481.68476105712483,True
P004933,Visualize Mission-Critical Networks,Home,24660.31,True
P005549,Linen Eaque,Beauty,4031.12,True
P012435,E-Enable Cross-Platform Architectures,Electronics,FREE,True
P014728,,Electronics,6653.97,True
P006802,DimGray Iusto,Grocery,21315.54,True
P007554,LightCyan Pariatur,Beauty,20606.12,True
P013486,,Toys,16769.85,True
P000277,RosyBrown Laborum,Books,16273.53,True
P008455,BurlyWood Eum,Grocery,4971.09,True
P009870,Green Quae,Books,14141.25,True
P003850,Snow Sunt,Toys,16309.06,True
P002337,Orchestrate Back-End Partnerships,Books,1386.33,True
P005310,DarkMagenta Nulla,Electronics,15123.55,True
P005225,Snow Aut,Fashion,16729.51,True
P000797,Tan Ipsum,Toys,7111.06,True
P010216,PaleGoldenRod Aut,Beauty,14614.47,True
P004400,IndianRed Nemo,Books,11357.03,True
P014947,,Books,1085.11,True
P001058,Indigo Saepe,Home,21438.53,True
P001437,MediumSlateBlue Alias,Grocery,10973.53,True
P003178,DarkMagenta Ipsum,Fashion,4065.01,True
P005451,DarkGreen Magnam,Sports,23684.29,True
P007261,Red Necessitatibus,Books,5753.06,True
P006936,Olive Cumque,Toys,11455.14,True
P007977,Sienna Aliquam,Beauty,22892.31,True
P014484,Exploit Compelling Portals,Grocery,-354.9358548151953,True
P004011,MediumPurple Voluptatibus,Fashion,488.43,True
P004931,DarkRed Natus,Grocery,16420.61,True
P004624,Plum Officiis,Grocery,19083.8,True
P013899,Generate One-To-One Models,Home,FREE,True
P007888,CadetBlue Alias,Fashion,12847.41,True
P009342,SandyBrown Velit,Grocery,1643.03,True
P006679,Snow Alias,Books,7226.82,True
P013860,Aggregate Impactful Methodologies,Fashion,-366.25114129078327,True
P008570,Teal Enim,Fashion,6262.64,True
P001956,MediumOrchid Provident,Grocery,7830.02,True
P002723,Fuchsia Occaecati,Sports,7862.56,True
P004174,SeaShell Neque,Fashion,1315.55,True
P013318,Exploit B2B Technologies,Grocery,FREE,True
P004816,DodgerBlue Accusantium,Sports,24106.03,True
P009305,LightSteelBlue Quo,Home,18722.35,True
P006784,DimGray Cum,Grocery,10556.66,True
P007627,IndianRed Sint,Home,13931.37,True
P007020,Blue Incidunt,Beauty,10175.31,True
P013971,Revolutionize Impactful Mindshare,Fashion,-36.72825491725136,True
P012254,Streamline User-Centric Interfaces,Grocery,-808.8948183825972,True
P011657,PowderBlue Ratione,Sports,9185.1,True
P001451,Aqua Impedit,Toys,8463.56,True
P006907,DarkTurquoise Soluta,Home,12778.54,True
P010061,DodgerBlue Dolore,Beauty,13734.34,True
P002630,Cyan Iusto,Books,4267.97,True
P006844,CornflowerBlue Culpa,Toys,16261.2,True
P006835,Utilize Cross-Platform Relationships,Toys,22891.39,True
P011526,RosyBrown Consequuntur,Home,21983.72,True
P008472,MidnightBlue Dignissimos,Home,4659.43,True
P013272,Disintermediate Wireless Applications,Toys,FREE,True
P002849,LightSeaGreen Vel,Fashion,19887.9,True
P003414,BurlyWood Quisquam,Sports,14637.44,True
P013388,Leverage Holistic E-Commerce,Toys,-405.0438162930551,True
P006030,MediumAquaMarine Sint,Beauty,21611.15,True
P010627,DarkSalmon Possimus,Books,3233.58,True
P006151,DarkSlateBlue Cupiditate,Home,13607.84,True
P008505,LimeGreen Inventore,Home,21712.37,True
P014313,Cultivate Bleeding-Edge Supply-Chains,Electronics,-293.5482072827606,True
P011981,MediumTurquoise Dicta,Electronics,16103.4,True
P010155,Utilize Killer Functionalities,Home,18230.06,True
P008054,SlateBlue Quo,Books,21987.21,True
P014436,,,8456.32,True
P003790,Fuchsia Dicta,Toys,19241.13,True
P004494,Leverage Real-Time E-Tailers,Sports,1253.67,True
P010536,YellowGreen Iste,Beauty,6579.25,True
P009216,Red Beatae,Beauty,2592.72,True
P009991,Gray Deleniti,Fashion,13987.28,True
P007435,SteelBlue Odio,Electronics,12401.82,True
P006054,DarkKhaki Aut,Fashion,23784.2,True
P011468,MintCream Architecto,Grocery,11457.69,True
P010157,DarkOrchid Ducimus,Electronics,18547.48,True
P014159,Strategize Dynamic Partnerships,Books,FREE,True
P001342,Linen At,Electronics,5441.03,True
P012268,Monetize Killer Experiences,Toys,FREE,True
P007564,Navy Tempora,Home,7879.4,True
P007022,Chocolate Ad,Toys,15557.3,True
P005926,E-Enable Dynamic Partnerships,Books,2633.22,True
P014993,Enhance Best-Of-Breed Eyeballs,Home,-433.6778097173488,True
P013292,Innovate Bricks-And-Clicks Functionalities,Sports,-863.3714087852862,True
P008754,OrangeRed Necessitatibus,Electronics,15678.15,True
P006287,Empower Cross-Media Synergies,Fashion,15475.81,True
P006428,Plum Neque,Toys,3426.86,True
P002184,Khaki In,Electronics,22824.49,True
P014174,,Electronics,21769.22,True
P006824,Ivory Voluptatum,Grocery,15193.48,True
P004432,IndianRed Similique,Home,12053.95,True
P010003,Chocolate Modi,Fashion,5554.44,True
P004938,RoyalBlue Voluptatum,Electronics,23897.86,True
P012672,E-Enable 24/365 Models,Toys,-661.6498370011062,True
P005152,Chartreuse Doloribus,Sports,16369.09,True
P007190,Orange Voluptatem,Toys,5729.88,True
P008702,SlateBlue Cumque,Books,2299.9,True
P009985,SeaShell Fugiat,Grocery,17311.2,True
P013541,Strategize Turn-Key Web-Readiness,Toys,FREE,True
P008996,Teal Minima,Fashion,11010.94,True
P000119,Coral Dicta,Sports,12794.86,True
P006725,RosyBrown Veritatis,Fashion,23731.95,True
P011099,LightSteelBlue Maxime,Home,12741.12,True
P009881,Gainsboro Porro,Sports,6054.84,True
P006565,SpringGreen Tempore,Books,10839.89,True
P002420,BlueViolet Omnis,Books,4499.43,True
P002736,Cyan Ad,Beauty,2347.88,True
P011594,Navy Eum,Sports,15828.54,True
P002503,DimGray Ipsa,Fashion,15084.17,True
P011788,OrangeRed Expedita,Electronics,3255.66,True
P000270,LavenderBlush Deleniti,Beauty,1790.06,True
P003825,Black Quod,Home,7627.72,True
P013521,,Fashion,22264.3,True
P010794,LightYellow Reprehenderit,Home,17478.41,True
P012518,,Beauty,1601.43,True
P009676,LightGreen Blanditiis,Home,1462.02,True
P001605,Azure Itaque,Home,9122.03,True
P009626,MediumAquaMarine Aperiam,Beauty,14050.45,True
P006190,MediumSpringGreen Necessitatibus,Books,20643.0,True
P004788,DarkGreen Perferendis,Fashion,4026.38,True
P001735,LightPink Omnis,Books,14821.53,True
P004791,SlateBlue Inventore,Grocery,17222.32,True
P004405,MediumTurquoise Mollitia,Electronics,2179.33,True
P004635,CadetBlue Iusto,Fashion,900.37,True
P008057,Morph B2B Niches,Toys,24340.5,True
P008956,Khaki Unde,Sports,5212.78,True
P005522,Sienna Nostrum,Sports,12463.31,True
P010897,MediumTurquoise Esse,Fashion,10722.25,True
P007224,Unleash Cutting-Edge Portals,Toys,19948.11,True
P006086,Violet Quas,Grocery,1442.11,True
P011479,Morph B2C Supply-Chains,Fashion,10890.49,True
P002946,Linen Dolorem,Electronics,16340.74,True
P002076,Turquoise Enim,Beauty,8075.66,True
P011179,Gainsboro Harum,Grocery,5582.33,True
P013976,Disintermediate Revolutionary Bandwidth,Sports,FREE,True
P000014,DarkMagenta Excepturi,Home,15470.02,True
P001872,Wheat Consequuntur,Home,20881.64,True
P005766,Orchid Dolore,Grocery,18707.2,True
P011055,Peru Iste,Electronics,11797.52,True
P012816,Envisioneer Wireless Users,Home,-606.2215349267889,True
P013968,,Home,1384.82,True
P003959,LightPink Consectetur,Toys,13092.68,True
P006841,Pink Voluptatem,Fashion,23118.25,True
P004546,FireBrick Veniam,Books,20390.7,True
P012997,Exploit Interactive Communities,Electronics,FREE,True
P005190,Teal Eum,Grocery,1861.91,True
P002789,Turquoise Nesciunt,Books,24154.85,True
P000704,PowderBlue Corporis,Grocery,2109.17,True
P005381,HotPink Delectus,Beauty,20278.1,True
P005382,DarkViolet Itaque,Beauty,4029.27,True
P011783,Embrace User-Centric Convergence,Books,2013.9,True
P009767,MediumBlue Magnam,Books,7769.63,True
P014502,Utilize Clicks-And-Mortar Vortals,Home,FREE,True
P002363,Beige Nesciunt,Toys,14583.42,True
P002032,Olive Facilis,Electronics,14340.28,True
P001793,DarkSlateBlue Labore,Sports,22268.13,True
P005838,DarkCyan Autem,Home,15259.08,True
P004412,Orange Natus,Toys,18298.43,True
P012677,Monetize Enterprise Portals,Toys,-190.8230880426082,True
P005889,MistyRose Ea,Books,4028.6,True
P014335,,Electronics,13178.25,True
P008785,GhostWhite Magni,Books,24349.47,True
P008626,Blue Magni,Sports,3252.52,True
P006662,Fuchsia Voluptatibus,Sports,24284.61,True
P000344,Lavender Laudantium,Home,2189.21,True
P011275,LightBlue Magnam,Toys,3815.87,True
P010269,Teal Saepe,Books,741.92,True
P008782,DimGray Ullam,Grocery,7037.86,True
P003975,PapayaWhip Sequi,Sports,24883.89,True
P009857,MidnightBlue Impedit,Home,1438.09,True
P011906,DarkSlateBlue Eaque,Beauty,19266.51,True
P009599,MediumPurple Autem,Sports,15697.91,True
P006362,SlateBlue Accusamus,Fashion,21389.78,True
P004552,Red Modi,Sports,2989.02,True
P012347,Re-Contextualize Out-Of-The-Box Bandwidth,Toys,FREE,True
P006458,PaleGreen Eaque,Home,23691.54,True
P013074,,Books,821.11,True
P010202,DarkTurquoise Occaecati,Grocery,10935.94,True
P005053,LightSteelBlue Rerum,Electronics,7797.56,True
P003531,Blue Commodi,Sports,13507.98,True
P003640,Snow Eum,Books,10757.1,True
P001042,WhiteSmoke Rem,Beauty,5590.62,True
P012102,,Home,887.72,True
P014595,Maximize Plug-And-Play Action-Items,Books,-320.2875189621593,True
P009197,FireBrick Fugiat,Toys,15935.22,True
P000758,Plum Earum,Books,23469.45,True
P000748,GoldenRod Eius,Sports,5500.55,True
P006348,LightSteelBlue Minus,Sports,21239.54,True
P000885,Azure Quibusdam,Toys,16803.48,True
P006419,Lavender Quaerat,Fashion,20831.54,True
P010067,Magenta Velit,Toys,14173.56,True
P007982,DarkTurquoise Ipsa,Fashion,9793.65,True
P014652,Synergize Scalable E-Tailers,,FREE,True
P002313,Peru Laborum,Beauty,16611.2,True
P013561,Morph Out-Of-The-Box Experiences,Home,FREE,True
P014424,,Home,16314.3,True
P000945,DarkGoldenRod Sed,Toys,17314.74,True
P007668,OliveDrab Eius,Sports,21243.67,True
P011779,Salmon Distinctio,Fashion,3326.91,True
P007961,IndianRed Est,Beauty,3684.57,True
P000434,Purple Inventore,Fashion,18739.5,True
P011326,DarkGreen Consequatur,Beauty,13760.47,True
P009935,Lavender Nam,Grocery,6948.84,True
P002396,Maroon Tempora,Toys,2985.01,True
P001149,Coral Officiis,Grocery,24232.06,True
P013130,,Sports,2159.45,True
P000866,Crimson Quasi,Fashion,16630.44,True
P013726,,Beauty,24756.91,True
P011889,IndianRed Reiciendis,Electronics,24068.84,True
P010811,Aqua Mollitia,Home,1840.0,True
P007997,Violet Facere,Beauty,10462.81,True
P007296,LightGoldenRodYellow Iusto,Books,22545.63,True
P013628,Facilitate Mission-Critical Info-Mediaries,,FREE,True
P007169,YellowGreen Ut,Fashion,19345.38,True
P006501,Peru Quis,Home,4149.9,True
P005099,DarkSlateGray Fugiat,Fashion,18282.59,True
P004554,MistyRose Dolores,Electronics,19594.44,True
P013271,Morph Back-End Web-Readiness,Beauty,FREE,True
P004828,PowderBlue Consequatur,Electronics,1922.14,True
P009768,LightPink Harum,Grocery,21532.8,True
P007583,LightGray Doloribus,Sports,20931.89,True
P008327,DarkTurquoise Atque,Grocery,6743.83,True
P002093,PaleTurquoise Architecto,Home,12660.46,True
P006496,SpringGreen Placeat,Books,6717.26,True
P004691,LightCyan Deserunt,Grocery,17464.18,True
P007922,MediumOrchid Fuga,Books,21517.25,True
P008255,Orange Dignissimos,Books,23305.53,True
P012768,Synthesize Clicks-And-Mortar Metrics,Books,-930.2339343036939,True
P008068,RosyBrown Eaque,Fashion,15609.48,True
P008613,Thistle Dolorem,Beauty,14300.09,True
P001010,MediumPurple Sed,Electronics,11186.34,True
P010159,BlueViolet Laborum,Home,616.91,True
P010944,Khaki Odio,Electronics,15537.33,True
P009335,BlueViolet Optio,Home,3723.2,True
P004741,Chartreuse Totam,Toys,13808.58,True
P003278,Gold Quas,Grocery,11579.99,True
P010930,GoldenRod Porro,Beauty,12655.49,True
P006744,Wheat Distinctio,Sports,5177.89,True
P010917,Streamline Bricks-And-Clicks Experiences,Fashion,4115.25,True
P000199,SteelBlue Suscipit,Electronics,13357.02,True
P004341,LightSteelBlue Necessitatibus,Books,18295.41,True
P001967,Plum Assumenda,Beauty,23770.26,True
P003847,DarkSalmon Vero,Home,8983.48,True
P003488,PowderBlue Laborum,Beauty,3345.72,True
P003845,BlueViolet Labore,Electronics,3301.04,True
P002602,DeepSkyBlue Corporis,Toys,7878.11,True
P011660,DarkKhaki Tempore,Electronics,8901.68,True
P012383,Redefine Efficient Paradigms,Beauty,-206.52731114077784,True
P009310,OldLace Repellendus,Sports,4406.87,True
P013577,Aggregate 24/365 Convergence,Grocery,FREE,True
P005587,Orchid Tempore,Books,15550.96,True
P001898,Coral Itaque,Toys,6512.13,True
P009878,DarkOrchid Eum,Electronics,22037.16,True
P006031,DarkGoldenRod Rem,Electronics,14679.15,True
P011669,DarkOliveGreen Nobis,Toys,5390.84,True
P012009,,Grocery,22920.85,True
P014708,Synthesize Revolutionary Mindshare,Books,-753.2566449507352,True
P006629,Orchid Est,Fashion,12364.52,True
P009912,FloralWhite Est,Home,6662.6,True
P010896,BlanchedAlmond Minus,Grocery,18422.12,True
P000851,Lavender Minima,Toys,7074.72,True
P000054,Beige Molestiae,Books,12081.38,True
P007691,DarkSlateBlue Blanditiis,Grocery,17251.55,True
P005649,LightCoral Sapiente,Home,20721.17,True
P000620,SkyBlue Voluptatibus,Sports,9516.18,True
P010087,CornflowerBlue Cupiditate,Electronics,1240.33,True
P013396,Re-Intermediate 24/365 Content,Beauty,FREE,True
P007105,Moccasin Id,Books,24963.82,True
P000253,DarkGray Animi,Sports,14612.52,True
P001661,OldLace Hic,Books,2652.17,True
P013069,Redefine Visionary Niches,Electronics,FREE,True
P006155,BlueViolet Similique,Grocery,5902.59,True
P007226,Lavender Tempora,Fashion,19380.12,True
P009080,LawnGreen Ea,Toys,1657.78,True
P002938,MediumOrchid Placeat,Home,3357.94,True
P002158,DarkGreen Maiores,Books,23582.19,True
P008303,Brown Quam,Sports,21983.26,True
P011646,GoldenRod Magnam,Sports,18236.16,True
P014839,,Home,9293.29,True
P005183,MediumAquaMarine Illum,Electronics,23353.44,True
P003875,Aqua Sunt,Beauty,18193.99,True
P000484,RoyalBlue Consectetur,Grocery,15585.34,True
P003433,BlueViolet Iure,Fashion,3723.09,True
P011027,Plum Provident,Home,8971.97,True
P014007,Morph Innovative Synergies,Grocery,-815.3423466054892,True
P000533,Chartreuse Eius,Fashion,10055.62,True
P004998,Reinvent Front-End Synergies,Toys,5523.89,True
P002347,Magenta Eum,Toys,15982.73,True
P003298,Chartreuse Suscipit,Toys,2029.03,True
P013923,Productize Innovative Technologies,Beauty,-26.138111083326734,True
P007116,Silver Nisi,Sports,19089.71,True
P004269,FloralWhite Quasi,Toys,1100.76,True
P006816,RosyBrown Harum,Home,15125.57,True
P009434,Green Impedit,Home,6819.7,True
P005876,Plum Quod,Toys,13531.06,True
P011984,PowderBlue Cumque,Sports,23277.35,True
P008335,Chocolate Soluta,Fashion,19107.66,True
P005699,DarkTurquoise Natus,Sports,9414.78,True
P005896,DarkSalmon Delectus,Sports,23958.99,True
P011944,Azure Consequuntur,Beauty,14677.25,True
P009589,WhiteSmoke Cum,Electronics,3388.82,True
P011004,Seize Interactive Models,Electronics,12217.51,True
P001127,Magenta Nostrum,Home,1602.09,True
P005624,LavenderBlush Aspernatur,Electronics,18354.25,True
P012092,,Home,9591.97,True
P014642,Extend 24/365 Functionalities,Home,FREE,True
P009191,Aquamarine Assumenda,Electronics,10226.03,True
P003120,Purple Sunt,Fashion,24346.87,True
P003722,Implement Killer Methodologies,Electronics,15076.88,True
P004840,IndianRed Suscipit,Home,7321.13,True
P000551,Synthesize Dynamic Content,Home,12461.32,True
P009559,DarkCyan Ea,Toys,11124.22,True
P010064,DarkViolet Sunt,Books,15310.95,True
P005471,Monetize Next-Generation Platforms,Home,11189.77,True
P002824,LimeGreen Voluptas,Home,7247.45,True
P008441,Lavender Numquam,Grocery,9303.9,True
P002856,LightSlateGray Praesentium,Home,21343.47,True
P009415,DarkViolet Quidem,Toys,20845.36,True
P000183,Linen Eveniet,Grocery,8190.04,True
P011997,LightSalmon Deleniti,Electronics,15423.35,True
P010117,AntiqueWhite Ratione,Beauty,5407.56,True
P005530,Thistle Delectus,Grocery,7763.74,True
P009363,Lavender Excepturi,Grocery,13010.29,True
P000229,Turquoise Quidem,Fashion,9126.78,True
P002673,SeaShell Quos,Grocery,12518.43,True
P008105,DarkViolet Dolor,Electronics,4331.87,True
P005056,Brown Aliquid,Sports,19294.55,True
P003856,LightSlateGray Magnam,Electronics,5609.48,True
P011062,BurlyWood Facere,Sports,10320.85,True
P004586,MediumBlue Occaecati,Beauty,16137.47,True
P014371,Monetize Impactful Metrics,Books,FREE,True
P009098,Pink Perferendis,Fashion,16065.31,True
P004095,Gold Rem,Toys,20144.48,True
P010032,LightSkyBlue Quia,Books,12425.76,True
P007568,DarkRed Tempore,Books,1753.38,True
P002462,PowderBlue Odit,Electronics,4345.29,True
P008814,MediumOrchid Ratione,Beauty,10481.98,True
P008917,HotPink Iste,Electronics,17188.22,True
P009720,Matrix Customized Web Services,,8764.05,True
P007534,DarkSlateGray Minus,Toys,10329.9,True
P011345,PapayaWhip Minus,Beauty,1929.96,True
P013326,E-Enable Out-Of-The-Box Solutions,Grocery,-118.75935944284608,True
P005080,GreenYellow Accusantium,Home,4188.97,True
P010761,DarkMagenta Quod,Books,949.86,True
P003733,Crimson Explicabo,Toys,10353.23,True
P002253,LightCoral Voluptas,Electronics,15687.18,True
P009729,DarkRed Perspiciatis,Beauty,6995.94,True
P010207,Green Dicta,Fashion,11309.26,True
P012743,Re-Intermediate User-Centric Users,Grocery,-403.93300098566465,True
P011819,Orange Autem,Sports,1337.41,True
P002150,Bisque Laudantium,Home,21252.43,True
P006624,Pink Possimus,Toys,8971.1,True
P004909,Maroon Nihil,Toys,16771.06,True
P014713,,Grocery,18843.23,True
P007208,MediumTurquoise Temporibus,Beauty,13943.31,True
P012280,,Electronics,4415.73,True
P008910,SlateBlue Illum,Electronics,23694.39,True
P009778,Crimson Voluptatibus,Grocery,22601.1,True
P006297,Engage E-Business Architectures,Fashion,24163.99,True
P007482,MistyRose Est,Books,8337.73,True
P003307,DarkMagenta Tempore,Electronics,5939.23,True
P004292,Coral Molestiae,Electronics,14089.7,True
P008772,Gray Quasi,Home,16630.13,True
P001824,Tan Iure,Books,12824.23,True
P003078,LimeGreen Quia,Sports,15954.43,True
P009054,Beige Tenetur,Beauty,16370.17,True
P001830,Yellow Vero,Home,20401.11,True
P009303,SaddleBrown Officiis,Fashion,5178.45,True
P008562,AntiqueWhite Error,Beauty,17180.43,True
P009593,LavenderBlush Ab,Sports,19015.07,True
P001286,LightGoldenRodYellow Debitis,Grocery,7930.09,True
P002074,Aquamarine Unde,Grocery,8814.88,True
P007158,SpringGreen Ducimus,Beauty,20414.6,True
P001249,DarkSeaGreen Blanditiis,Books,18936.88,True
P008401,LavenderBlush Cupiditate,Beauty,17078.34,True
P007327,RoyalBlue Vitae,Toys,16378.49,True
P010375,Gold Natus,Books,1769.07,True
P000198,GreenYellow Quasi,Fashion,11968.75,True
P000876,Peru Voluptas,Fashion,3357.77,True
P000023,Ivory Eaque,Beauty,12442.14,True
P002482,LightCyan Sed,Grocery,20815.6,True
P002801,DarkKhaki Asperiores,Beauty,15489.43,True
P010023,Linen Omnis,Toys,10891.15,True
P000913,Khaki Error,Sports,20667.52,True
P005304,LimeGreen Earum,Home,19542.78,True
P011132,LemonChiffon Voluptatum,Beauty,4701.38,True
P012584,,Home,24872.65,True
P009158,Syndicate Next-Generation Interfaces,Books,9124.9,True
P011328,Crimson Libero,Electronics,12094.22,True
P005308,Indigo A,Toys,24816.67,True
P000629,Moccasin Praesentium,Home,9905.15,True
P012856,,Sports,22177.42,True
P011142,LimeGreen Iure,Electronics,15752.15,True
P009394,Aquamarine Repellat,Beauty,1087.4,True
P010921,BlanchedAlmond Debitis,Fashion,5118.64,True
P010525,Beige Adipisci,Sports,15280.67,True
P007437,LightCoral Iure,Electronics,7210.02,True
P012951,Iterate Global Web Services,Sports,FREE,True
P012738,Repurpose Robust Paradigms,Sports,-954.0221793130366,True
P000331,PowderBlue Fuga,Home,2317.96,True
P002550,SeaGreen Eligendi,Sports,19217.31,True
P006909,Tan Enim,Grocery,11114.47,True
P004042,Orange Magni,Toys,12814.6,True
P012578,Utilize Innovative Technologies,Home,FREE,True
P007215,Gray Et,Sports,20384.54,True
P001983,DarkSlateBlue Doloribus,Toys,14868.8,True
P014744,,Books,21160.67,True
P001693,Moccasin Est,Fashion,16799.93,True
P009163,LightCyan Eum,Beauty,7539.45,True
P001538,MediumSlateBlue Harum,Electronics,6127.4,True
P007204,DarkViolet Deserunt,Beauty,16011.03,True
P003614,OldLace Exercitationem,Sports,9019.44,True
P010804,DarkBlue Voluptates,Grocery,6227.74,True
P010188,DimGray Ipsum,Sports,6837.79,True
P009873,DarkSeaGreen Modi,Books,12777.4,True
P010899,Olive Iusto,Fashion,1421.52,True
P014545,Orchestrate Plug-And-Play Technologies,Toys,-866.2849230391136,True
P006888,Green Delectus,Beauty,4497.72,True
P005280,LightSeaGreen Beatae,Books,12299.84,True
P003891,PaleGoldenRod Exercitationem,Beauty,4764.19,True
P003784,NavajoWhite Qui,Beauty,18785.77,True
P007907,Snow Suscipit,Beauty,13361.9,True
P008253,SpringGreen Fugiat,Toys,18337.85,True
P000460,BlueViolet In,Home,24404.28,True
P011678,LightCyan Iure,Fashion,16185.34,True
P002654,Salmon Placeat,Books,3255.9,True
P000184,Maroon Error,Electronics,16671.29,True
P009994,Coral Voluptatibus,Books,24274.49,True
P000084,MediumPurple Optio,Toys,6092.42,True
P005065,WhiteSmoke Alias,Electronics,13161.68,True
P008496,SlateBlue Culpa,Fashion,1816.03,True
P004235,DimGray Odio,Grocery,13000.23,True
P010065,Black Quisquam,Electronics,12788.59,True
P014940,Deploy Best-Of-Breed Partnerships,,FREE,True
P001971,LemonChiffon Nisi,Beauty,4701.09,True
P005497,Visualize Leading-Edge Infrastructures,Beauty,19151.87,True
P013932,Implement B2C Web Services,Electronics,-736.6946021091113,True
P010355,BurlyWood Ea,Grocery,3870.08,True
P009095,ForestGreen Fugiat,Sports,2497.22,True
P007607,Aggregate Strategic Solutions,Toys,6881.05,True
P009244,Gold Ipsum,Electronics,15611.54,True
P007604,Green Doloribus,Grocery,4299.83,True
P007098,MediumSeaGreen Atque,Toys,12692.34,True
P001048,SlateGray Recusandae,Books,6694.44,True
P007881,Peru Sequi,Toys,5041.48,True
P004743,AntiqueWhite Recusandae,Beauty,12761.29,True
P014033,Incentivize Front-End Applications,Electronics,FREE,True
P003532,DarkRed Expedita,Grocery,13679.67,True
P003560,PowderBlue Magnam,Home,20795.63,True
P010792,Grow Front-End Bandwidth,Home,14715.59,True
P014200,Expedite Bricks-And-Clicks Roi,Books,-656.4306123536496,True
P001113,LightYellow Atque,Home,3299.38,True
P006590,Teal Cumque,Grocery,9031.58,True
P010052,SlateGray Fuga,Beauty,14340.64,True
P007424,Maroon Magnam,Books,17186.95,True
P003313,Fuchsia Ab,Sports,1104.96,True
P002451,PaleTurquoise Placeat,Toys,4341.23,True
P007240,CadetBlue Amet,Fashion,924.12,True
P005903,MintCream Nemo,Home,6138.83,True
P010532,Azure Praesentium,Grocery,2498.35,True
P003854,Teal Totam,Electronics,7092.46,True
P011103,LightBlue Impedit,Fashion,6021.35,True
P003685,LightGreen Aliquam,Toys,6159.94,True
P010056,Snow Vel,Grocery,11605.43,True
P011673,SlateBlue Placeat,Fashion,20854.41,True
P012987,Empower Rich Methodologies,Electronics,FREE,True
P002830,LightBlue Reiciendis,Toys,13029.11,True
P007842,DimGray Et,Fashion,20987.45,True
P010404,LimeGreen Animi,Home,17890.63,True
P004240,Beige Dignissimos,Grocery,15274.66,True
P006791,LightSalmon Unde,Books,3536.01,True
P004920,SteelBlue Dolore,Books,8808.13,True
P013523,Re-Intermediate Killer Methodologies,Sports,-600.2058267654935,True
P007732,LightSlateGray Vel,Fashion,18817.6,True
P012862,Disintermediate Cross-Media Metrics,Grocery,-905.2930460958813,True
P012014,Empower Open-Source Methodologies,Electronics,-106.36883465939378,True
P014838,Seize Customized Solutions,Books,-44.135300482405704,True
P008584,Tomato Iusto,Fashion,23461.07,True
P006721,Chartreuse Necessitatibus,Electronics,23653.42,True
P003893,BlueViolet Fugiat,Electronics,11479.07,True
P002039,Gold Error,Sports,1707.26,True
P011506,Black Eos,Beauty,12495.0,True
P001481,GoldenRod Quisquam,Grocery,3546.51,True
P003792,PowderBlue Cum,Electronics,21990.82,True
P008932,Gray Dolore,Home,24618.71,True
P011859,OliveDrab Consequuntur,Fashion,10446.46,True
P014336,,Grocery,19676.81,True
P006055,DarkTurquoise Molestias,Electronics,1165.1,True
P007299,DarkSalmon Impedit,Home,16273.17,True
P001517,MediumOrchid Voluptates,Home,9475.19,True
P010327,Thistle Animi,Books,22608.42,True
P004466,DarkCyan Doloribus,Fashion,8311.23,True
P000002,LightPink Nemo,Beauty,466.9,True
P002887,Olive Corporis,Fashion,9875.12,True
P000328,Tomato Similique,Electronics,15982.46,True
P004813,MediumSlateBlue Eaque,Beauty,3552.85,True
P010363,SaddleBrown Nihil,Home,15072.76,True
P003138,PowderBlue Dolore,Fashion,3890.25,True
P009592,PapayaWhip Natus,Toys,11552.44,True
P006053,Linen Ipsum,Books,21898.89,True
P007672,MediumSeaGreen Nemo,Grocery,22858.43,True
P010205,ForestGreen Cumque,Sports,7655.2,True
P013481,Transition Cross-Platform E-Tailers,Beauty,FREE,True
P003848,Blue Delectus,Grocery,1647.48,True
P009672,DimGray Voluptatibus,Books,3618.43,True
P013930,Exploit World-Class Vortals,Toys,-82.75983764467928,True
P011353,MidnightBlue Ab,Sports,19696.67,True
P005204,HotPink Sed,Toys,697.94,True
P008593,RosyBrown Unde,Grocery,17673.75,True
P013347,,Toys,5476.69,True
P007079,Crimson Repellat,Home,5273.0,True
P009849,BurlyWood At,Home,1360.33,True
P011475,Salmon Non,Electronics,16687.97,True
P004613,SpringGreen Necessitatibus,Beauty,4811.67,True
P010758,Lavender Ea,Home,20294.4,True
P006022,Gray Omnis,Electronics,11834.96,True
P010128,PapayaWhip Eius,Toys,24986.79,True
P005743,Redefine One-To-One Channels,Toys,10775.01,True
P006017,DarkGreen Consequatur,Home,19566.51,True
P001135,NavajoWhite Dolores,Toys,22719.96,True
P001578,SeaGreen Quae,Toys,6705.2,True
P003385,RosyBrown Quam,Home,13116.3,True
P004684,PaleGoldenRod Eligendi,Fashion,3797.22,True
P000271,DarkSlateGray Iste,Fashion,7074.31,True
P008121,Magenta Cumque,Books,8369.52,True
P000159,White Impedit,Toys,22565.76,True
P004687,LemonChiffon Cumque,Fashion,8458.87,True
P008882,LightCyan Unde,Beauty,3537.73,True
P005683,MintCream Deserunt,Toys,22830.9,True
P004414,MediumBlue Odit,Beauty,6640.88,True
P008139,Teal Unde,Beauty,10274.86,True
P011895,LawnGreen In,Sports,15093.85,True
P008343,Coral Voluptatem,Beauty,14319.71,True
P006226,SlateGray Iusto,Electronics,10925.37,True
P005029,PaleTurquoise Cupiditate,Grocery,18252.98,True
P008178,Khaki Saepe,Toys,15790.18,True
P005967,Plum Harum,Electronics,18950.47,True
P003223,Fuchsia Molestias,Toys,2135.2,True
P000366,Aqua Repudiandae,Fashion,7017.68,True
P006813,DarkViolet Quaerat,Sports,407.99,True
P014487,Productize Bricks-And-Clicks E-Markets,Sports,FREE,True
P006281,LavenderBlush Vitae,Home,6182.29,True
P007497,MediumVioletRed Saepe,Sports,17847.82,True
P005353,LightSteelBlue Recusandae,Electronics,17561.94,True
P010827,Gold Voluptatum,Beauty,23163.22,True
P003463,Maroon Sint,Fashion,5608.08,True
P000597,MediumVioletRed Cumque,Sports,9601.88,True
P008163,DarkRed Eaque,Sports,24471.9,True
P008102,Silver Laboriosam,Home,11695.57,True
P011409,LightSkyBlue Officiis,Fashion,5732.2,True
P009464,Salmon Perspiciatis,Electronics,16594.15,True
P012564,Streamline 24/7 Networks,Sports,-828.1150680800147,True
P010712,BlueViolet Molestiae,Sports,18547.71,True
P002747,SeaShell Ducimus,Fashion,19756.27,True
P001566,DarkBlue Doloremque,Grocery,12544.53,True
P010764,Peru Aliquid,Toys,17165.32,True
P011539,MediumSeaGreen Laudantium,Sports,18871.9,True
P000399,Coral Saepe,Beauty,6909.21,True
P001976,MidnightBlue Ad,Books,403.94,True
P007749,Harness Strategic Web Services,Sports,883.93,True
P004519,DarkSlateGray Ad,Grocery,16269.86,True
P010742,Tan Nam,Electronics,20440.29,True
P005153,BurlyWood Non,Fashion,15754.19,True
P006271,SlateBlue Placeat,Home,6457.14,True
P010539,LightSkyBlue Corrupti,Grocery,21733.71,True
P008846,LavenderBlush Aspernatur,Home,16012.84,True
P013645,Enable Collaborative Networks,Home,-70.66827450365507,True
P004719,Cyan Earum,Books,13411.52,True
P004574,Maroon Maiores,Beauty,11796.72,True
P012790,Evolve Intuitive Models,Toys,FREE,True
P000896,GhostWhite Ducimus,Toys,20245.93,True
P013067,,Toys,13563.78,True
P011841,LawnGreen Optio,Home,4922.33,True
P005392,Linen Nobis,Sports,346.15,True
P003339,Orchid Incidunt,Sports,9483.11,True
P003833,DodgerBlue Sequi,Electronics,5443.4,True
P008095,Orange Ut,Grocery,7434.15,True
P004685,MediumVioletRed Praesentium,Sports,16007.5,True
P006692,Wheat Ad,Electronics,24365.82,True
P006032,Crimson Ad,Books,11050.92,True
P001914,Black Suscipit,Grocery,16481.08,True
P004806,DarkSalmon Minus,Grocery,24011.28,True
P011138,Bisque Rerum,Books,1279.11,True
P007975,HoneyDew Tenetur,Sports,24232.52,True
P002899,SeaGreen Magni,Beauty,4562.87,True
P006108,Tomato Reprehenderit,Beauty,10449.06,True
P001997,Tomato Hic,Books,1794.54,True
P001561,LightSalmon Sequi,Fashion,22477.31,True
P012962,Extend Next-Generation Communities,Books,-793.4754950932007,True
P008845,SlateBlue Quo,Fashion,16160.85,True
P005541,Navy Voluptates,Toys,17528.69,True
P011527,DeepSkyBlue Eos,Books,17624.94,True
P013903,Drive Frictionless Functionalities,Books,FREE,True
P003308,Fuchsia Vero,Home,13425.49,True
P009534,Tan Corrupti,Beauty,11934.61,True
P003465,SeaShell Sint,Beauty,22597.24,True
P005126,DarkTurquoise Cupiditate,Sports,11316.01,True
P009038,HoneyDew Dolores,Toys,22483.03,True
P014421,Streamline Mission-Critical Niches,Grocery,FREE,True
P004617,Lavender Error,Sports,11532.56,True
P001630,Evolve Bleeding-Edge Paradigms,Sports,20752.46,True
P000721,Tomato Soluta,Home,9372.76,True
P009291,OliveDrab A,Electronics,5186.95,True
P011159,Crimson Modi,Fashion,20722.05,True
P012603,Re-Intermediate Interactive Relationships,Books,FREE,True
P010018,PaleGreen Sapiente,Fashion,1121.93,True
P005086,Khaki Eligendi,Sports,4852.69,True
P003188,Fuchsia Nemo,Fashion,12875.76,True
P008236,DarkMagenta Facere,Electronics,7399.92,True
P002944,Moccasin Distinctio,Books,5252.17,True
P004633,DarkCyan Placeat,Fashion,9335.74,True
P007948,IndianRed Necessitatibus,Books,2077.4,True
P010054,DodgerBlue Dolore,Grocery,2859.51,True
P013154,,Beauty,2256.21,True
P003820,MediumBlue Earum,Toys,18905.43,True
P004249,Lime Quaerat,Home,22474.23,True
P001045,GhostWhite Laboriosam,Toys,23482.75,True
P009427,Navy Aliquid,Toys,17734.72,True
P012259,Transition Revolutionary Solutions,Beauty,-840.3324513007026,True
P001240,BlueViolet Doloribus,Home,10265.53,True
P003266,Turquoise Consectetur,Books,24611.73,True
P007476,Salmon Esse,Electronics,22790.03,True
P004943,Gold Occaecati,Sports,12437.28,True
P004846,Bisque Sint,Electronics,4936.14,True
P012452,Aggregate B2C Relationships,,-667.178733276245,True
P005042,Aquamarine Enim,Toys,3930.39,True
P009316,Magenta Eum,Sports,20498.03,True
P004222,SlateBlue Saepe,Home,1570.88,True
P005577,LightGray Aliquam,Grocery,19395.65,True
P000944,LightSkyBlue Nemo,Grocery,4855.31,True
P008272,Red Eos,Grocery,4996.94,True
P014521,,Home,870.99,True
P001800,DarkTurquoise Nam,Beauty,8683.66,True
P012354,Engineer Bleeding-Edge Metrics,Fashion,-994.4935043291196,True
P009684,PeachPuff Dignissimos,Books,18524.34,True
P001532,Disintermediate Value-Added Networks,Toys,5535.27,True
P008627,Maroon Provident,Toys,15063.66,True
P009978,YellowGreen Odit,Sports,6461.98,True
P000372,RosyBrown Non,Toys,12659.62,True
P001392,PaleTurquoise Tempore,Beauty,5258.84,True
P014062,Drive Scalable E-Business,Beauty,FREE,True
P005166,GoldenRod Unde,Electronics,23330.98,True
P006470,White Aspernatur,Sports,7566.34,True
P009064,AliceBlue Omnis,Sports,4381.06,True
P001410,CornflowerBlue Nisi,Books,12021.29,True
P009970,Coral Veritatis,Beauty,8506.81,True
P005341,SeaGreen Ut,Beauty,1987.3,True
P002205,DarkSlateBlue Quae,Home,10691.43,True
P006426,RoyalBlue Ex,Beauty,18617.73,True
P013910,Harness Real-Time Solutions,Sports,FREE,True
P008765,SeaGreen Dolor,Sports,2714.68,True
P004712,DarkBlue Quam,Books,14374.06,True
P004960,DarkGreen At,Electronics,19852.01,True
P004387,White Atque,Grocery,12834.62,True
P008406,SlateBlue Quo,Grocery,2720.46,True
P003104,RoyalBlue Nemo,Sports,8635.39,True
P002847,WhiteSmoke Debitis,Books,9652.62,True
P003973,PeachPuff Nobis,Toys,3116.73,True
P007382,Aqua Repellat,Fashion,17382.48,True
P006555,MediumTurquoise Vitae,Sports,23467.39,True
P002941,Matrix Frictionless Functionalities,Sports,9623.71,True
P000187,GreenYellow Veniam,Books,13146.48,True
P009845,Indigo Explicabo,Grocery,20887.69,True
P006897,CornflowerBlue Quibusdam,Books,22774.3,True
P004870,DarkMagenta Nostrum,Toys,19898.9,True
P003061,FireBrick Id,Beauty,15069.96,True
P011833,Khaki Sequi,Fashion,10095.51,True
P011577,LightPink Ad,Grocery,16823.45,True
P013967,Seize One-To-One Web Services,,FREE,True
P002051,Silver Iste,Fashion,18039.5,True
P001003,CornflowerBlue Repudiandae,Toys,23498.74,True
P007217,Tomato Vero,Home,12247.85,True
P004460,DarkMagenta Eos,Home,7926.53,True
P011161,DarkMagenta Ullam,Toys,23254.79,True
P010977,Teal Voluptatibus,Books,18006.11,True
P013238,Re-Contextualize Impactful Communities,Toys,FREE,True
P009065,Khaki Voluptate,Grocery,6419.98,True
P000307,Peru Fugit,Toys,5080.76,True
P002123,Aquamarine Aut,Electronics,6591.68,True
P007974,GoldenRod Quibusdam,Electronics,3785.04,True
P001691,DodgerBlue Quaerat,Grocery,19314.95,True
P007035,Thistle Maiores,Grocery,10696.25,True
P000702,BurlyWood Error,Fashion,17009.7,True
P007333,SkyBlue Odit,Grocery,3378.55,True
P002442,LightPink Quos,Home,9981.81,True
P000921,MediumPurple Molestias,Grocery,3309.9,True
P010549,LightGreen Pariatur,Sports,4483.67,True
P009532,MediumSeaGreen Occaecati,Beauty,1859.06,True
P008606,HoneyDew Distinctio,Sports,20429.23,True
P011635,DarkOliveGreen Officiis,Toys,2721.73,True
P011450,DarkSlateBlue Amet,Grocery,22215.95,True
P001594,DarkGray Officiis,Books,851.18,True
P011939,LemonChiffon Ipsa,Sports,8666.27,True
P001504,MediumPurple Provident,Home,15148.68,True
P000750,LightSkyBlue Autem,Books,11907.05,True
P006406,Brown Nisi,Books,11607.43,True
P008336,DimGray Enim,Home,7740.81,True
P005640,HoneyDew Error,Sports,761.12,True
P014626,Scale Dynamic Channels,Grocery,FREE,True
P006552,BlueViolet Quia,Books,10620.31,True
P003636,GoldenRod Similique,Grocery,10943.91,True
P007448,LightSteelBlue Laudantium,Electronics,2988.44,True
P001426,Ivory Ut,Grocery,5742.89,True
P008872,PeachPuff Quisquam,Grocery,6448.13,True
P010919,Black Eius,Beauty,24107.89,True
P007302,DarkMagenta Autem,Electronics,641.75,True
P004233,LightCoral Necessitatibus,Sports,23434.74,True
P000514,FloralWhite Quo,Home,2509.06,True
P011549,Chartreuse Necessitatibus,Books,1832.32,True
P006333,DarkGreen Deleniti,Sports,2147.14,True
P001052,PapayaWhip Facere,Toys,18782.35,True
P001250,DarkSlateGray Alias,Beauty,19675.09,True
P007136,Engineer Impactful Convergence,Toys,17686.8,True
P012059,Envisioneer Holistic Info-Mediaries,Toys,-14.608942886990238,True
P006634,LemonChiffon Aspernatur,Electronics,22711.45,True
P013986,Exploit User-Centric Interfaces,Electronics,-196.7434930874797,True
P006635,Maroon Voluptatum,Toys,2516.25,True
P010931,LightSlateGray Eveniet,Home,60.02,True
P002041,MediumBlue Harum,Beauty,12907.55,True
P010719,DarkGoldenRod Voluptates,Grocery,10412.6,True
P008950,SpringGreen Nulla,Fashion,2594.32,True
P000666,Green Consectetur,Books,6435.13,True
P003416,MediumSpringGreen Hic,Toys,14305.0,True
P009430,PaleVioletRed In,Home,20862.69,True
P005809,LemonChiffon Voluptatum,Sports,19710.85,True
P003429,LightSlateGray Tempora,Grocery,21681.6,True
P002872,DarkSeaGreen Odit,Grocery,13443.3,True
P006124,LemonChiffon Eos,Books,3552.59,True
P007428,Fuchsia Debitis,Electronics,17899.25,True
P013285,Re-Intermediate 24/7 Users,Beauty,-260.64093360619444,True
P005407,Moccasin Fugiat,Home,9214.87,True
P002874,CornflowerBlue Alias,Sports,5761.34,True
P001946,MediumSeaGreen Impedit,Sports,795.02,True
P012252,Reinvent Efficient Networks,Beauty,-537.1527092635943,True
P004205,MediumPurple Recusandae,Home,24259.44,True
P001452,AntiqueWhite Doloribus,Beauty,19154.56,True
P012903,,Grocery,24110.34,True
P012992,,Home,11242.23,True
P001788,PeachPuff Dolores,Electronics,16064.28,True
P012767,,Fashion,19245.51,True
P002821,Turquoise Ea,Grocery,17693.5,True
P013951,,Electronics,22181.53,True
P001189,Bisque Occaecati,Grocery,4350.49,True
P000341,Khaki Quod,Books,7785.18,True
P013454,Engage Strategic Platforms,Grocery,-621.9637182308212,True
P012580,,Grocery,6835.82,True
P010451,Salmon Laudantium,Electronics,8307.03,True
P001157,Lime Autem,Electronics,19698.3,True
P006708,Brown Deserunt,Grocery,18095.54,True
P014321,Syndicate Magnetic Initiatives,Home,-704.9264727227265,True
P006502,AliceBlue Est,Books,13422.42,True
P008330,Aggregate Strategic Initiatives,Fashion,8300.69,True
P014410,,Electronics,21907.74,True
P005637,DarkSeaGreen Ullam,Electronics,15899.03,True
P013020,Morph Real-Time Solutions,Home,FREE,True
P006848,MediumPurple Cum,Beauty,8748.37,True
P012925,Leverage Synergistic Web-Readiness,Home,-389.60643760143495,True
P011250,NavajoWhite Eligendi,Books,24687.0,True
P010285,Azure A,Toys,3888.71,True
P009916,Gray Rem,Home,5790.59,True
P008234,DarkOrange Corporis,Beauty,16738.49,True
P011447,Pink Est,Sports,3572.61,True
P003402,OldLace Laboriosam,Electronics,10350.43,True
P009420,DarkMagenta Cupiditate,Grocery,17802.72,True
P014516,,,6713.25,True
P009909,SaddleBrown Excepturi,Books,6636.57,True
P002500,Cyan Nesciunt,Electronics,10910.31,True
P009396,CadetBlue Quam,Home,20216.54,True
P004351,BlanchedAlmond Quasi,Electronics,12979.94,True
P005780,Plum Perferendis,Books,6565.98,True
P011042,Tan Eaque,Electronics,18847.06,True
P009852,LavenderBlush Adipisci,Grocery,22149.71,True
P007801,LightSalmon Ducimus,Grocery,18342.21,True
P001573,CadetBlue Atque,Books,21213.5,True
P000561,Indigo Amet,Electronics,11851.29,True
P006323,SkyBlue Nesciunt,Toys,24735.48,True
P010426,DarkSeaGreen Excepturi,Fashion,8999.44,True
P012486,Streamline Impactful Convergence,Home,FREE,True
P005419,DimGray Molestiae,Beauty,23522.01,True
P003657,DarkOrchid Et,Fashion,449.0,True
P008991,DarkGoldenRod Culpa,Beauty,24969.21,True
P004563,DarkGoldenRod Iusto,Home,13748.18,True
P009006,RoyalBlue Nulla,Toys,22083.6,True
P009048,Plum Placeat,Books,4047.62,True
P009498,SeaGreen Expedita,Fashion,5493.24,True
P003777,Khaki Eum,Home,18714.82,True
P009910,DeepPink Enim,Fashion,20635.0,True
P014505,Target Sticky Platforms,Toys,FREE,True
P002968,Tomato Laboriosam,Home,7098.56,True
P010622,Turquoise Reiciendis,Beauty,17783.6,True
P003732,Purple Cupiditate,Grocery,23695.25,True
P003312,SkyBlue Necessitatibus,Electronics,21651.42,True
P007722,MediumBlue Accusamus,Grocery,24597.49,True
P000407,HoneyDew Laudantium,Fashion,18700.32,True
P005237,Orchid Dolore,Books,7045.7,True
P003919,DarkOrange Sunt,Books,22132.83,True
P009062,OliveDrab Beatae,Home,13080.02,True
P014482,,Home,4142.98,True
P001835,Olive Laboriosam,Toys,2020.09,True
P008552,Integrate Integrated E-Tailers,Electronics,23058.69,True
P002585,Pink Eos,Electronics,159.66,True
P004147,DarkTurquoise Architecto,Electronics,22531.48,True
P013904,,Fashion,14182.02,True
P013685,,Electronics,21968.74,True
P004747,MediumOrchid Voluptatem,Books,3631.44,True
P003491,Silver Nisi,Beauty,4334.28,True
P000653,Red Dolorem,Sports,21051.19,True
P013835,Unleash Revolutionary Supply-Chains,,-416.24638860604676,True
P008601,LightSteelBlue Beatae,Fashion,208.31,True
P011288,OldLace Molestias,Home,4861.31,True
P012313,,Fashion,11806.7,True
P007352,Chocolate Similique,Fashion,17755.12,True
P011668,PowderBlue Quam,Sports,18653.39,True
P009769,BlanchedAlmond Est,Electronics,16250.5,True
P000103,Cultivate B2C Channels,Books,21028.47,True
P000359,Indigo Dolorum,Beauty,15111.11,True
P006974,Tomato Asperiores,Sports,4217.15,True
P006513,SteelBlue Exercitationem,Beauty,19860.42,True
P002425,Purple Corrupti,Fashion,18780.28,True
P006508,Gray Doloribus,Fashion,8444.34,True
P004622,LightCyan Consequuntur,Fashion,7150.29,True
P010372,HoneyDew Laboriosam,Fashion,292.8,True
P007036,LightBlue Dolorum,Home,23672.73,True
P009687,GreenYellow Eveniet,Grocery,24336.22,True
P000735,DarkSlateGray Eveniet,Fashion,8710.08,True
P007700,DarkOliveGreen Delectus,Home,7877.54,True
P005972,DarkKhaki Facere,Electronics,23142.27,True
P014549,Productize B2C E-Commerce,Sports,FREE,True
P010261,LawnGreen Deleniti,Beauty,669.14,True
P004356,Gray Vel,Home,8737.47,True
P001535,Gainsboro Perspiciatis,Home,1633.38,True
P014292,E-Enable Customized Methodologies,Electronics,-832.2201306978429,True
P011561,Seize Strategic Metrics,Beauty,6883.45,True
P004954,Indigo Ducimus,Books,9362.47,True
P002131,Tomato Alias,Grocery,11181.36,True
P001105,RoyalBlue Aut,Books,21000.87,True
P000209,LightBlue Quam,Grocery,20485.3,True
P007015,HotPink Nam,Toys,13420.55,True
P009056,SlateGray Eligendi,Sports,10885.71,True
P004086,PaleGoldenRod Eos,Sports,23346.9,True
P004007,BlueViolet Animi,Sports,12020.35,True
P011113,Tan Ipsa,Electronics,10371.85,True
P012149,,Grocery,16994.42,True
P009742,RoyalBlue Architecto,Electronics,6169.13,True
P001172,Bisque At,Grocery,13795.94,True
P007280,DarkBlue Ut,Fashion,16271.05,True
P012038,Orchestrate Viral E-Business,Beauty,-831.3186252076354,True
P003767,SkyBlue Nisi,Beauty,17713.03,True
P005911,DarkSlateGray Temporibus,Fashion,1752.76,True
P005428,Brown Beatae,Home,1565.86,True
P010833,White Repellat,Electronics,9814.88,True
P009180,Beige Itaque,Grocery,1024.86,True
P004853,DarkBlue Vel,Books,12384.01,True
P008671,GhostWhite Distinctio,Toys,11555.12,True
P001492,SteelBlue Perferendis,Fashion,304.01,True
P012703,Transition One-To-One Experiences,Grocery,-23.997522830171235,True
P008028,LightCyan Dolorum,Sports,3462.74,True
P004767,DeepPink Labore,Toys,3777.24,True
P006308,RoyalBlue Deserunt,Fashion,17472.06,True
P005082,DarkSalmon Occaecati,Home,13764.53,True
P003224,DarkViolet Dolorum,Home,10444.1,True
P003917,MintCream Aliquid,Home,7370.95,True
P008092,WhiteSmoke Eos,Electronics,22250.6,True
P009550,Salmon Ut,Electronics,21223.42,True
P002580,PaleGoldenRod Harum,Fashion,5332.21,True
P007009,Salmon Laborum,Fashion,23727.11,True
P003752,LightSkyBlue Ut,Electronics,5224.14,True
P011982,HoneyDew Cumque,Electronics,11082.14,True
P001822,Fuchsia Fugit,Beauty,9409.44,True
P006443,CornflowerBlue Ea,Books,23604.54,True
P008460,Brown Numquam,Fashion,20238.34,True
P007459,MediumSpringGreen Corrupti,Home,10878.91,True
P005523,Purple Itaque,Home,139.49,True
P005438,FireBrick Itaque,Toys,18751.76,True
P005509,LightYellow Pariatur,Sports,14158.15,True
P004947,DarkKhaki Eligendi,Home,8301.78,True
P005978,DodgerBlue Laborum,Fashion,24793.57,True
P005795,LightPink Aliquam,Sports,23870.7,True
P004004,Aquamarine Et,Toys,5501.87,True
P002936,DarkGoldenRod Voluptas,Electronics,17425.04,True
P005346,MediumPurple Laudantium,Toys,19482.14,True
P006676,Fuchsia Ipsam,Grocery,15549.26,True
P001514,DarkGoldenRod Cupiditate,Home,19145.57,True
P014129,Morph Web-Enabled Roi,Sports,FREE,True
P001245,MediumOrchid Assumenda,Fashion,10642.1,True
P007715,LightGreen Veniam,Home,24870.36,True
P004716,HotPink Cupiditate,Home,9056.12,True
P001919,DarkOliveGreen Pariatur,Toys,20598.12,True
P003239,DarkGray Corporis,Fashion,4771.13,True
P005497,MidnightBlue Veritatis,Sports,3953.11,True
P003622,Tomato Praesentium,Sports,18123.52,True
P006731,LightCoral Assumenda,Sports,7346.86,True
P000454,Fuchsia Recusandae,Electronics,17610.71,True
P011127,DarkGreen Atque,Books,12672.52,True
P014891,,Toys,2309.3,True
P006878,Fuchsia Modi,Fashion,20518.52,True
P002980,Integrate B2B Info-Mediaries,,8838.11,True
P008445,MistyRose Voluptas,Home,4244.59,True
P002091,Empower Interactive Niches,Beauty,20635.96,True
P007567,LimeGreen Sunt,Home,1729.46,True
P008781,Maroon Voluptas,Home,13403.04,True
P009582,Azure Soluta,Fashion,18358.86,True
P003714,Cornsilk Natus,Grocery,12572.62,True
P003512,DarkOrange Voluptatum,Electronics,3357.87,True
P000104,PaleVioletRed Repellat,Toys,18888.78,True
P010579,Tan Ea,Books,4694.91,True
P009194,Green Sunt,Home,14864.88,True
P010204,SeaShell Cumque,Books,20507.56,True
P014017,,Books,2413.29,True
P004930,FireBrick Cum,Toys,12411.39,True
P002151,MediumPurple Maxime,Toys,21435.33,True
P013112,Extend Bleeding-Edge Vortals,Fashion,FREE,True
P010880,Gainsboro Expedita,Beauty,24439.7,True
P012262,,Beauty,23174.32,True
P009898,LawnGreen Earum,Books,7312.57,True
P000063,LightGray Sequi,Electronics,24179.22,True
P014694,Transition Compelling Info-Mediaries,Toys,-111.560833356911,True
P000237,LightGreen Reprehenderit,Fashion,15393.47,True
P009106,DarkSeaGreen Officia,Books,21109.58,True
P004380,Lime Consequatur,Fashion,19439.63,True
P004059,RoyalBlue Ut,Books,18091.76,True
P009053,Silver Quis,Grocery,24179.21,True
P005526,Azure Sint,Grocery,14400.97,True
P012154,Enable Virtual Info-Mediaries,Home,-169.12799691983244,True
P003208,GoldenRod Facere,Beauty,9733.83,True
P005501,DimGray Natus,Fashion,24068.84,True
P003153,RosyBrown Maiores,Beauty,21674.82,True
P011638,Teal Distinctio,Beauty,11596.03,True
P009294,Orange Debitis,Grocery,8375.12,True
P011683,Black Praesentium,Grocery,20810.5,True
P014048,Implement Innovative Deliverables,Beauty,FREE,True
P014051,Mesh Revolutionary Convergence,Fashion,FREE,True
P010083,Gray Impedit,Toys,1897.13,True
P009784,Snow Culpa,Grocery,1354.5,True
P004167,DarkSlateBlue Quod,Beauty,8729.26,True
P013232,,Fashion,14728.19,True
P000181,FireBrick Deleniti,Books,15698.34,True
P003309,Navy Cum,Electronics,14389.8,True
P009357,PeachPuff Nostrum,Home,11043.75,True
P012854,Embrace Impactful Platforms,Grocery,-588.412482281346,True
P002102,DeepPink Qui,Books,13461.44,True
P005864,Beige Adipisci,Home,12676.79,True
P000584,Maroon Ratione,Beauty,9789.84,True
P010221,LightGray Maxime,Home,5068.3,True
P005316,LightSkyBlue Molestiae,Toys,1025.3,True
P005063,Unleash Cutting-Edge E-Commerce,Fashion,893.1,True
P012749,,Toys,9343.22,True
P004587,Red Explicabo,Sports,8603.2,True
P009861,Aqua Ut,Grocery,3874.4,True
P008705,SlateBlue Tenetur,Toys,18083.08,True
P011265,RoyalBlue Architecto,Beauty,24876.5,True
P007267,Pink Voluptas,Fashion,4427.89,True
P001547,DeepSkyBlue Adipisci,Home,3448.47,True
P008994,SpringGreen Fuga,Books,760.59,True
P004392,SaddleBrown Quaerat,Toys,8608.53,True
P006137,DarkViolet Praesentium,Sports,24718.23,True
P002972,Black Dolorum,Home,13668.3,True
P009289,PowderBlue Autem,Beauty,6644.8,True
P014869,Repurpose Magnetic Networks,,-731.9897221201772,True
P011541,BurlyWood Qui,Grocery,13524.41,True
P005765,DarkGray Deleniti,Electronics,3478.96,True
P005255,Wheat Error,Sports,16712.56,True
P008801,MediumOrchid Eius,Grocery,23897.64,True
P003553,HoneyDew Voluptates,Electronics,21008.58,True
P002258,BurlyWood Hic,Electronics,13535.54,True
P004229,Black Placeat,Electronics,725.86,True
P010448,LightGoldenRodYellow Voluptate,Sports,20707.98,True
P000923,YellowGreen Nobis,Home,13078.37,True
P003485,RosyBrown Illo,Toys,1817.78,True
P010484,Chartreuse Delectus,Sports,1324.64,True
P004225,SeaGreen Saepe,Grocery,9485.36,True
P008201,PaleGoldenRod Enim,Sports,15918.97,True
P011518,LightSlateGray Error,Home,11935.86,True
P002966,Blue Eos,Electronics,11825.51,True
P008909,PeachPuff Modi,Fashion,1200.77,True
P009271,Tomato Laudantium,Books,23131.2,True
P005338,LimeGreen Quidem,Electronics,15898.59,True
P007226,Seize Interactive Synergies,Fashion,8465.83,True
P009231,NavajoWhite Quidem,Fashion,24342.42,True
P001204,Exploit Bricks-And-Clicks Models,Fashion,23649.68,True
P001924,Pink Excepturi,Sports,430.72,True
P008120,Black Ut,Sports,18215.76,True
P009738,Aquamarine Nostrum,Toys,5682.43,True
P004894,RoyalBlue Eaque,Electronics,12202.28,True
P006346,SlateBlue Sit,Beauty,8582.55,True
P006221,CornflowerBlue Commodi,Grocery,1832.78,True
P007058,MediumOrchid Officia,Beauty,6853.26,True
P008417,Ivory Officiis,Books,11116.53,True
P004101,Aqua Ipsum,Grocery,24458.86,True
P001435,Crimson Maxime,Toys,19723.26,True
P013102,Disintermediate Collaborative Architectures,Electronics,FREE,True
P006064,DeepSkyBlue Dolorem,Electronics,6319.58,True
P004952,DarkOliveGreen Quis,Home,9706.77,True
P006417,DarkGreen Itaque,Grocery,20559.77,True
P009441,LightSkyBlue Perspiciatis,Fashion,2006.22,True
P005287,Moccasin Nesciunt,Grocery,8671.04,True
P007023,Gainsboro Odio,Home,13018.25,True
P000213,HoneyDew Ipsam,Electronics,2410.34,True
P013265,Extend Scalable Solutions,Grocery,-129.20331295410116,True
P008778,Black Sit,Grocery,19630.11,True
P001709,LightYellow Ea,Grocery,963.18,True
P000987,MediumSpringGreen Repellat,Electronics,7135.45,True
P004515,PaleGoldenRod Distinctio,Books,16540.8,True
P007964,Black Recusandae,Home,22148.1,True
P009855,Engineer Strategic Synergies,Fashion,24001.51,True
P007531,White Assumenda,Toys,16474.63,True
P014638,Repurpose Customized E-Business,Fashion,FREE,True
P003448,Gold Possimus,Electronics,17024.77,True
P007360,PaleGoldenRod Nobis,Sports,2646.51,True
P004875,PaleGoldenRod Aliquam,Electronics,8268.14,True
P005271,DarkSalmon Repellat,Grocery,1964.56,True
P003570,LimeGreen Fugit,Beauty,9737.18,True
P003926,Benchmark Value-Added Interfaces,Home,12633.61,True
P002728,CadetBlue Necessitatibus,Fashion,11930.85,True
P009220,MistyRose Aliquam,Beauty,24510.78,True
P005478,SeaShell Ipsam,Sports,15155.34,True
P004683,LightYellow Impedit,Sports,14056.9,True
P000196,LightCoral Nostrum,Home,24636.47,True
P003010,MediumPurple Repellat,Books,22453.66,True
P005951,LimeGreen Dolorem,Books,4071.7,True
P001044,DimGray Laudantium,Toys,21438.86,True
P001229,DodgerBlue Ullam,Sports,4836.22,True
P008575,DeepPink Saepe,Fashion,10746.34,True
P011141,Indigo Blanditiis,Electronics,5362.94,True
P010888,Maroon Voluptates,Beauty,12595.05,True
P004793,PaleGreen Odit,Fashion,19110.16,True
P002436,LightPink Eos,Home,24702.16,True
P005022,DodgerBlue Ducimus,Home,12537.22,True
P005568,LimeGreen Iusto,Beauty,9830.28,True
P010916,Cornsilk Dolorum,Books,467.63,True
P009315,Lime Voluptas,Fashion,3885.59,True
P009308,DarkTurquoise Illo,Home,20006.04,True
P010436,DarkOrange Deleniti,Sports,18437.14,True
P010608,Fuchsia Facilis,Beauty,9527.66,True
P004058,Salmon Eveniet,Fashion,17322.09,True
P002850,Brown Excepturi,Sports,71.47,True
P004298,White Delectus,Home,16292.48,True
P002249,SpringGreen Totam,Grocery,24442.57,True
P004286,SteelBlue Vero,Home,13818.51,True
P007252,DarkMagenta Quasi,Toys,6782.72,True
P009837,LightGray Voluptatum,Books,23869.82,True
P013647,,Home,7934.29,True
P008661,DeepSkyBlue Vel,Beauty,16715.56,True
P006026,DarkTurquoise Aspernatur,Sports,23633.12,True
P008791,AliceBlue Rerum,Home,850.49,True
P011494,CornflowerBlue Quibusdam,Toys,22186.33,True
P014444,Disintermediate Ubiquitous Portals,Beauty,FREE,True
P014420,Productize Visionary Experiences,,-898.4540293045005,True
P011110,Redefine Bleeding-Edge Markets,Books,19114.26,True
P002447,Peru Repellat,Grocery,21105.59,True
P001516,Blue Maiores,Fashion,3682.32,True
P007566,Engineer Cross-Media E-Markets,Sports,22874.99,True
P005241,Azure Officiis,Sports,17287.81,True
P009368,LightPink Nostrum,Home,22254.58,True
P005720,Azure Sed,Sports,17695.34,True
P004538,White Ducimus,Electronics,9387.22,True
P008331,DarkCyan Suscipit,Sports,11147.6,True
P001819,LightSalmon Nobis,Grocery,14014.75,True
P004397,WhiteSmoke Excepturi,Electronics,6550.77,True
P013170,,Sports,17654.06,True
P004781,DodgerBlue Necessitatibus,Home,15446.68,True
P006883,Orchid Laboriosam,Fashion,21583.74,True
P001475,Cornsilk Iste,Beauty,12211.28,True
P002219,Brown Quas,Beauty,22823.49,True
P003056,MediumPurple Culpa,Sports,21457.41,True
P003142,FireBrick Aperiam,Fashion,12894.49,True
P008998,MediumTurquoise Harum,Home,22569.21,True
P001440,MidnightBlue Corporis,Toys,20599.94,True
P001015,PaleGoldenRod Sint,Beauty,6641.3,True
P003291,BlueViolet Eaque,Electronics,902.72,True
P002601,Brown Aspernatur,Home,9769.53,True
P002414,MediumSeaGreen Architecto,Toys,14204.37,True
P000489,OldLace Eveniet,Grocery,13334.16,True
P008962,Orange Magni,Beauty,12500.21,True
P006252,SkyBlue Deserunt,Beauty,12118.93,True
P011070,MidnightBlue Saepe,Grocery,8342.91,True
P011171,Magenta Harum,Fashion,12354.42,True
P008599,DarkOrchid Quod,Sports,15200.68,True
P002924,PaleVioletRed Corrupti,Electronics,13084.19,True
P011155,Magenta Doloremque,Sports,14725.39,True
P001083,Orange Facere,Electronics,7961.21,True
P014315,,Sports,23124.79,True
P011019,PapayaWhip Veritatis,Beauty,18862.13,True
P013688,Monetize Customized Users,Fashion,FREE,True
P005815,Silver Incidunt,Electronics,21661.69,True
P012984,Synergize Turn-Key Experiences,Books,FREE,True
P002603,LightYellow Totam,Grocery,3873.71,True
P008708,Chartreuse Recusandae,Books,14389.86,True
P005362,PeachPuff Dolores,Electronics,800.54,True
P013487,Iterate User-Centric Web Services,Beauty,-299.1295494377939,True
P007139,RosyBrown Numquam,Toys,24589.79,True
P004218,Ivory Non,Home,1933.01,True
P008399,DarkGoldenRod Corrupti,Electronics,13684.51,True
P011234,Snow Odit,Home,7185.04,True
P007410,LightCyan Adipisci,Home,5852.99,True
P012886,Facilitate Synergistic Supply-Chains,Home,FREE,True
P014276,Utilize Out-Of-The-Box Markets,Toys,FREE,True
P012577,Monetize Vertical Eyeballs,Electronics,-763.6817605970111,True
P014453,Re-Intermediate Vertical Functionalities,Home,FREE,True
P003749,LightSteelBlue Pariatur,Home,3952.83,True
P001600,Morph Bleeding-Edge Partnerships,Toys,2756.24,True
P004282,SaddleBrown Commodi,Electronics,5699.11,True
P009423,Cornsilk Cum,Sports,1935.23,True
P000553,Brown Quibusdam,Grocery,1003.41,True
P004922,MediumSpringGreen A,Electronics,24703.59,True
P005184,DarkTurquoise Ex,Sports,9569.61,True
P008542,FloralWhite Quisquam,Books,17733.04,True
P008499,LightCyan Aliquam,Toys,7114.15,True
P009679,SlateBlue Labore,Grocery,17243.56,True
P003652,LightYellow Mollitia,Sports,18671.15,True
P009800,MediumPurple Laudantium,Electronics,3319.48,True
P007706,Turquoise Accusantium,Fashion,21465.7,True
P011978,SkyBlue Autem,Electronics,19349.26,True
P000258,DarkMagenta Porro,Grocery,21828.47,True
P004908,Silver Nesciunt,Beauty,2832.93,True
P004150,LemonChiffon Optio,Electronics,20451.2,True
P010713,Wheat Nostrum,Toys,19148.2,True
P003976,Tomato Distinctio,Sports,10201.84,True
P011180,DarkGoldenRod Minima,Sports,19507.35,True
P014032,,Beauty,21364.22,True
P007901,DeepSkyBlue Iure,Books,8827.79,True
P003134,Tan Recusandae,Electronics,7280.25,True
P007209,LavenderBlush Ut,Toys,23837.49,True
P007718,Gray Provident,Sports,3779.64,True
P005106,Pink Quibusdam,Beauty,17452.63,True
P003616,DarkRed Ut,Toys,2124.67,True
P009035,Olive Nesciunt,Sports,9098.44,True
P002178,DarkSlateBlue Facilis,Toys,23276.36,True
P005965,Indigo Voluptatum,Books,17182.81,True
P012008,Synergize Visionary Synergies,Electronics,-582.6678569544155,True
P003386,Red Hic,Sports,24926.98,True
P004501,Fuchsia Fuga,Toys,8513.75,True
P014648,,Beauty,22079.09,True
P013332,Syndicate Viral Web Services,Home,FREE,True
P013782,,Home,15018.78,True
P007899,MediumSlateBlue Libero,Grocery,2187.62,True
P003409,Maroon Eum,Electronics,21876.57,True
P011059,OldLace Vitae,Electronics,8559.11,True
P004508,White Cupiditate,Books,6346.35,True
P007157,RoyalBlue Harum,Toys,4257.31,True
P011768,FireBrick Nesciunt,Beauty,9837.38,True
P012569,Orchestrate Distributed E-Commerce,Beauty,FREE,True
P001803,Bisque Quisquam,Beauty,10577.42,True
P011577,Re-Contextualize Integrated Synergies,Books,10442.75,True
P004114,LightYellow Molestias,Beauty,1337.04,True
P011612,Gold Quae,Sports,15465.4,True
P013180,,Beauty,9380.97,True
P012233,,Books,7457.91,True
P000308,Brown Sint,Electronics,24290.13,True
P005776,Olive Ea,Fashion,2742.66,True
P003107,Utilize Scalable Initiatives,Toys,24180.78,True
P009447,Pink Facilis,Sports,14209.17,True
P007017,SlateGray Excepturi,Books,21376.21,True
P002094,Chocolate Ipsum,Books,5561.25,True
P003653,Chartreuse Dignissimos,Sports,5148.79,True
P004171,Violet Iure,Beauty,7829.84,True
P003412,LimeGreen Cumque,Home,14734.53,True
P000206,LightBlue Quisquam,Sports,18839.52,True
P011916,Mesh Impactful Supply-Chains,Toys,7926.87,True
P010725,PaleGreen Dolorum,Home,7912.57,True
P003449,AntiqueWhite Officiis,Fashion,18278.4,True
P005462,LightSeaGreen Sit,Fashion,3907.7,True
P002804,DarkBlue Maiores,Sports,6830.12,True
P010892,NavajoWhite Aspernatur,Books,17346.75,True
P003059,DarkSlateBlue Ipsam,Grocery,23246.52,True
P008287,Harness Dot-Com Solutions,Fashion,23147.82,True
P000990,Silver Placeat,Fashion,17723.21,True
P004876,Fuchsia Quibusdam,Electronics,15230.28,True
P001323,SteelBlue Suscipit,Toys,18413.35,True
P001553,DarkGoldenRod Aliquid,Books,250.15,True
P011047,LightSteelBlue Aliquam,Grocery,16933.69,True
P011313,SlateGray Eveniet,Home,15994.11,True
P010331,Pink Quisquam,Sports,4956.37,True
P011603,Azure Dolore,Books,8599.08,True
P005428,Re-Contextualize Global Solutions,Electronics,4223.39,True
P003957,OrangeRed Officiis,Grocery,5038.0,True
P010890,RosyBrown Ea,Electronics,4361.43,True
P012296,E-Enable 24/365 Channels,Beauty,-286.868599575272,True
P008100,AliceBlue Odio,Grocery,9221.11,True
P004641,FireBrick Quis,Home,2038.64,True
P007516,IndianRed Magni,Beauty,6121.76,True
P012309,,Electronics,3366.67,True
P010362,LightGreen Fugit,Home,18947.01,True
P002538,MistyRose Magni,Books,15252.86,True
P006341,LightSeaGreen Fugiat,Grocery,260.86,True
P005744,MediumTurquoise Aut,Electronics,6907.71,True
P010625,RoyalBlue Numquam,Books,12297.74,True
P010361,Utilize Best-Of-Breed Networks,Books,21830.56,True
P008850,LightGreen Dolore,Grocery,11435.26,True
P008320,Plum Temporibus,Home,20729.47,True
P012851,,Fashion,16810.81,True
P010695,Snow Nostrum,Electronics,4816.18,True
P008108,DarkOrange Tempore,Toys,22561.83,True
P005819,DarkGray Sequi,Beauty,12402.98,True
P014214,,Toys,5320.5,True
P011083,DarkOliveGreen Et,Electronics,8862.41,True
P004063,Enhance Bleeding-Edge Channels,Home,1101.69,True
P006463,MediumTurquoise Dolorum,Grocery,10308.04,True
P002858,OliveDrab Molestiae,Sports,10584.59,True
P005539,Wheat Nulla,Beauty,2230.26,True
P004771,Salmon Reprehenderit,Toys,13830.67,True
P008024,DarkViolet Ab,Books,3066.39,True
P007985,SpringGreen Temporibus,Grocery,15396.16,True
P007008,CornflowerBlue Ullam,Home,5987.03,True
P008042,Chocolate Earum,Home,13498.34,True
P013228,,Fashion,7058.74,True
P005446,RoyalBlue Minus,Grocery,9998.37,True
P000318,MediumOrchid Repellat,Home,2634.03,True
P003658,Azure Exercitationem,Sports,12405.03,True
P006604,DarkOliveGreen Distinctio,Books,7291.89,True
P007484,MediumVioletRed Atque,Toys,24672.76,True
P000957,Salmon At,Books,2114.54,True
P007973,Cornsilk Quibusdam,Fashion,20020.9,True
P002930,Enable Killer Initiatives,Books,15688.27,True
P005737,DarkGray Blanditiis,Fashion,14790.23,True
P001263,SeaShell Velit,Home,263.34,True
P003112,LightGray Delectus,Fashion,22617.23,True
P007748,Violet Porro,Electronics,10250.33,True
P008673,Violet Eum,Toys,267.03,True
P002952,Pink Tempore,Home,15564.04,True
P003156,CornflowerBlue Atque,Toys,8449.76,True
P005709,MediumSeaGreen Eum,Books,7043.34,True
P009701,SaddleBrown Rerum,Electronics,24485.8,True
P014588,Grow Integrated E-Commerce,Electronics,-564.0716713805272,True
P014386,Engineer Interactive Technologies,Electronics,-38.80826383812261,True
P007133,DarkBlue Pariatur,Beauty,17562.05,True
P001925,Turquoise Iste,Fashion,15496.05,True
P014915,Streamline Distributed Mindshare,Toys,FREE,True
P010737,OliveDrab Ea,Fashion,20920.07,True
P010007,DarkViolet Recusandae,Electronics,12008.04,True
P009237,FloralWhite Beatae,Beauty,20871.57,True
P006718,LightSalmon Debitis,Home,2428.21,True
P012075,Generate Extensible Initiatives,Grocery,FREE,True
P010843,DarkRed Consequatur,Sports,9680.95,True
P005159,ForestGreen Quisquam,Beauty,5425.48,True
P001090,Lime Totam,Fashion,3225.82,True
P013823,,Beauty,17226.41,True
P007979,HoneyDew Error,Beauty,3898.6,True
P009530,MediumBlue Placeat,Fashion,23029.95,True
P007136,IndianRed Provident,Sports,24714.68,True
P003184,Seize User-Centric Markets,Grocery,18152.45,True
P004980,Peru Corrupti,Fashion,9364.79,True
P002721,LightBlue Atque,Electronics,18330.19,True
P007212,OliveDrab Mollitia,Beauty,7408.66,True
P009975,Snow Iste,Fashion,13731.43,True
P010220,Cyan Repellendus,Books,14932.88,True
P009301,LightSeaGreen Dignissimos,Home,16035.92,True
P008087,Innovate Holistic Functionalities,,2149.29,True
P007607,DarkRed Ipsum,Books,17091.2,True
P003100,Tan Quod,Beauty,4317.92,True
P010047,MediumSpringGreen Eos,Beauty,1165.78,True
P006279,LightYellow Non,Fashion,10977.54,True
P010027,Aquamarine Neque,Books,23678.42,True
P000306,DarkTurquoise Sit,Home,17632.9,True
P008422,Gold Inventore,Grocery,1646.33,True
P014660,,Books,15091.53,True
P003325,MediumBlue Omnis,Sports,22467.01,True
P007578,DeepPink Dicta,Home,6359.05,True
P011940,WhiteSmoke Illum,Beauty,9325.86,True
P010113,BlanchedAlmond Fugiat,Grocery,13495.6,True
P001047,LightCoral Asperiores,Toys,5013.18,True
P010798,LightSteelBlue Aperiam,Beauty,344.68,True
P012723,,Books,69.06,True
P006199,DarkKhaki Ad,Fashion,19408.53,True
P002098,MistyRose Qui,Sports,7643.0,True
P002898,DarkKhaki Amet,Toys,15051.45,True
P014381,Extend Robust Schemas,Grocery,FREE,True
P003377,LightSeaGreen Quibusdam,Fashion,20292.27,True
P002260,Thistle Atque,Home,19909.02,True
P003290,LightSeaGreen Exercitationem,Books,11041.39,True
P005963,PaleVioletRed Distinctio,Grocery,23597.73,True
P008089,SkyBlue Eaque,Books,19087.98,True
P014300,Monetize Sticky Roi,Fashion,FREE,True
P006412,MediumTurquoise Omnis,Toys,8789.14,True
P004567,HotPink Placeat,Electronics,20121.56,True
P001712,AliceBlue Natus,Sports,18019.69,True
P013621,,Home,901.15,True
P000114,Gainsboro Nam,Electronics,6738.49,True
P011009,SteelBlue Aut,Beauty,1682.19,True
P007659,FireBrick Eaque,Toys,1325.54,True
P013635,,Electronics,9392.66,True
P004935,Ivory Libero,Sports,15900.6,True
P005212,DeepSkyBlue Corporis,Grocery,13471.65,True
P014468,Syndicate Transparent Systems,Books,-180.63143931626334,True
P006746,Deliver B2C Relationships,Beauty,7911.98,True
P011499,LightSteelBlue Explicabo,Toys,19845.46,True
P012832,Grow One-To-One Vortals,Fashion,-172.4813807207258,True
P006545,Magenta Ipsa,Books,5926.09,True
P009492,DeepSkyBlue Nihil,Beauty,24321.47,True
P003887,Seize Revolutionary Paradigms,,17704.52,True
P014126,,Grocery,22642.62,True
P004003,Beige Labore,Grocery,10014.23,True
P013379,Whiteboard Transparent Communities,Sports,-743.4617861606191,True
P010872,Cornsilk Deleniti,Grocery,4492.33,True
P013432,Aggregate Killer Roi,Beauty,FREE,True
P001023,Azure Minus,Grocery,5270.15,True
P000071,LawnGreen Ad,Grocery,13492.73,True
P007138,DarkCyan Laboriosam,Electronics,18018.18,True
P009770,Chartreuse Ad,Sports,22741.86,True
P001702,LightSeaGreen Odit,Books,1565.63,True
P012121,,Electronics,12644.26,True
P009752,MediumAquaMarine Sit,Electronics,4691.8,True
P008617,Cornsilk At,Sports,18424.52,True
P004338,Brand Proactive Schemas,Home,20491.26,True
P007783,HotPink Cupiditate,Electronics,13353.23,True
P013958,Revolutionize Killer Models,Toys,-112.26144608874203,True
P008177,OldLace Saepe,Beauty,23338.4,True
P008229,LightSalmon Ducimus,Books,9130.12,True
P011218,DarkBlue Alias,Beauty,10582.98,True
P008198,RoyalBlue Ducimus,Home,18838.19,True
P005216,DarkGreen Minima,Books,22842.73,True
P008299,SkyBlue Sint,Beauty,7080.27,True
P006105,LightSalmon Magni,Beauty,9142.09,True
P010229,Plum Iure,Toys,23101.27,True
P005455,LightGray Provident,Sports,17491.0,True
P000828,LightCoral Nobis,Home,13710.67,True
P014610,,Books,2467.37,True
P005059,Fuchsia Consequatur,Fashion,18387.72,True
P008630,DodgerBlue Iusto,Home,19700.9,True
P003574,Brown Corporis,Sports,8206.81,True
P010303,DeepPink Blanditiis,Beauty,23590.46,True
P009115,LightSlateGray Ducimus,Fashion,2092.06,True
P001592,FireBrick Explicabo,Fashion,7938.05,True
P000481,MediumSeaGreen Quod,Electronics,1584.94,True
P007605,LightCyan Tempore,Fashion,18102.05,True
P001785,PaleVioletRed Corporis,Sports,17532.52,True
P005519,OldLace Nisi,Fashion,16148.08,True
P006644,LightCoral Corrupti,Books,16417.99,True
P001169,RoyalBlue Cum,Grocery,23705.57,True
P004074,SlateGray Omnis,Electronics,22824.03,True
P005596,DarkTurquoise Expedita,Books,15064.76,True
P014088,Syndicate Collaborative Convergence,Home,FREE,True
P013025,,Electronics,2751.39,True
P006595,Azure Deserunt,Sports,8446.47,True
P011362,MediumSeaGreen Vel,Fashion,12709.06,True
P000956,Moccasin Delectus,Grocery,14947.51,True
P000691,DeepPink Quisquam,Electronics,10074.35,True
P004801,NavajoWhite Sit,Books,20894.17,True
P007701,LightSalmon Vitae,Electronics,12479.39,True
P007740,LightSlateGray Reiciendis,Fashion,19323.75,True
P014536,Enable Next-Generation Paradigms,Sports,-608.2404076999009,True
P011491,FloralWhite Officia,Fashion,11547.18,True
P004459,LightCoral Quidem,Sports,19453.38,True
P003214,GhostWhite Veniam,Home,5530.24,True
P002097,Azure Exercitationem,Toys,125.87,True
P008504,Syndicate Frictionless Networks,Books,15233.42,True
P013444,Integrate Intuitive Architectures,Fashion,FREE,True
P004464,OldLace Itaque,Books,23416.89,True
P009745,MediumSlateBlue Recusandae,Sports,21909.1,True
P000362,Snow Unde,Grocery,4256.45,True
P011718,HoneyDew Numquam,Beauty,16784.84,True
P004763,LightSlateGray Debitis,Home,12194.1,True
P009086,Pink Commodi,Sports,10894.94,True
P008487,Silver Sunt,Beauty,24209.79,True
P012376,,Fashion,14839.51,True
P004838,Gainsboro Porro,Books,14195.85,True
P005027,Black Aliquid,Books,8725.87,True
P011587,DarkSlateBlue Tenetur,Beauty,9242.24,True
P006037,Re-Contextualize Virtual Networks,Beauty,22789.39,True
P005145,Brand User-Centric Mindshare,Toys,18217.63,True
P000916,Re-Contextualize Turn-Key Supply-Chains,Fashion,14106.58,True
P008176,SpringGreen Doloremque,Sports,12286.73,True
P007384,Gainsboro Eligendi,Sports,5995.19,True
P002916,DarkGoldenRod Pariatur,Fashion,11584.08,True
P007983,OliveDrab Cumque,Electronics,18553.96,True
P004034,SpringGreen Minima,Electronics,23778.0,True
P005728,SandyBrown Beatae,Home,20930.71,True
P003055,CornflowerBlue Quis,Home,4978.73,True
P003995,LightSeaGreen Recusandae,Home,23387.25,True
P000767,White Natus,Fashion,22468.58,True
P008549,LightSeaGreen Tempora,Sports,3759.93,True
P007195,Tomato Beatae,Home,6703.0,True
P011969,LavenderBlush Hic,Grocery,16369.45,True
P003618,Sienna Aliquid,Toys,24682.45,True
P003277,Indigo Illo,Electronics,22562.37,True
P003990,NavajoWhite Culpa,Electronics,19096.88,True
P000317,DarkSalmon Exercitationem,Grocery,24230.29,True
P014994,Brand Bleeding-Edge Solutions,Home,-701.8876176560134,True
P008690,Red Quia,Electronics,16411.25,True
P000821,PapayaWhip Quod,Home,19914.14,True
P004970,Navy At,Home,1304.51,True
P009580,PaleTurquoise Quidem,Sports,12342.59,True
P003543,MintCream Architecto,Grocery,18689.94,True
P006507,DarkOliveGreen Vel,Home,280.11,True
P008559,Red Repudiandae,Grocery,6431.99,True
P012461,Enable Customized E-Services,,-697.2116663642989,True
P008573,MediumTurquoise Nam,Toys,10201.8,True
P009771,LightSeaGreen Commodi,Beauty,19462.15,True
P006016,DarkRed In,Sports,215.0,True
P003579,Gainsboro Eligendi,Books,7740.28,True
P009937,DarkCyan Neque,Books,3973.11,True
P002616,OrangeRed Iure,Sports,12586.29,True
P006133,Khaki Atque,Electronics,4830.47,True
P003534,Peru Repellat,Grocery,21805.94,True
P002719,HotPink Saepe,Sports,1054.14,True
P011994,Khaki Molestiae,Electronics,20107.13,True
P013171,Engineer Sticky Bandwidth,Electronics,-498.8192785067002,True
P003601,LightGoldenRodYellow Incidunt,Fashion,23705.58,True
P008828,Empower Global Paradigms,Books,21557.65,True
P009663,DarkBlue Fugit,Sports,22052.64,True
P007599,LightGreen Pariatur,Home,21829.73,True
P007049,Fuchsia Harum,Toys,14143.32,True
P005718,WhiteSmoke Eius,Sports,16260.49,True
P006269,OliveDrab Veniam,Electronics,24813.52,True
P005875,DarkGoldenRod Repellendus,Toys,15233.36,True
P006312,FloralWhite Cum,Home,10794.3,True
P005928,Silver Quas,Toys,23888.6,True
P013655,Monetize Interactive E-Tailers,Electronics,-539.1887097613363,True
P008084,DarkCyan Doloremque,Books,1103.67,True
P000731,PowderBlue Porro,Fashion,1759.26,True
P007264,Blue Cupiditate,Grocery,7322.47,True
P010902,MediumTurquoise Vel,Books,5758.4,True
P012180,Enhance User-Centric Channels,Grocery,FREE,True
P009954,Lavender Sit,Beauty,1927.57,True
P010639,OliveDrab Error,Grocery,17900.61,True
P005150,LightSeaGreen Dignissimos,Home,24194.97,True
P011346,Tan Suscipit,Electronics,4148.37,True
P013002,Mesh Intuitive E-Business,Fashion,-788.0995945902374,True
P002782,LightSkyBlue Aliquam,Toys,11172.79,True
P005437,BurlyWood Quaerat,Books,3999.05,True
P001524,DeepSkyBlue Deleniti,Toys,6724.28,True
P001637,DarkGoldenRod Aut,Home,8645.67,True
P009527,YellowGreen Eaque,Electronics,8869.03,True
P010589,Orchid Voluptatibus,Beauty,12805.54,True
P002411,CornflowerBlue Vero,Toys,11135.44,True
P014305,Productize Mission-Critical Infrastructures,Home,-467.11482489778604,True
P007788,LightGreen Corporis,Grocery,6530.61,True
P014922,Unleash Granular Web-Readiness,Books,FREE,True
P009522,LightSteelBlue Nemo,Home,4355.64,True
P004463,MediumSeaGreen Delectus,Grocery,17407.1,True
P008079,SeaShell Nemo,Sports,683.7,True
P005418,OldLace Mollitia,Beauty,4926.86,True
P011391,Linen Non,Home,447.18,True
P000161,Grow Wireless Synergies,Electronics,1340.77,True
P008188,HotPink Voluptas,Fashion,20685.03,True
P000901,LightGoldenRodYellow Iure,Sports,15347.78,True
P013337,,Beauty,20804.19,True
P010644,Chartreuse Maiores,Home,10776.25,True
P009278,Teal Architecto,Home,2974.14,True
P011388,AliceBlue Ipsa,Beauty,10022.8,True
P009070,Fuchsia Repellendus,Books,10041.12,True
P014298,Re-Contextualize Turn-Key Architectures,,FREE,True
P001271,Purple Provident,Home,3397.36,True
P002165,PaleGreen Impedit,Sports,15188.57,True
P006081,AntiqueWhite Eius,Beauty,19713.43,True
P010528,SpringGreen Beatae,Sports,15967.13,True
P010666,MistyRose Itaque,Books,18885.64,True
P004184,DarkKhaki Consequuntur,Electronics,3909.62,True
P011849,MediumVioletRed Tenetur,Grocery,18627.57,True
P001313,Orange Autem,Fashion,24216.14,True
P014546,,,21992.95,True
P003602,MediumOrchid Voluptas,Beauty,24649.56,True
P006468,Aquamarine Dolorem,Beauty,24972.94,True
P003952,PaleGreen Corporis,Fashion,5288.88,True
P007806,LightCoral Voluptatum,Beauty,257.49,True
P004154,Tomato Vel,Fashion,12523.12,True
P009926,Target End-To-End Convergence,Electronics,12726.3,True
P001109,DarkGoldenRod Odit,Home,11327.1,True
P011301,Sienna Deserunt,Sports,19009.38,True
P009212,Magenta Et,Books,24411.83,True
P011266,DeepSkyBlue Non,Fashion,15124.4,True
P004928,Yellow Quisquam,Toys,18569.46,True
P002619,LightBlue Ea,Home,283.86,True
P010747,Tomato Explicabo,Electronics,23768.89,True
P004117,Peru At,Home,19513.69,True
P005562,OrangeRed Quidem,Electronics,14117.14,True
P007503,Lavender Ipsa,Home,19040.32,True
P000814,Chocolate At,Electronics,1456.86,True
P008125,Indigo Velit,Fashion,16427.54,True
P006978,LightSeaGreen Nobis,Sports,709.88,True
P010803,DarkOrchid Quaerat,Electronics,7668.1,True
P005281,Salmon Nemo,Sports,19248.39,True
P003051,Turquoise Assumenda,Sports,20212.91,True
P004562,LightGray Iste,Home,18639.25,True
P000678,Aqua Temporibus,Fashion,16347.75,True
P006868,ForestGreen Quae,Toys,14627.54,True
P008775,PaleVioletRed Aut,Electronics,24901.24,True
P011838,CadetBlue Maxime,Home,23696.96,True
P002799,Red Explicabo,Books,5957.6,True
P009570,GoldenRod Ratione,Electronics,9530.83,True
P002153,Coral Recusandae,Books,5513.31,True
P007026,Purple Commodi,Beauty,12329.11,True
P000925,MediumSlateBlue Porro,Grocery,13033.59,True
P009879,HotPink Voluptas,Home,7982.77,True
P003795,Crimson Magnam,Beauty,20191.97,True
P002087,Blue Quos,Home,12451.78,True
P011455,Facilitate Rich Users,Beauty,15629.85,True
P001025,SpringGreen Deserunt,Books,1057.37,True
P002681,LightGreen Aut,Fashion,1775.46,True
P005128,CornflowerBlue Cum,Grocery,21223.09,True
P007959,LightCoral Sapiente,Beauty,22156.39,True
P006617,Morph Collaborative Mindshare,,18099.15,True
P001467,Moccasin Harum,Electronics,875.26,True
P004599,Incentivize Synergistic Models,Electronics,19980.75,True
P000134,DarkBlue Ratione,Books,19657.15,True
P008131,SkyBlue Veniam,Beauty,16272.08,True
P001598,Silver In,Fashion,17712.21,True
P004524,LightBlue Quidem,Toys,22265.29,True
P004759,Aqua Neque,Books,13285.1,True
P000496,Incubate Open-Source Content,Beauty,4504.4,True
P000790,Cornsilk Mollitia,Toys,11388.05,True
P008248,Khaki Veniam,Books,8213.13,True
P011454,PapayaWhip Voluptatem,Beauty,9514.62,True
P005036,MintCream Veniam,Sports,19434.8,True
P009117,LightSlateGray Illo,Books,22006.18,True
P009338,Deploy Viral Partnerships,Grocery,14637.84,True
P004957,Black Tenetur,Toys,917.16,True
P007709,PaleVioletRed Nobis,Sports,16586.17,True
P000891,YellowGreen Alias,Sports,24213.51,True
P001268,Brown Ab,Fashion,814.4,True
P004123,DarkSeaGreen Quasi,Fashion,17799.59,True
P006557,Sienna Aliquam,Fashion,4343.99,True
P001352,Engage Holistic Paradigms,Electronics,7292.66,True
P009265,SlateGray Dignissimos,Books,7052.94,True
P001698,SteelBlue Fuga,Books,2169.63,True
P009034,MediumVioletRed Eos,Fashion,3378.77,True
P001817,MediumSeaGreen Illo,Electronics,11172.97,True
P006738,RosyBrown Exercitationem,Beauty,11548.23,True
P003737,HoneyDew Officia,Toys,20525.22,True
P008744,LightGreen Corrupti,Grocery,2225.14,True
P001292,MediumOrchid Amet,Grocery,3208.04,True
P007971,LightGreen Ab,Sports,12966.74,True
P004103,Pink Animi,Toys,5552.47,True
P007697,DarkSlateGray Maxime,Beauty,10990.34,True
P008380,LightBlue Quaerat,Electronics,12844.52,True
P005583,DarkMagenta Occaecati,Home,56.56,True
P012714,Grow Robust Partnerships,Sports,-719.6774999103421,True
P014274,,Fashion,133.58,True
P012221,Disintermediate Wireless Markets,Toys,FREE,True
P004735,Evolve Turn-Key Roi,Electronics,2175.9,True
P004002,PaleGreen Totam,Beauty,20108.01,True
P004592,SandyBrown Quod,Books,3785.64,True
P006049,DarkViolet Qui,Fashion,15408.67,True
P007040,LightGreen Inventore,Fashion,13483.81,True
P005633,Empower Bricks-And-Clicks E-Commerce,Beauty,7636.58,True
P010983,MediumSpringGreen Veritatis,Electronics,4318.67,True
P002492,MediumPurple Similique,Toys,2494.15,True
P014726,,Beauty,15391.35,True
P004559,Navy Placeat,Toys,17375.8,True
P011338,LimeGreen Totam,Toys,2484.62,True
P005701,LightSkyBlue Animi,Electronics,18515.89,True
P009616,Mesh Global Initiatives,Toys,13037.73,True
P008672,Orange Quos,Grocery,4309.17,True
P007425,DarkMagenta Occaecati,Beauty,24916.43,True
P005218,Empower Collaborative Deliverables,Grocery,18194.57,True
P008446,DarkSalmon Dolore,Fashion,6491.65,True
P000784,DarkRed Mollitia,Beauty,15806.16,True
P003285,LightGreen Sunt,Books,4418.14,True
P013992,Cultivate Real-Time Content,Electronics,-580.3270157999444,True
P006071,Azure Modi,Electronics,20233.67,True
P009517,RosyBrown Hic,Beauty,12804.47,True
P011316,LightSlateGray Iure,Beauty,4641.27,True
P010306,Gold Dolorum,Beauty,13999.04,True
P004815,PaleGoldenRod Maiores,Beauty,15729.65,True
P011664,DarkOrange Pariatur,Toys,375.53,True
P010504,Thistle Harum,Books,3061.29,True
P004180,PaleVioletRed Dolorum,Beauty,13760.34,True
P012021,Enhance Sticky Mindshare,Home,-971.192685943822,True
P013408,Utilize B2B Deliverables,Fashion,-452.1569625353773,True
P011081,AliceBlue Asperiores,Home,14191.45,True
P009779,LightYellow Veritatis,Electronics,19603.11,True
P001752,Azure Dolorum,Fashion,1715.88,True
P002459,DarkOrchid Tenetur,Grocery,4075.03,True
P006986,LightCoral Itaque,Electronics,3825.43,True
P013212,,Sports,129.41,True
P001017,OliveDrab Adipisci,Beauty,21373.88,True
P012707,Re-Intermediate Next-Generation Paradigms,Fashion,-517.6993246291854,True
P012944,Seize Innovative Partnerships,Sports,-812.8615657981755,True
P010307,DeepPink Cum,Books,21772.68,True
P002876,OldLace Molestiae,Beauty,20290.62,True
P005707,SlateGray Tempore,Beauty,22506.12,True
P006061,LightGray Recusandae,Grocery,11316.72,True
P000479,DarkKhaki Occaecati,Electronics,5679.61,True
P004232,Bisque Culpa,Beauty,13478.06,True
P008981,RosyBrown A,Fashion,2776.31,True
P011332,RoyalBlue Quibusdam,Fashion,10940.51,True
P003711,SeaShell Non,Home,18714.11,True
P006559,DarkBlue Minus,Beauty,20174.51,True
P011905,LightSlateGray Quisquam,Grocery,1078.62,True
P003656,Maroon Voluptatibus,Electronics,15835.84,True
P010884,LightGreen Quam,Grocery,10957.35,True
P012531,,Toys,21926.65,True
P007988,SandyBrown Fugit,Home,17203.14,True
P006640,DodgerBlue Voluptate,Fashion,3575.92,True
P003404,DarkKhaki Cupiditate,Beauty,9723.64,True
P004221,WhiteSmoke Unde,Toys,13476.69,True
P000825,Khaki Quidem,Fashion,21805.8,True
P009617,Indigo Voluptatibus,Books,1955.49,True
P012316,,,12767.67,True
P001346,Yellow Magnam,Beauty,24239.34,True
P007664,Tomato Sit,Fashion,16527.73,True
P013911,Maximize Frictionless Users,Books,FREE,True
P010494,Orchid Molestias,Books,10113.79,True
P014862,,Home,18789.16,True
P005005,MidnightBlue Quasi,Fashion,24578.93,True
P014166,Productize Extensible Vortals,Beauty,FREE,True
P011405,SkyBlue Pariatur,Electronics,1042.43,True
P012405,,Grocery,6216.98,True
P001281,Sienna Dicta,Fashion,20478.91,True
P005573,Chartreuse Facere,Sports,2455.63,True
P009372,SeaShell Vitae,Fashion,7921.28,True
P005998,BlueViolet Voluptas,Toys,16479.94,True
P005259,LightSkyBlue Ea,Electronics,23186.81,True
P010171,HoneyDew Laboriosam,Electronics,20298.23,True
P008060,SteelBlue Quis,Electronics,4809.08,True
P002342,PaleGoldenRod Dolores,Beauty,13441.38,True
P007478,DarkCyan Laborum,Toys,12877.39,True
P008975,MediumPurple Illum,Electronics,20720.81,True
P007766,Aquamarine Accusantium,Fashion,17522.23,True
P000888,Fuchsia Consequatur,Toys,7088.57,True
P000381,HotPink Nisi,Books,15080.83,True
P003994,SlateBlue Ullam,Grocery,9164.77,True
P013734,Repurpose Holistic Applications,Beauty,-567.4425148671161,True
P006114,ForestGreen Sint,Home,7855.3,True
P005071,SteelBlue Ipsa,Beauty,12076.98,True
P010111,Peru Ipsam,Toys,534.21,True
P000286,MediumPurple Perferendis,Beauty,10658.27,True
P003762,FloralWhite Sint,Sports,4534.26,True
P013278,,Home,13950.37,True
P007832,GreenYellow Quaerat,Grocery,6340.34,True
P008689,DarkOrchid Sit,Grocery,16332.04,True
P007359,Lavender Eveniet,Grocery,3567.34,True
P011763,LightYellow Veritatis,Books,3436.44,True
P007301,SlateBlue Nobis,Electronics,20658.73,True
P014720,Harness Integrated Convergence,Beauty,-487.1343772908223,True
P008166,LightCyan Perspiciatis,Grocery,18249.32,True
P008608,LightGray Omnis,Sports,15991.36,True
P011930,MediumVioletRed In,Beauty,20060.22,True
P005039,LightBlue Eaque,Home,12431.46,True
P007527,Turquoise Nesciunt,Fashion,9805.42,True
P004077,Ivory Est,Beauty,5245.65,True
P005820,SkyBlue Nisi,Toys,6359.61,True
P005842,Blue Molestiae,Sports,19149.07,True
P005506,DarkOrchid Quidem,Sports,10421.33,True
P000707,SandyBrown Corrupti,Toys,9182.33,True
P009803,Khaki Eius,Beauty,4681.13,True
P007765,MediumSpringGreen Non,Fashion,18900.21,True
P011111,PeachPuff Inventore,Grocery,21351.73,True
P014311,,Grocery,5161.29,True
P000596,PeachPuff Aperiam,Grocery,9718.38,True
P000841,Green Quaerat,Sports,22964.71,True
P008696,MintCream Ab,Home,9653.15,True
P006703,Magenta Sit,Toys,6731.76,True
P001421,Snow Delectus,Beauty,15906.88,True
P007810,Redefine Out-Of-The-Box Initiatives,Beauty,16117.12,True
P007207,Tomato Tempora,Grocery,24670.76,True
P000782,Seize Efficient Web-Readiness,Electronics,8569.02,True
P000823,MediumTurquoise Exercitationem,Electronics,14868.74,True
P012178,Repurpose Dot-Com Content,Home,FREE,True
P002859,ForestGreen Nesciunt,Beauty,4572.07,True
P002948,SlateGray Repellat,Toys,19955.46,True
P008579,Orange Veniam,Sports,6093.85,True
P006979,LightBlue Cupiditate,Electronics,18293.78,True
P001186,Reinvent Open-Source Action-Items,Toys,12388.58,True
P014246,Grow Plug-And-Play Action-Items,,-361.38205180884694,True
P000099,Brown Iusto,Fashion,19895.58,True
P003543,Benchmark Compelling E-Markets,,5885.05,True
P012892,Deliver Turn-Key Interfaces,Home,-467.88697036534364,True
P004416,DarkGoldenRod Illo,Electronics,18187.76,True
P008371,MediumTurquoise Quidem,Fashion,10584.36,True
P014964,Grow Scalable Deliverables,,FREE,True
P002160,GoldenRod Quaerat,Grocery,15879.78,True
P007314,BlanchedAlmond Nemo,Books,19119.01,True
P013227,Seize Innovative Technologies,Sports,-65.73747465288955,True
P005689,Crimson Dignissimos,Fashion,21134.12,True
P001672,SlateGray Dolorem,Electronics,4522.88,True
P000907,Tomato Beatae,Sports,3389.14,True
P010774,DeepPink Non,Fashion,17470.56,True
P003422,Linen Iusto,Electronics,15783.31,True
P008853,Aqua Ea,Electronics,12598.85,True
P007587,SandyBrown Aliquid,Books,9954.47,True
P003724,MediumSeaGreen Nihil,Fashion,9292.07,True
P010070,Teal Ipsum,Grocery,13297.8,True
P004349,Thistle Soluta,Home,11963.3,True
P002674,Coral Maiores,Home,18695.72,True
P006435,OliveDrab Quas,Books,12330.27,True
P002840,Aquamarine Sequi,Sports,17516.05,True
P010940,YellowGreen Harum,Sports,11749.17,True
P010490,MediumOrchid Vero,Fashion,24088.54,True
P000803,LavenderBlush Ea,Sports,20737.89,True
P012468,,Beauty,24489.73,True
P007223,Olive Sapiente,Beauty,9195.84,True
P002179,MediumAquaMarine Id,Fashion,10039.85,True
P011359,MediumVioletRed Eveniet,Sports,22604.56,True
P000580,Bisque Enim,Beauty,5773.95,True
P011034,LightPink Provident,Home,16851.47,True
P011574,LightSalmon Quisquam,Fashion,11340.52,True
P002757,FloralWhite Odit,Grocery,19152.6,True
P006828,HotPink Porro,Fashion,2300.7,True
P006421,PeachPuff Pariatur,Sports,13901.88,True
P011090,OldLace Asperiores,Sports,19051.7,True
P000033,Cyan Accusamus,Books,13587.04,True
P010060,Strategize Robust Niches,Home,8042.63,True
P001194,Lavender Fugiat,Sports,16643.21,True
P006853,Peru Necessitatibus,Grocery,24566.78,True
P006465,Iterate Mission-Critical Vortals,Fashion,21852.98,True
P011754,FireBrick Vero,Electronics,8284.36,True
P008960,Red Similique,Toys,7466.63,True
P005655,Yellow Eaque,Home,4624.89,True
P010079,LimeGreen Neque,Home,9820.05,True
P002104,DarkOrange Voluptates,Books,19240.42,True
P014822,,Sports,21993.11,True
P010143,Tomato Voluptas,Books,24212.69,True
P006621,Cornsilk Inventore,Beauty,17519.27,True
P008614,Olive Vel,Home,6959.81,True
P011091,SeaGreen Quos,Home,14315.26,True
P007350,Aquamarine Facere,Grocery,14826.03,True
P014565,,Books,2758.07,True
P001262,Sienna Suscipit,Beauty,23280.38,True
P012753,,Electronics,4885.43,True
P012874,,Fashion,17121.15,True
P005300,Moccasin Ratione,Sports,11348.09,True
P010096,IndianRed Voluptates,Toys,24129.57,True
P000380,Peru Reiciendis,Toys,7528.14,True
P005676,Olive Perferendis,Books,1464.57,True
P000027,PeachPuff Atque,Home,15583.66,True
P006193,SandyBrown At,Sports,5347.63,True
P011092,Peru Eveniet,Sports,20696.77,True
P006251,Brown Repellat,Grocery,7833.04,True
P003689,Navy Accusantium,Fashion,21933.96,True
P000964,SkyBlue Sit,Electronics,20435.62,True
P004881,Purple Tempora,Home,19794.08,True
P004375,Thistle Architecto,Beauty,10302.04,True
P008232,Pink A,Toys,11027.63,True
P001477,MediumSeaGreen Iste,Grocery,13506.84,True
P012777,,Sports,7217.55,True
P003996,DarkMagenta Fugit,Books,13754.68,True
P013053,Innovate Strategic Eyeballs,,FREE,True
P001418,Sienna Saepe,Fashion,22733.89,True
P009290,Pink Fugiat,Beauty,7953.69,True
P006617,BlanchedAlmond Dolorem,Electronics,11644.79,True
P011745,OliveDrab Qui,Sports,2854.94,True
P003801,SeaGreen Sint,Toys,15437.8,True
P000601,Leverage World-Class Technologies,Grocery,10881.82,True
P000004,OldLace Vel,Toys,11533.48,True
P010002,DarkSlateBlue Maxime,Electronics,4272.51,True
P006130,WhiteSmoke Fugit,Electronics,23126.44,True
P003222,Olive Animi,Electronics,13640.85,True
P003485,Enhance Bricks-And-Clicks Paradigms,Electronics,6222.62,True
P014987,,Sports,12269.86,True
P013500,Optimize Cross-Platform Paradigms,Home,-40.42840550515706,True
P004981,Beige Eius,Home,22211.82,True
P008440,Gainsboro Adipisci,Fashion,18652.08,True
P005175,DarkSeaGreen Fuga,Sports,18447.3,True
P007456,DarkKhaki Architecto,Grocery,4067.18,True
P012611,Implement Mission-Critical Schemas,Books,-502.33440611256424,True
P011521,DarkOrchid Dolores,Electronics,9947.84,True
P006786,White Reiciendis,Grocery,9335.01,True
P005210,BlueViolet Quod,Toys,21455.18,True
P009425,DarkSeaGreen Quidem,Fashion,21894.7,True
P003843,LightBlue Sapiente,Fashion,2247.25,True
P004201,GhostWhite Dolorem,Home,14727.68,True
P007241,RosyBrown Iusto,Electronics,16213.13,True
P014188,Incubate B2B Channels,Electronics,FREE,True
P007625,MintCream Eius,Fashion,14565.96,True
P008022,DarkMagenta Temporibus,Toys,15034.89,True
P002725,IndianRed Animi,Books,5158.86,True
P004859,PaleGoldenRod Laudantium,Fashion,1222.44,True
P002196,PowderBlue Cum,Grocery,5986.26,True
P011868,Olive At,Electronics,20066.14,True
P009324,DarkOrange Quibusdam,Toys,13548.18,True
P005115,PeachPuff Amet,Grocery,17428.86,True
P011591,PaleVioletRed Tempora,Fashion,4409.6,True
P000785,MediumVioletRed Voluptas,Sports,4345.11,True
P006167,PaleGoldenRod Earum,Books,6361.48,True
P014723,Re-Contextualize Web-Enabled Systems,Home,-944.68535952727,True
P001631,Tan Mollitia,Home,21349.48,True
P012837,Strategize Open-Source Eyeballs,Beauty,-793.7323870403992,True
P003639,DodgerBlue Culpa,Toys,396.16,True
P002437,AliceBlue Maxime,Beauty,7538.52,True
P009179,CadetBlue Dolorem,Sports,5170.73,True
P005272,Drive Next-Generation Channels,,7835.36,True
P012176,Facilitate Robust Applications,Home,-505.15952668439746,True
P009468,MediumTurquoise Facilis,Toys,14486.9,True
P007011,Gainsboro Totam,Beauty,19881.88,True
P014778,Re-Intermediate Mission-Critical Mindshare,Toys,-641.656935596024,True
P011860,DarkRed Itaque,Beauty,15641.97,True
P001980,Magenta Totam,Books,2415.77,True
P007618,MistyRose Dicta,Grocery,12605.17,True
P009838,PaleGoldenRod Molestiae,Home,12600.29,True
P005918,DarkGoldenRod Atque,Books,24106.72,True
P003396,LightCoral Eveniet,Fashion,17148.04,True
P004849,HoneyDew Sed,Electronics,9612.75,True
P008454,Yellow Ut,Books,6759.72,True
P002860,Black Voluptate,Toys,14289.6,True
P002931,Maroon Temporibus,Sports,20952.56,True
P006066,LightSteelBlue Quidem,Fashion,12413.66,True
P005623,DarkGray Molestias,Toys,4208.06,True
P009510,Blue Cupiditate,Beauty,18136.31,True
P013155,,Electronics,22785.95,True
P003584,Aqua Reprehenderit,Fashion,5360.99,True
P009002,Plum Natus,Books,12839.22,True
P004798,CadetBlue Id,Books,6630.06,True
P014053,,Toys,9069.96,True
P001207,DeepPink Laboriosam,Beauty,2433.83,True
P001701,PowderBlue Impedit,Electronics,16908.39,True
P009667,OliveDrab Amet,Toys,17948.42,True
P011190,DarkSlateBlue Ut,Books,19241.25,True
P006625,PaleVioletRed Modi,Home,5221.78,True
P007837,SkyBlue Voluptatem,Beauty,16768.8,True
P001881,Gold Veniam,Home,5831.13,True
P010736,SeaShell Fuga,Home,4212.4,True
P008767,MediumAquaMarine Laborum,Sports,20892.23,True
P008968,Green Similique,Toys,22978.13,True
P000756,Thistle Officiis,Fashion,18835.01,True
P006826,LightSkyBlue Voluptatum,Grocery,24284.35,True
P012353,Revolutionize B2C Systems,,FREE,True
P009019,Empower Interactive Methodologies,Toys,1347.48,True
P000059,LimeGreen Soluta,Books,12924.21,True
P008985,MediumPurple Vero,Electronics,14900.19,True
P013562,,Home,10783.91,True
P012462,Integrate Integrated Deliverables,Electronics,-422.52707528205207,True
P013152,Streamline End-To-End E-Commerce,Fashion,FREE,True
P011696,LightSlateGray Quidem,Sports,19331.62,True
P002270,HotPink Facilis,Beauty,5567.6,True
P013093,,Grocery,3098.16,True
P000349,AntiqueWhite Doloremque,Grocery,11024.1,True
P013509,,,11336.11,True
P007690,Brown Corporis,Beauty,6018.64,True
P000337,LightSalmon Illum,Toys,119.97,True
P007989,LightSkyBlue Pariatur,Electronics,7156.41,True
P006946,GoldenRod Tempora,Sports,17189.3,True
P000180,DodgerBlue Illo,Grocery,7459.92,True
P001100,Peru Provident,Fashion,13741.26,True
P007635,DarkOrchid Reiciendis,Beauty,2777.44,True
P010468,Pink Cum,Beauty,9511.79,True
P002329,Coral Quasi,Books,21673.67,True
P013818,Strategize Scalable Partnerships,Home,-888.5181935638901,True
P010670,Iterate Value-Added Metrics,Books,5970.02,True
P010934,Bisque Incidunt,Toys,16303.83,True
P008565,Gainsboro Ex,Grocery,9282.25,True
P007279,SeaShell Qui,Toys,1568.61,True
P005764,Optimize Bleeding-Edge E-Services,Grocery,23776.04,True
P004082,Harness Rich Metrics,Electronics,14151.33,True
P002988,Thistle Autem,Home,6517.35,True
P006899,MediumOrchid Vitae,Books,1500.77,True
P013352,Streamline Killer E-Markets,,-733.2044407441025,True
P014327,Engineer Turn-Key Web-Readiness,,FREE,True
P001717,PaleVioletRed Quisquam,Electronics,19855.83,True
P003731,NavajoWhite Distinctio,Toys,20194.68,True
P000555,DarkKhaki Soluta,Electronics,14303.5,True
P009952,Azure Laudantium,Sports,21583.53,True
P013108,Exploit 24/7 Experiences,Fashion,-75.39261170458371,True
P009013,LightSalmon Voluptatem,Fashion,1169.5,True
P004112,DarkOliveGreen Reiciendis,Beauty,20938.05,True
P000017,LightSlateGray Ex,Electronics,4262.16,True
P014867,Transform Virtual Initiatives,,-333.76718018202087,True
P007451,WhiteSmoke Quisquam,Sports,10676.02,True
P014020,,Beauty,7343.85,True
P002792,Brown Dolores,Books,15660.22,True
P007218,DarkSalmon Et,Electronics,10221.55,True
P014234,Deploy Viral Partnerships,Home,-932.026351283314,True
P003953,Maroon Quam,Grocery,24037.44,True
P005885,LemonChiffon Quis,Sports,22065.77,True
P007939,FloralWhite Similique,Grocery,535.93,True
P008848,LightCoral Veritatis,Electronics,18308.8,True
P005218,DarkMagenta Aliquid,Toys,21249.54,True
P003381,DarkGoldenRod Dicta,Sports,10622.36,True
P002186,DarkRed Quasi,Electronics,1831.49,True
P006690,FireBrick Aperiam,Electronics,21532.73,True
P009976,Azure Architecto,Electronics,7333.7,True
P010976,Bisque Occaecati,Sports,23981.11,True
P004263,PowderBlue Cumque,Sports,24920.36,True
P003353,LightSeaGreen Iste,Grocery,1391.76,True
P000598,Fuchsia Non,Electronics,1390.79,True
P003920,GhostWhite Tempore,Toys,18501.08,True
P006564,BurlyWood Modi,Toys,11417.68,True
P009469,Moccasin Dolorem,Sports,5134.99,True
P010343,PeachPuff Sequi,Electronics,1845.48,True
P002120,PaleGreen Quam,Books,4500.16,True
P001108,BurlyWood Ipsum,Toys,3597.0,True
P003212,Pink Ducimus,Home,23153.12,True
P004175,PapayaWhip Asperiores,Electronics,11943.15,True
P001159,LavenderBlush Voluptates,Sports,11099.87,True
P013131,,Toys,3928.55,True
P009818,SteelBlue Laboriosam,Electronics,840.22,True
P007573,Blue Rem,Electronics,24886.77,True
P007228,Thistle A,Sports,6951.34,True
P001822,Innovate Collaborative Vortals,Home,11849.32,True
P002851,Teal Culpa,Sports,23152.78,True
P011839,DarkCyan At,Books,18917.74,True
P003107,Beige Sint,Toys,841.54,True
P003670,DarkTurquoise Doloribus,Books,9041.23,True
P008373,Gold Quaerat,Books,9206.99,True
P000615,Teal Maiores,Home,7910.62,True
P012514,Drive Next-Generation Interfaces,Grocery,-449.8005532435104,True
P013142,,Toys,13799.54,True
P005943,Bisque Incidunt,Fashion,4078.74,True
P005858,AntiqueWhite Recusandae,Beauty,4965.41,True
P012787,Embrace Intuitive Metrics,Electronics,FREE,True
P010699,Chartreuse Nesciunt,Books,3186.81,True
P002951,Beige Suscipit,Toys,1117.95,True
P012846,Drive Distributed Mindshare,Home,FREE,True
P006280,Black Veritatis,Fashion,10679.47,True
P014153,Whiteboard Plug-And-Play Systems,Toys,FREE,True
P013070,Monetize User-Centric Systems,Fashion,-139.7090799624232,True
P012976,Productize Vertical E-Services,Sports,FREE,True
P002530,DarkGray Illo,Electronics,5723.6,True
P010085,Blue Sapiente,Electronics,10956.39,True
P006057,LemonChiffon Beatae,Books,4186.11,True
P013604,Envisioneer Interactive Action-Items,,-525.5572514358893,True
P001209,Wheat Quibusdam,Toys,15588.55,True
P012188,Productize Granular Vortals,Toys,FREE,True
P010057,PaleGreen Odio,Toys,14519.75,True
P002759,PowderBlue Magnam,Home,18725.1,True
P006504,Fuchsia Officiis,Toys,22179.43,True
P011227,Violet Libero,Grocery,2427.43,True
P010696,WhiteSmoke Commodi,Books,13971.32,True
P002665,Red Voluptatem,Electronics,13841.04,True
P014195,Enable End-To-End Systems,Grocery,-221.8538629614206,True
P011795,Pink Laborum,Sports,24538.29,True
P003592,SpringGreen Modi,Beauty,11579.88,True
P013694,Streamline E-Business Architectures,Grocery,FREE,True
P005045,DarkOrange Quia,Books,19617.68,True
P013584,Facilitate End-To-End Paradigms,Home,-580.4537036516638,True
P013260,Reinvent 24/7 Experiences,Grocery,FREE,True
P003025,MediumTurquoise Est,Books,14334.54,True
P009352,Beige Temporibus,Sports,1229.8,True
P007731,SlateGray Quis,Grocery,13822.33,True
P010089,Orchid Itaque,Sports,793.2,True
P011869,Streamline Holistic Metrics,Beauty,24188.48,True
P009538,Magenta Nobis,Books,1054.67,True
P013732,,Grocery,20479.7,True
P014788,Brand Mission-Critical Deliverables,Beauty,-710.5938258429302,True
P005177,Pink Totam,Toys,15406.7,True
P002138,LightGray Quia,Grocery,15609.34,True
P011016,Tan Totam,Toys,2885.27,True
P004323,PaleVioletRed Modi,Beauty,12736.11,True
P008619,Silver Ex,Electronics,24268.97,True
P002745,DarkTurquoise Veniam,Fashion,4526.79,True
P006582,PapayaWhip Vero,Books,20215.52,True
P001407,AntiqueWhite Natus,Fashion,15519.33,True
P009010,OldLace Pariatur,Grocery,20827.98,True
P010968,NavajoWhite Labore,Beauty,2190.15,True
P004415,DarkBlue Labore,Toys,21063.5,True
P009993,DarkGray Aspernatur,Fashion,8090.92,True
P002393,DarkSlateGray Unde,Books,19339.85,True
P002891,MediumPurple Atque,Sports,4223.9,True
P001602,Wheat Expedita,Fashion,4358.18,True
P003304,DodgerBlue Quas,Sports,8660.74,True
P011002,DarkGray Voluptatem,Fashion,16800.4,True
P007468,Engineer Revolutionary Technologies,,6915.66,True
P010025,BlueViolet Sapiente,Beauty,15739.22,True
P009134,Peru Beatae,Home,4823.2,True
P010744,Chartreuse Saepe,Fashion,6952.73,True
P009281,DarkGreen Perferendis,Sports,6758.67,True
P001499,LightCyan Explicabo,Sports,861.39,True
P000397,Morph Ubiquitous Convergence,Beauty,16120.36,True
P010499,LawnGreen Ab,Grocery,5187.38,True
P001213,DarkSalmon Laboriosam,Books,7360.82,True
P000810,LimeGreen Eveniet,Electronics,4121.12,True
P005207,Chocolate Itaque,Sports,23105.47,True
P010759,Enhance Cross-Platform E-Business,Electronics,7094.87,True
P003070,MediumOrchid In,Grocery,24932.92,True
P010657,DimGray Non,Sports,4125.5,True
P006170,Salmon Doloribus,Grocery,3266.34,True
P009901,Lavender Magni,Toys,2881.74,True
P010292,LightSteelBlue Odio,Sports,10111.98,True
P000009,PowderBlue Dicta,Toys,5747.84,True
P001807,AntiqueWhite Quisquam,Sports,17288.52,True
P011937,Aquamarine Corrupti,Books,4950.5,True
P009236,SlateBlue Est,Sports,21505.13,True
P013492,,Electronics,20780.42,True
P000015,Tomato Dolores,Grocery,21507.47,True
P014437,Empower One-To-One E-Services,Toys,FREE,True
P003927,Aqua Dolores,Books,8723.63,True
P010365,Revolutionize User-Centric Markets,Books,325.81,True
P001565,AliceBlue Atque,Home,1651.01,True
P002244,LavenderBlush Modi,Books,2357.61,True
P013531,,,13020.7,True
P012402,,Beauty,19811.46,True
P001118,MediumPurple Sed,Beauty,4712.98,True
P014773,,Beauty,23465.82,True
P013080,,Toys,4321.85,True
P003186,LightGreen Exercitationem,Home,581.1,True
P002708,Khaki Cum,Electronics,8697.52,True
P009969,Gold Aliquid,Electronics,22286.25,True
P009027,DarkOliveGreen Ab,Home,12373.15,True
P003470,PaleTurquoise Alias,Fashion,13919.33,True
P003316,PaleGreen Quo,Toys,8935.82,True
P000979,Salmon Reiciendis,Sports,14531.61,True
P000889,DarkSeaGreen At,Books,17620.48,True
P006732,Cornsilk Assumenda,Home,15032.68,True
P011769,LightSlateGray Fuga,Sports,11199.88,True
P010374,DeepSkyBlue Recusandae,Sports,19494.24,True
P006319,SlateBlue Dolorum,Electronics,19079.61,True
P005179,MediumSpringGreen Maiores,Electronics,8060.45,True
P013712,,Beauty,22754.39,True
P003764,Silver Impedit,Beauty,10327.83,True
P014503,Revolutionize Granular Schemas,Sports,-823.5632497782676,True
P011515,NavajoWhite At,Home,20290.71,True
P009226,MediumPurple Quidem,Books,16819.32,True
P006371,Chocolate In,Toys,7720.23,True
P002815,Sienna Placeat,Fashion,2219.17,True
P004384,SeaShell Hic,Grocery,21728.94,True
P003941,BlueViolet Nesciunt,Home,22466.53,True
P007194,DarkSalmon Asperiores,Electronics,14906.92,True
P001853,Snow Debitis,Home,5343.32,True
P014322,,Electronics,1261.7,True
P001131,PapayaWhip Quasi,Toys,10414.11,True
P009429,SeaShell Beatae,Electronics,7263.51,True
P011267,LavenderBlush Dolores,Home,3231.76,True
P009458,Turquoise Totam,Sports,11500.1,True
P007347,Blue Quasi,Home,956.21,True
P014908,Drive Out-Of-The-Box Niches,Books,-256.23496500905435,True
P014572,Whiteboard Back-End Mindshare,Toys,-535.2662247853451,True
P003669,GoldenRod Sunt,Beauty,20078.48,True
P011302,CadetBlue Optio,Fashion,14662.25,True
P008346,LightSkyBlue Adipisci,Fashion,17380.37,True
P008806,DarkGoldenRod Repellendus,Home,21905.0,True
P001570,Green Exercitationem,Sports,16350.04,True
P010878,Navy Assumenda,Fashion,9522.05,True
P013414,Leverage Mission-Critical Schemas,Grocery,-544.227920490984,True
P000251,LightGoldenRodYellow Iure,Home,23212.71,True
P008145,Incubate Mission-Critical Deliverables,Sports,3397.57,True
P011043,DarkTurquoise Maxime,Toys,18972.1,True
P008431,PaleVioletRed Magni,Electronics,18796.28,True
P003915,Brand Collaborative Info-Mediaries,Electronics,18578.82,True
P008128,BurlyWood Laboriosam,Toys,7049.72,True
P005479,LavenderBlush Recusandae,Beauty,18038.94,True
P005311,MidnightBlue Voluptatibus,Electronics,22328.8,True
P009846,AntiqueWhite Fugit,Sports,7630.83,True
P011830,WhiteSmoke Voluptatibus,Home,21142.96,True
P002255,Aquamarine Perspiciatis,Sports,5907.8,True
P014935,Grow Granular Markets,Toys,FREE,True
P002443,Crimson Ex,Electronics,24053.87,True
P009270,SlateBlue Corporis,Sports,23247.46,True
P004139,LemonChiffon Optio,Books,1738.27,True
P011606,Unleash Enterprise Initiatives,Sports,20694.55,True
P011207,DarkViolet Beatae,Books,15426.08,True
P003649,Purple Dolores,Fashion,24636.85,True
P011731,White Distinctio,Sports,2187.16,True
P014683,,Books,10667.38,True
P011540,RoyalBlue Laudantium,Beauty,9929.62,True
P010184,Orange Occaecati,Toys,1742.76,True
P003881,AliceBlue Est,Home,13276.76,True
P003516,DarkGray Placeat,Books,20361.31,True
P008986,Chartreuse Sit,Fashion,12236.71,True
P010142,SkyBlue Dolorem,Sports,7934.85,True
P003341,DarkSalmon Veniam,Grocery,7029.62,True
P012734,,Home,9573.39,True
P000937,Navy Porro,Books,19590.6,True
P014494,,Fashion,10473.91,True
P002489,MediumSpringGreen Beatae,Electronics,3343.82,True
P000476,SteelBlue Ea,Toys,9857.43,True
P012942,,Toys,19143.08,True
P001537,Linen Error,Beauty,12910.29,True
P013033,,Sports,7756.39,True
P004070,Red Occaecati,Grocery,10784.64,True
P008803,Orchid Aliquid,Beauty,13292.14,True
P004692,LightGray Eveniet,Electronics,7872.54,True
P003438,Olive Aliquid,Toys,4810.81,True
P002460,LimeGreen Reiciendis,Toys,2466.41,True
P000537,Peru In,Grocery,6434.22,True
P006602,DimGray Error,Electronics,12523.4,True
P000826,MediumBlue Fuga,Toys,24092.44,True
P009610,MediumPurple Dicta,Home,3726.06,True
P012406,Facilitate Best-Of-Breed E-Services,Sports,-241.39263017360054,True
P001861,MediumSpringGreen Animi,Beauty,12075.27,True
P005083,LightSeaGreen Laboriosam,Electronics,15201.97,True
P001879,Lime Animi,Books,8590.47,True
P014937,Syndicate Plug-And-Play E-Services,Beauty,-72.93330539946932,True
P009704,Indigo Nemo,Toys,8001.54,True
P007453,MediumPurple Praesentium,Toys,23467.91,True
P011199,Maroon Iusto,Home,22611.01,True
P000556,Azure Itaque,Books,11517.84,True
P001640,Navy Delectus,Beauty,5991.12,True
P000465,DarkOrange Eum,Sports,12785.65,True
P008270,Violet Ipsam,Electronics,16550.84,True
P011615,PapayaWhip Perferendis,Sports,8015.64,True
P008009,OrangeRed Vel,Fashion,24560.49,True
P009138,BlueViolet Voluptatem,Toys,5718.59,True
P001033,DarkSlateGray Est,Toys,20709.96,True
P003958,Peru Aliquid,Sports,19028.72,True
P002565,PaleGreen Officiis,Sports,18518.92,True
P012649,,Books,19893.9,True
P014877,Envisioneer Efficient Mindshare,Books,FREE,True
P011668,Extend Value-Added Partnerships,Beauty,7634.86,True
P001021,Lime Dicta,Beauty,24085.16,True
P002127,Facilitate One-To-One Networks,Electronics,10069.04,True
P011698,PeachPuff Quasi,Electronics,23017.77,True
P007762,LightSalmon Consequatur,Toys,8852.67,True
P009374,LavenderBlush Maxime,Sports,16234.27,True
P008740,DeepPink Animi,Books,3054.93,True
P005256,SpringGreen Eligendi,Sports,22608.4,True
P007262,Cyan Hic,Fashion,23191.01,True
P006943,Chartreuse Maxime,Home,2361.08,True
P013927,,Home,22962.66,True
P007141,Peru Eius,Toys,8340.16,True
P010733,Moccasin Atque,Books,20599.66,True
P010629,Azure Iste,Home,15942.4,True
P003916,Snow Dolores,Electronics,20791.75,True
P007754,HotPink Atque,Beauty,23192.18,True
P011848,MediumOrchid Doloremque,Electronics,11903.07,True
P011616,DarkViolet Illum,Toys,1027.83,True
P009858,LightBlue Optio,Home,2268.53,True
P003646,Purple Facilis,Sports,819.81,True
P010358,Green Dolorem,Electronics,4762.16,True
P001316,DarkOrange Vero,Beauty,1458.14,True
P009658,BurlyWood Velit,Sports,4061.79,True
P011931,Brown Est,Fashion,773.17,True
P001422,DimGray Facere,Sports,9350.22,True
P000147,DarkKhaki Ab,Toys,5627.82,True
P013594,Leverage World-Class E-Tailers,,FREE,True
P003906,Indigo Velit,Grocery,2036.07,True
P006612,BurlyWood Deserunt,Electronics,1885.95,True
P008012,Linen Consequatur,Sports,9149.87,True
P006797,MistyRose Sit,Beauty,21824.92,True
P010077,LightSeaGreen Eum,Toys,11720.89,True
P010850,Turquoise Suscipit,Fashion,5719.62,True
P000265,LavenderBlush Cumque,Books,24987.05,True
P000893,Azure Praesentium,Electronics,13690.22,True
P014256,Drive Global Technologies,Electronics,-606.1793892568573,True
P008526,FloralWhite Soluta,Sports,22524.53,True
P009094,Cyan Sed,Toys,19388.86,True
P009274,Salmon Libero,Toys,14997.73,True
P014523,Benchmark Rich Networks,Sports,-924.5575944821926,True
P005869,Lavender Quaerat,Sports,19383.18,True
P007501,LawnGreen Soluta,Fashion,10359.87,True
P007508,BurlyWood Ea,Fashion,19824.37,True
P011730,Navy Dolorum,Beauty,8831.55,True
P011644,DarkGreen Fugit,Sports,11887.21,True
P002405,DimGray Nam,Sports,1401.64,True
P001205,DarkOrange Reiciendis,Electronics,22030.92,True
P012370,,Electronics,22157.45,True
P003494,DarkGreen Fuga,Books,6809.16,True
P001708,Gainsboro Dolorum,Books,3147.17,True
P003824,MediumSeaGreen Accusamus,Sports,24067.66,True
P004307,AliceBlue Repellat,Sports,17000.9,True
P005201,Khaki Iste,Grocery,23894.95,True
P009911,DarkSalmon Quis,Books,17729.55,True
P007980,Beige Veniam,Books,22146.58,True
P011737,MediumBlue Autem,Books,8496.43,True
P003200,Plum Ab,Fashion,163.89,True
P012266,Reinvent Enterprise Schemas,Toys,-359.1914230198566,True
P011870,Cyan Velit,Toys,1224.58,True
P009966,DarkRed Inventore,Beauty,16288.11,True
P002007,Tan Esse,Toys,16795.51,True
P007389,DarkBlue Tempore,Grocery,15198.33,True
P008153,Integrate Synergistic Action-Items,Fashion,11375.26,True
P002127,PaleGreen Beatae,Grocery,16152.13,True
P009471,PeachPuff Laudantium,Toys,22181.96,True
P003427,Orchid Illo,Home,1109.07,True
P007260,LightSeaGreen Totam,Sports,16223.2,True
P010684,RosyBrown Unde,Home,23143.86,True
P000775,Chartreuse Corporis,Electronics,13879.9,True
P007560,Chocolate Autem,Home,2988.4,True
P006296,SlateGray Adipisci,Grocery,4960.67,True
P007418,Orchid Est,Sports,11692.02,True
P003074,WhiteSmoke Sapiente,Toys,4059.91,True
P012766,Exploit Bleeding-Edge Infrastructures,Books,FREE,True
P009547,DeepSkyBlue Possimus,Fashion,17099.77,True
P010980,DarkTurquoise Sunt,Home,22754.56,True
P010599,Ivory Omnis,Toys,16753.66,True
P006608,Lavender Ipsum,Grocery,23706.36,True
P005711,Snow Molestiae,Electronics,10974.87,True
P005024,Teal Perferendis,Beauty,20207.99,True
P014264,Disintermediate Seamless E-Commerce,,FREE,True
P008141,LightGreen Error,Toys,13470.21,True
P002533,GoldenRod Sequi,Toys,10361.6,True
P005505,DarkViolet Doloribus,Toys,24326.13,True
P010909,DarkMagenta Quidem,Sports,7573.66,True
P011058,ForestGreen Aliquid,Electronics,20373.63,True
P005368,LightBlue Suscipit,Beauty,14462.6,True
P005431,SlateGray Voluptatem,Fashion,10528.33,True
P002687,LightPink Vel,Fashion,9385.08,True
P002226,Synergize Compelling Initiatives,Sports,8887.53,True
P011504,LightYellow Reprehenderit,Home,17490.56,True
P004066,GoldenRod Voluptates,Fashion,20154.49,True
P001072,SeaGreen Id,Fashion,18010.9,True
P011498,GreenYellow Consectetur,Sports,24782.36,True
P008898,NavajoWhite Ullam,Fashion,4989.92,True
P011648,DarkRed Possimus,Electronics,20799.9,True
P005014,DarkGray Labore,Beauty,267.52,True
P006586,LightBlue Fugit,Grocery,24674.15,True
P011956,LightSlateGray Quas,Home,2549.67,True
P008340,Purple Laborum,Home,24625.58,True
P010131,OrangeRed Reprehenderit,Grocery,12440.85,True
P001141,OliveDrab Aperiam,Grocery,9573.0,True
P005588,Orange Adipisci,Toys,936.73,True
P000818,PaleGreen Vel,Home,15962.12,True
P011502,DarkMagenta Voluptatum,Books,23645.16,True
P007933,PowderBlue Illum,Beauty,19179.12,True
P010305,SteelBlue Aliquam,Toys,10934.2,True
P005681,DarkGreen Ratione,Fashion,17135.79,True
P000057,Tomato Rerum,Fashion,1386.4,True
P004609,DarkBlue Officia,Books,22776.12,True
P002065,HotPink Possimus,Sports,4861.4,True
P013994,,Books,13350.78,True
P005111,MediumBlue Nobis,Home,9204.56,True
P014492,Cultivate B2B Communities,,FREE,True
P005312,Redefine Proactive Platforms,Home,4494.14,True
P000747,DarkOliveGreen Dolorum,Grocery,1310.93,True
P009104,SlateBlue Tempora,Toys,1027.46,True
P007393,WhiteSmoke Tenetur,Beauty,2569.62,True
P006395,IndianRed Ad,Beauty,18491.42,True
P003876,Empower Value-Added Convergence,Beauty,18481.99,True
P007461,RosyBrown Rem,Grocery,23385.01,True
P010748,HoneyDew Possimus,Beauty,17658.83,True
P006242,DarkCyan Earum,Grocery,20940.31,True
P001276,LightSteelBlue Voluptas,Grocery,22616.96,True
P011232,Facilitate World-Class E-Business,Toys,17735.4,True
P014615,Iterate Turn-Key Interfaces,Home,-109.06323467891139,True
P004407,PaleVioletRed Explicabo,Beauty,14954.18,True
P006303,MediumPurple Nulla,Books,10013.72,True
P001026,DarkSeaGreen Vel,Home,16352.25,True
P010241,DarkMagenta Perferendis,Electronics,23609.72,True
P006044,Monetize Viral Partnerships,Fashion,21990.04,True
P011655,DodgerBlue Blanditiis,Home,2707.49,True
P008540,Tomato Dolores,Books,6091.81,True
P007245,SeaShell Sed,Home,20762.78,True
P008244,Grow Compelling Niches,Electronics,2927.45,True
P001483,Ivory Cumque,Home,24603.09,True
P011550,Sienna Quisquam,Home,15361.55,True
P001839,DarkGreen Rerum,Sports,8193.41,True
P013465,Engage Strategic Paradigms,Grocery,FREE,True
P006549,Gray Labore,Fashion,3735.69,True
P006916,Visualize Holistic Eyeballs,Toys,24735.88,True
P001019,LightPink Porro,Grocery,5432.08,True
P000871,DarkRed Eligendi,Fashion,18540.39,True
P008883,Peru Unde,Home,24886.5,True
P011193,Seize Best-Of-Breed Partnerships,Home,23625.9,True
P011063,SkyBlue Earum,Toys,21884.32,True
P010686,GoldenRod Distinctio,Beauty,7996.94,True
P005453,PowderBlue Corporis,Fashion,1650.58,True
P005298,AliceBlue Tempora,Toys,15550.4,True
P007162,DarkSlateGray Deserunt,Beauty,18511.8,True
P006956,CadetBlue Est,Grocery,17472.35,True
P011001,Coral Sunt,Beauty,23281.0,True
P011181,Orchid Vero,Books,22085.43,True
P003310,LightSlateGray Ipsam,Fashion,4665.84,True
P012027,Streamline Leading-Edge Experiences,Toys,FREE,True
P012520,Transform Dynamic Deliverables,Electronics,FREE,True
P002779,DarkGreen Pariatur,Electronics,201.95,True
P004583,Black Debitis,Sports,191.04,True
P009081,Maroon Soluta,Home,855.86,True
P000931,Indigo Repudiandae,Beauty,4387.79,True
P008577,DeepSkyBlue Exercitationem,Home,15376.84,True
P002865,NavajoWhite Vel,Books,10229.73,True
P010208,Chartreuse Neque,Beauty,17051.57,True
P013190,Re-Contextualize Cross-Media Communities,Beauty,-46.60562421985899,True
P001350,Silver Maiores,Books,15431.42,True
P009392,Chartreuse Atque,Toys,14802.19,True
P010357,DarkGreen Quas,Home,9417.93,True
P013524,Empower Vertical Applications,,-345.35318265069776,True
P014252,Redefine Customized Content,Books,FREE,True
P001820,PeachPuff Molestias,Beauty,9577.5,True
P002214,Tomato Ea,Fashion,19702.33,True
P002286,LightYellow Laboriosam,Fashion,11041.26,True
P013422,,Grocery,7611.17,True
P009051,DarkOliveGreen Iste,Books,1604.88,True
P005680,AntiqueWhite Accusantium,Beauty,18139.5,True
P011501,DeepSkyBlue Quidem,Beauty,9519.71,True
P006941,DarkOrange Provident,Sports,19434.07,True
P010692,CornflowerBlue Quasi,Fashion,20963.97,True
P011455,Lime Fuga,Home,450.87,True
P002305,GhostWhite Totam,Electronics,5987.45,True
P008752,MistyRose Sunt,Books,15382.03,True
P008475,SaddleBrown Vel,Books,15777.4,True
P006874,OldLace Nulla,Sports,4906.65,True
P011057,Plum Dignissimos,Books,16020.81,True
P014836,Morph Revolutionary Users,Fashion,FREE,True
P012751,Seize Granular Niches,Books,-171.06670310568458,True
P003461,LawnGreen Voluptatum,Electronics,3495.51,True
P002308,MediumSlateBlue Iusto,Beauty,18167.16,True
P011364,LightGreen Odio,Beauty,17022.39,True
P004217,Facilitate One-To-One Roi,Electronics,10259.17,True
P013270,Disintermediate 24/7 Synergies,Electronics,-53.192679805220976,True
P005282,DarkGoldenRod Illum,Fashion,1126.73,True
P005638,MediumSpringGreen Dolorum,Grocery,13745.12,True
P001340,DarkKhaki Quis,Sports,19648.02,True
P006070,DarkOliveGreen Eveniet,Books,4843.26,True
P011654,SpringGreen Dolorem,Books,24881.01,True
P001963,Linen A,Toys,15849.04,True
P003510,Linen Dolor,Electronics,9246.0,True
P003908,PaleVioletRed Id,Toys,23309.04,True
P002582,SteelBlue Maiores,Books,2785.96,True
P010090,DarkRed Hic,Electronics,8911.84,True
P002478,LightCyan Placeat,Fashion,4574.95,True
P001144,LawnGreen Eaque,Grocery,8867.73,True
P003717,DarkSeaGreen Ipsam,Grocery,17453.36,True
P009677,LemonChiffon Nulla,Fashion,4881.75,True
P005405,Green Eos,Grocery,12818.24,True
P009586,PaleVioletRed Animi,Beauty,15675.57,True
P006611,IndianRed Tempore,Home,20330.67,True
P000107,Bisque Ullam,Grocery,13213.37,True
P010618,Crimson Voluptates,Home,18643.2,True
P014606,Facilitate Mission-Critical E-Commerce,Beauty,FREE,True
P013749,,Fashion,6794.24,True
P004075,GoldenRod Voluptatibus,Beauty,10501.4,True
P010022,MintCream Praesentium,Toys,23698.9,True
P011713,Aquamarine Atque,Sports,9435.08,True
P006250,HoneyDew Quaerat,Grocery,190.86,True
P014290,,Home,4912.4,True
P003806,Orange Exercitationem,Fashion,6113.34,True
P008149,LemonChiffon Dolor,Books,22582.28,True
P013636,,Grocery,18468.95,True
P003471,Aqua Consectetur,Fashion,14602.37,True
P002748,RoyalBlue Natus,Beauty,2323.34,True
P004419,Brown Dolorum,Toys,175.46,True
P010691,PaleTurquoise Explicabo,Books,8226.3,True
P007081,DodgerBlue Maiores,Electronics,8053.2,True
P004047,ForestGreen Cumque,Electronics,6923.66,True
P010450,DarkSlateGray Quo,Fashion,5964.73,True
P010590,DarkGray Ipsa,Books,13523.49,True
P002659,Tomato Eaque,Beauty,3564.21,True
P007469,Navy Aliquid,Grocery,2483.88,True
P005252,HotPink Dolorem,Home,10294.88,True
P013353,,Grocery,19716.32,True
P002892,DarkViolet Quisquam,Home,5619.14,True
P007143,Chartreuse Deleniti,Books,13753.09,True
P000469,MediumPurple Exercitationem,Books,22394.16,True
P014382,Enable Cross-Platform Metrics,Electronics,FREE,True
P004145,MediumBlue Reiciendis,Home,9945.2,True
P001486,Synergize Back-End Relationships,Toys,17893.41,True
P002545,MediumSlateBlue Expedita,Books,5623.52,True
P008936,MediumSlateBlue Debitis,Grocery,13567.5,True
P009920,Gray Iusto,Fashion,15415.28,True
P002170,LightGray Voluptas,Books,10291.73,True
P005434,Chartreuse At,Toys,12966.93,True
P010178,Azure Ex,Beauty,19310.08,True
P012356,Harness Seamless Content,Books,FREE,True
P007446,DarkOliveGreen Vitae,Home,5071.54,True
P005811,WhiteSmoke Sunt,Home,15404.27,True
P002596,Tan Perspiciatis,Electronics,3312.3,True
P004539,LightSalmon Esse,Grocery,3262.6,True
P009385,WhiteSmoke Quia,Beauty,22028.25,True
P005380,Plum Praesentium,Sports,22301.45,True
P003970,RoyalBlue Placeat,Beauty,17903.13,True
P001981,GoldenRod Vitae,Toys,16914.27,True
P011261,Cultivate End-To-End Deliverables,Books,16604.64,True
P001659,MediumOrchid Impedit,Sports,2448.36,True
P010511,Ivory Eum,Books,12052.31,True
P003859,Brown Consectetur,Grocery,22146.12,True
P006569,LightCoral Perspiciatis,Toys,20933.56,True
P012933,Expedite Holistic Interfaces,Beauty,FREE,True
P000241,MistyRose Excepturi,Toys,20676.5,True
P013728,Re-Contextualize Front-End Eyeballs,Grocery,-628.5542658517606,True
P010684,Revolutionize Scalable Portals,Beauty,9094.12,True
P010652,DarkSlateBlue In,Grocery,2519.91,True
P002720,Navy Quod,Fashion,373.5,True
P014876,Leverage Mission-Critical E-Markets,Books,FREE,True
P007716,Tan Commodi,Grocery,1848.38,True
P003571,RoyalBlue Optio,Books,22638.81,True
P000025,FloralWhite Omnis,Electronics,17321.3,True
P009414,Linen Iste,Sports,19747.31,True
P004829,MediumTurquoise Quam,Electronics,20892.98,True
P009634,LightCyan Fugiat,Home,12724.82,True
P001927,SlateBlue Placeat,Grocery,22607.17,True
P000773,DarkKhaki Nisi,Grocery,16783.58,True
P000954,HotPink Ut,Beauty,22510.08,True
P007205,LightSalmon Libero,Books,23258.08,True
P001482,Maroon Pariatur,Electronics,13084.88,True
P003930,SlateBlue Porro,Grocery,23294.76,True
P006799,Chocolate Dolore,Home,8559.22,True
P012907,Evolve Viral Mindshare,Beauty,FREE,True
P008665,Khaki Ab,Beauty,13024.97,True
P009503,Aquamarine Eligendi,Fashion,12614.85,True
P002651,Sienna Animi,Electronics,5471.24,True
P009234,Snow Quasi,Sports,4341.17,True
P000621,DarkCyan Vel,Fashion,16802.66,True
P001593,Orange Reiciendis,Grocery,16713.31,True
P006740,Navy Unde,Home,21790.91,True
P005779,SlateBlue Neque,Toys,3225.19,True
P002384,LightSteelBlue Perspiciatis,Home,21858.1,True
P002945,DarkCyan Dolorum,Toys,4122.56,True
P008741,Brown Animi,Beauty,23029.92,True
P011348,Silver Doloribus,Beauty,3096.77,True
P007886,Orange Minima,Electronics,10333.0,True
P009828,Brown Ipsam,Beauty,12546.46,True
P009853,DodgerBlue Delectus,Grocery,24805.85,True
P005717,SeaGreen Vel,Sports,874.3,True
P013091,Empower Integrated Architectures,Toys,-718.8021493109973,True
P011824,Snow Ipsam,Sports,23788.43,True
P004529,Morph Plug-And-Play Applications,Electronics,452.03,True
P007911,IndianRed Hic,Sports,17554.35,True
P004594,LightBlue Explicabo,Fashion,18046.02,True
P009612,White Nulla,Grocery,1247.35,True
P005632,HoneyDew Rem,Beauty,7924.16,True
P001501,Silver Earum,Sports,21877.89,True
P002261,PaleVioletRed Sunt,Beauty,15996.65,True
P003909,Transition User-Centric Web Services,,11886.89,True
P010693,Lavender Voluptate,Books,4503.75,True
P002426,LightBlue Molestiae,Books,12535.25,True
P013741,,Fashion,22184.71,True
P014655,Generate Value-Added Solutions,Electronics,-789.8408498489849,True
P004785,LightYellow Earum,Electronics,7105.96,True
P009795,OrangeRed Magni,Home,14510.8,True
P005387,DarkGray Inventore,Home,15524.3,True
P011086,CornflowerBlue Ex,Electronics,24620.44,True
P013653,Integrate Rich Partnerships,Fashion,-968.9420141863504,True
P009193,MediumSlateBlue Ducimus,Sports,19827.04,True
P003305,DarkGoldenRod Rerum,Fashion,6214.07,True
P010491,Brand One-To-One Deliverables,Home,4949.05,True
P008021,FireBrick Corporis,Beauty,24385.84,True
P010988,LightCyan Consequatur,Home,11523.26,True
P008779,Green Sunt,Beauty,6804.94,True
P002638,DarkSeaGreen Id,Fashion,5375.83,True
P008348,LawnGreen In,Beauty,20659.08,True
P011245,DarkGreen Quisquam,Electronics,24339.53,True
P013198,Maximize Customized Web-Readiness,Fashion,FREE,True
P013783,Re-Intermediate Virtual Info-Mediaries,Fashion,-943.7569154217925,True
P000065,Cornsilk Fugit,Electronics,21146.7,True
P001696,Blue Ducimus,Grocery,24450.46,True
P005367,LightSalmon Perferendis,Beauty,12337.53,True
P002128,DarkTurquoise Aperiam,Electronics,21109.8,True
P011942,YellowGreen Accusamus,Electronics,1323.92,True
P013366,Mesh Scalable Models,Electronics,FREE,True
P013460,Aggregate Mission-Critical Paradigms,Electronics,-194.11265747271054,True
P012847,,Electronics,16393.87,True
P011733,Maroon Ducimus,Electronics,22778.75,True
P014202,Maximize Compelling Experiences,Electronics,-885.0297056520393,True
P013957,,Grocery,15554.87,True
P001238,BlueViolet Consequuntur,Beauty,17073.29,True
P008938,MediumSlateBlue Eveniet,Home,22072.62,True
P004805,Linen Molestiae,Grocery,16969.24,True
P001471,RoyalBlue Omnis,Toys,15886.43,True
P001506,DarkMagenta Cumque,Toys,20163.25,True
P010320,OldLace Quo,Toys,18203.66,True
P007323,E-Enable Best-Of-Breed Convergence,Toys,16665.8,True
P000992,Navy Alias,Fashion,13701.79,True
P006162,Aqua Labore,Beauty,8707.48,True
P007153,Green Eaque,Grocery,7830.17,True
P010700,Optimize Front-End Communities,Grocery,5301.75,True
P000573,SeaGreen Quibusdam,Sports,21794.43,True
P011096,MediumOrchid Voluptate,Fashion,5591.68,True
P007613,Cyan Placeat,Sports,18343.92,True
P008225,Seize Web-Enabled E-Tailers,,23145.31,True
P001409,Orchid Rem,Beauty,5271.47,True
P014719,,Home,15931.02,True
P003686,Pink Id,Electronics,5924.12,True
P011561,WhiteSmoke Impedit,Home,23332.29,True
P002009,MediumSeaGreen Non,Grocery,11656.14,True
P011691,Thistle Deleniti,Toys,1405.1,True
P002481,LightCoral Labore,Fashion,10102.59,True
P006102,PaleGoldenRod Asperiores,Toys,13717.02,True
P004266,Red Nisi,Electronics,14357.1,True
P001363,Yellow Ipsa,Books,17877.26,True
P011235,Tan Minima,Toys,5030.27,True
P010279,OrangeRed Necessitatibus,Electronics,3871.39,True
P000046,LightCoral Veniam,Home,15949.69,True
P005274,MintCream Voluptatem,Grocery,12668.19,True
P011559,DodgerBlue Cum,Grocery,22939.29,True
P009981,Chocolate Veritatis,Toys,4413.05,True
P008008,DarkRed Ullam,Home,5620.61,True
P009213,LightSeaGreen Cumque,Grocery,9469.22,True
P004668,BlueViolet Ex,Sports,17537.04,True
P012570,,Books,13920.16,True
P003459,Reinvent Cross-Platform E-Tailers,Books,8900.39,True
P009049,DarkViolet Est,Toys,18172.19,True
P001134,LightCyan Sit,Books,19541.22,True
P009307,CornflowerBlue Molestiae,Beauty,15749.03,True
P012482,Enhance Global Communities,Grocery,-781.8626204544435,True
P013950,,Sports,1548.45,True
P014525,Generate End-To-End Web Services,Home,FREE,True
P000816,BlanchedAlmond Delectus,Books,17632.4,True
P007910,Bisque Blanditiis,Beauty,485.55,True
P000043,Silver Pariatur,Fashion,17497.52,True
P001966,YellowGreen Similique,Beauty,16221.21,True
P004394,Maroon Modi,Electronics,4993.09,True
P009113,Gold Numquam,Electronics,2782.19,True
P001084,Violet Nobis,Toys,16262.47,True
P008640,Tan Consectetur,Books,11025.45,True
P004504,AliceBlue Tempora,Grocery,2262.63,True
P007483,SpringGreen Repellendus,Beauty,18960.36,True
P005178,MediumSlateBlue Omnis,Home,17596.41,True
P007329,LightGreen Minus,Books,8899.11,True
P007951,BlanchedAlmond Voluptatem,Beauty,23461.48,True
P007669,SeaGreen Vero,Toys,8043.49,True
P008354,LightYellow Fugit,Fashion,19104.3,True
P000968,Engage 24/365 Metrics,Fashion,8294.08,True
P003241,SaddleBrown Iure,Home,18090.86,True
P005110,OliveDrab Amet,Electronics,7963.09,True
P010649,LightPink Quis,Beauty,23215.71,True
P003578,LimeGreen Autem,Grocery,13933.42,True
P012430,Seize 24/365 Solutions,Beauty,-570.1989083557269,True
P006753,DarkGoldenRod Nostrum,Toys,2084.93,True
P009914,MintCream Facilis,Toys,22135.8,True
P013424,,Fashion,10713.38,True
P013483,Maximize 24/365 Content,Fashion,FREE,True
P010752,Red Sunt,Books,14926.99,True
P002461,Peru Impedit,Home,4610.48,True
P006361,LightCoral Laborum,Beauty,8687.39,True
P004350,LightSteelBlue Ipsum,Electronics,11819.1,True
P000986,Orange Modi,Fashion,8556.54,True
P006880,AliceBlue Voluptatibus,Home,23778.76,True
P001683,DarkSlateGray At,Home,20661.56,True
P007898,Drive Transparent Methodologies,Books,10468.84,True
P010137,Blue Quia,Toys,10095.19,True
P012916,,Fashion,16889.48,True
P007385,SandyBrown Voluptatum,Grocery,5508.93,True
P008052,Blue Earum,Home,11429.19,True
P010391,OrangeRed Commodi,Grocery,7630.49,True
P011720,DarkSalmon Tempore,Beauty,15068.31,True
P008410,OrangeRed Aliquam,Beauty,12556.41,True
P004715,RoyalBlue Nihil,Toys,19093.8,True
P007046,PapayaWhip Laborum,Home,278.7,True
P002518,Purple Quas,Grocery,14868.57,True
P004890,OrangeRed Vitae,Books,669.98,True
P002173,LightGray Fugiat,Beauty,3818.67,True
P000127,Optimize Robust Eyeballs,,11951.83,True
P010990,Chartreuse Incidunt,Home,3270.87,True
P005598,DarkRed Minima,Electronics,13374.87,True
P004757,PowderBlue Beatae,Books,24214.62,True
P011510,Beige Cumque,Home,15081.71,True
P007686,Linen Voluptatibus,Beauty,6357.01,True
P006065,LightPink Magnam,Toys,24499.31,True
P004751,Chocolate Numquam,Fashion,24777.2,True
P008387,SlateBlue Laboriosam,Home,1291.29,True
P004465,Ivory Vero,Beauty,20058.56,True
P002864,Maroon Fuga,Beauty,12029.97,True
P006010,DarkViolet Sed,Fashion,8026.06,True
P009982,MediumPurple Nesciunt,Books,7103.54,True
P010223,LightSalmon Libero,Fashion,11211.52,True
P010502,DodgerBlue Ut,Fashion,5093.9,True
P010873,Salmon Asperiores,Sports,3319.6,True
P009160,Salmon Sunt,Toys,17203.52,True
P000368,OrangeRed Hic,Books,24000.94,True
P009895,LawnGreen Asperiores,Sports,20683.27,True
P013098,Disintermediate 24/7 Web-Readiness,,FREE,True
P004823,DarkTurquoise Culpa,Home,10297.11,True
P001101,LightCyan Accusamus,Toys,9965.15,True
P007934,Indigo Similique,Beauty,354.97,True
P001241,BurlyWood Ea,Fashion,5109.07,True
P005856,Magenta Ipsa,Beauty,9146.04,True
P011008,LightSeaGreen In,Grocery,12661.31,True
P006025,DarkSlateBlue Esse,Beauty,9605.05,True
P007220,Magenta Error,Electronics,13893.73,True
P001294,Chartreuse Aut,Sports,24941.76,True
P011398,LightCoral Soluta,Beauty,12335.65,True
P010950,LawnGreen Aut,Beauty,13291.78,True
P001411,Olive Impedit,Fashion,13898.42,True
P000417,LightBlue Amet,Fashion,946.65,True
P001198,AliceBlue Quae,Home,7924.1,True
P003880,Yellow Deserunt,Home,7724.0,True
P000884,PeachPuff Voluptatum,Grocery,21401.02,True
P004705,WhiteSmoke Eligendi,Home,1070.79,True
P006365,DarkOrchid Numquam,Beauty,5239.3,True
P007545,Bisque Explicabo,Toys,22422.47,True
P007682,LightYellow Et,Beauty,23173.01,True
P003303,Purple Fuga,Grocery,3112.05,True
P012201,,Grocery,2449.26,True
P006810,Ivory Libero,Grocery,13053.32,True
P008067,DarkMagenta Explicabo,Fashion,8391.09,True
P004226,MediumBlue Consequatur,Beauty,23477.5,True
P004765,Khaki Distinctio,Home,21912.05,True
P007537,DarkSalmon Quaerat,Beauty,15570.86,True
P007259,Sienna Doloribus,Electronics,19219.31,True
P005486,Empower Scalable Mindshare,Toys,306.45,True
P003039,ForestGreen Architecto,Toys,7534.74,True
P008297,LightSteelBlue Eaque,Sports,18401.17,True
P005026,DarkRed Optio,Grocery,12035.26,True
P013751,Transform Distributed Communities,Home,-380.41369751268945,True
P010816,MidnightBlue Repudiandae,Fashion,11658.8,True
P007470,MediumVioletRed Tenetur,Home,16901.68,True
P013306,Cultivate Cross-Platform E-Markets,Home,-300.38428875893095,True
P008554,DeepSkyBlue Aliquam,Electronics,7774.26,True
P006042,SandyBrown Harum,Home,6850.36,True
P004495,DodgerBlue Iste,Sports,13105.12,True
P014750,Re-Intermediate Clicks-And-Mortar Solutions,,FREE,True
P009725,LemonChiffon Quo,Home,801.18,True
P004877,Thistle Corrupti,Books,15739.6,True
P008414,DarkSalmon Error,Home,17868.39,True
P011022,Indigo Debitis,Beauty,10166.08,True
P005390,Purple Nostrum,Grocery,23226.0,True
P009325,PeachPuff Perspiciatis,Sports,5721.85,True
P009630,WhiteSmoke Debitis,Home,23930.22,True
P000498,AliceBlue Consequuntur,Books,19336.05,True
P000500,LightSeaGreen Labore,Home,4043.68,True
P006270,Red Commodi,Beauty,20348.51,True
P004671,DarkGoldenRod Ratione,Fashion,10723.42,True
P007263,DarkSalmon Corrupti,Home,20341.43,True
P013384,Utilize Seamless Partnerships,Fashion,FREE,True
P009122,Azure Facere,Fashion,11021.5,True
P008355,GoldenRod Eveniet,Electronics,13145.88,True
P001069,White Deleniti,Toys,8347.87,True
P011048,NavajoWhite Accusamus,Books,20923.09,True
P002013,Magenta Consequuntur,Fashion,7146.43,True
P001690,Magenta Minima,Electronics,1424.72,True
P006680,DodgerBlue Sint,Home,18646.28,True
P010477,DarkGray Aliquam,Home,10303.52,True
P000703,Teal Quam,Grocery,21713.16,True
P004076,MediumTurquoise Optio,Fashion,3400.97,True
P014427,Synergize B2C Web-Readiness,Books,FREE,True
P002372,Green Eos,Electronics,1100.02,True
P008849,Indigo Debitis,Books,670.87,True
P003088,Chocolate Alias,Toys,7005.76,True
P007678,Indigo At,Sports,12246.83,True
P000658,AliceBlue Veritatis,Fashion,13985.55,True
P003757,PaleGreen Facere,Home,11503.07,True
P002394,Purple Sapiente,Books,9825.2,True
P009660,BurlyWood Quos,Sports,15960.41,True
P007855,Indigo Eius,Toys,24644.0,True
P011307,LawnGreen Quo,Grocery,4506.41,True
P011283,Brown Laboriosam,Grocery,21459.69,True
P007362,DarkSlateBlue Quaerat,Sports,21238.0,True
P007838,Beige Dolores,Electronics,24757.91,True
P014212,Generate Seamless Convergence,,-33.161625532787326,True
P010797,PowderBlue Facilis,Fashion,7459.57,True
P014280,Revolutionize Bricks-And-Clicks Roi,Beauty,FREE,True
P005277,FloralWhite Molestiae,Grocery,14709.67,True
P010165,DarkGreen Neque,Fashion,24645.76,True
P009133,LightSteelBlue Nam,Toys,16612.91,True
P002698,Morph B2C Mindshare,Books,14471.93,True
P003769,Azure Fugit,Sports,2077.56,True
P013858,Incentivize Seamless E-Commerce,Beauty,-316.85874939739534,True
P007163,Olive Veritatis,Toys,24820.3,True
P009478,Maroon Odit,Home,6409.52,True
P008286,MediumVioletRed Odit,Electronics,9888.95,True
P007982,Generate Out-Of-The-Box E-Services,Grocery,12469.49,True
P010326,DarkSlateBlue Accusantium,Books,10932.04,True
P004226,Matrix Front-End Niches,Sports,15869.01,True
P001415,IndianRed Sint,Sports,15349.89,True
P005161,DarkRed Explicabo,Electronics,4337.97,True
P009333,PaleGoldenRod Magnam,Sports,8609.94,True
P001991,SlateGray Labore,Fashion,14785.67,True
P001425,Implement B2C Partnerships,Toys,17398.29,True
P000572,AliceBlue Perferendis,Sports,14382.9,True
P000044,Khaki Assumenda,Grocery,10545.27,True
P004445,BlueViolet Odit,Home,3355.79,True
P012210,Aggregate Holistic Applications,Books,FREE,True
P005990,SkyBlue Ducimus,Books,4241.56,True
P008654,Chartreuse Incidunt,Fashion,20990.26,True
P003111,Incubate Innovative Partnerships,Fashion,24794.41,True
P006796,Lime Qui,Toys,17889.42,True
P000938,SkyBlue Illo,Toys,3648.51,True
P000268,Fuchsia Inventore,Sports,4499.0,True
P001509,DeepSkyBlue Necessitatibus,Beauty,24960.08,True
P000102,OliveDrab Cum,Home,4108.75,True
P010120,Ivory Tenetur,Grocery,11067.35,True
P004642,FireBrick Officiis,Toys,22137.16,True
P012498,,Grocery,4045.79,True
P013935,Target Revolutionary Synergies,Books,FREE,True
P013698,Drive One-To-One Deliverables,Electronics,-596.591218394203,True
P007374,DarkGoldenRod Vero,Beauty,20182.81,True
P011030,DeepSkyBlue Nisi,Toys,9666.73,True
P001710,DarkKhaki At,Sports,10966.4,True
P009494,AntiqueWhite Vitae,Toys,12634.68,True
P004686,DarkOrchid Non,Electronics,10358.82,True
P002724,AntiqueWhite Officiis,Sports,174.19,True
P001024,Green Illo,Home,19304.96,True
P003849,PowderBlue Reiciendis,Grocery,22054.83,True
P010284,HotPink Voluptatum,Grocery,5156.64,True
P002617,DarkBlue Nesciunt,Home,7768.67,True
P005611,BurlyWood Suscipit,Toys,11110.14,True
P004878,PaleGreen Repellendus,Beauty,15317.31,True
P010951,LightSlateGray Accusamus,Fashion,8308.46,True
P013943,Reinvent Integrated Functionalities,Fashion,-755.9422825660992,True
P000082,HotPink Nesciunt,Fashion,23758.1,True
P000927,Navy Incidunt,Fashion,2899.73,True
P007476,Redefine Killer Bandwidth,Sports,7079.24,True
P006382,PowderBlue Vel,Electronics,4281.37,True
P004279,DeepSkyBlue Deleniti,Sports,10192.65,True
P008815,Gainsboro A,Sports,20056.7,True
P000973,Snow Voluptatibus,Home,15189.88,True
P010786,LightYellow A,Sports,10754.32,True
P005120,Black Sint,Toys,3181.13,True
P014229,Enhance B2B Synergies,Toys,-44.61864563137413,True
P001179,Evolve E-Business E-Business,Books,794.1,True
P013166,Whiteboard Compelling Eyeballs,Fashion,-389.1716425677284,True
P011622,Green Distinctio,Beauty,21734.81,True
P000977,IndianRed Maiores,Toys,22058.33,True
P013118,,Home,1907.62,True
P004012,Wheat Esse,Grocery,12248.2,True
P003811,Azure Voluptate,Home,13695.55,True
P009147,PapayaWhip Deleniti,Grocery,3601.83,True
P007960,MidnightBlue Nam,Beauty,5980.17,True
P007306,SlateGray Numquam,Electronics,14563.83,True
P004871,Iterate Integrated E-Services,Sports,5405.02,True
P010825,Purple Incidunt,Beauty,582.41,True
P007016,Architect Seamless Web Services,Toys,9289.44,True
P002499,BlueViolet Ut,Books,10602.96,True
P007111,Lime Ullam,Sports,22997.41,True
P004019,BlanchedAlmond Natus,Grocery,15650.38,True
P012364,Generate Customized Markets,Fashion,-923.7934549903813,True
P006053,Deploy Dynamic Web Services,Books,20376.65,True
P002629,Whiteboard Wireless Action-Items,Toys,16517.4,True
P010839,Linen Voluptatum,Electronics,7527.64,True
P008965,Productize One-To-One E-Commerce,Sports,12591.58,True
P006681,MediumOrchid Eum,Grocery,6074.87,True
P014400,Incentivize Vertical Platforms,,-767.5961597816707,True
P006646,Yellow Sint,Sports,9032.03,True
P001130,BurlyWood Dignissimos,Books,9014.38,True
P004958,Beige Voluptatem,Books,17348.72,True
P004048,Re-Intermediate Killer Synergies,Grocery,5222.92,True
P001165,MediumSpringGreen Veniam,Books,22058.9,True
P000351,DeepSkyBlue Perferendis,Sports,22506.77,True
P001962,Green Amet,Electronics,9784.42,True
P004375,Engineer Strategic Networks,Grocery,21445.89,True
P002712,Snow Consequatur,Grocery,11121.02,True
P008864,Khaki Harum,Grocery,9399.71,True
P007963,DodgerBlue Ipsa,Toys,23240.51,True
P005964,DeepPink Magni,Books,22977.69,True
P000030,Silver Quam,Beauty,1131.51,True
P003508,LavenderBlush Illum,Fashion,3970.34,True
P005768,Crimson At,Books,108.52,True
P010727,LawnGreen Quos,Grocery,11195.96,True
P002928,Tomato Quia,Books,15588.14,True
P001590,Teal Atque,Home,21545.43,True
P001977,Aquamarine Error,Electronics,16716.71,True
P012242,,Sports,15078.45,True
P007549,Aqua Fugiat,Grocery,22235.25,True
P001252,Maroon Molestias,Grocery,6806.43,True
P007358,BlanchedAlmond Exercitationem,Electronics,9466.78,True
P002243,Lime Ipsum,Beauty,14212.88,True
P004927,Peru Eius,Books,20270.49,True
P009535,Envisioneer Innovative Methodologies,Sports,16076.95,True
P003644,NavajoWhite Assumenda,Home,13221.82,True
P008826,SkyBlue Molestiae,Books,5943.11,True
P008518,IndianRed Aut,Fashion,8774.19,True
P003108,FireBrick Nulla,Books,6675.93,True
P002042,DarkGreen Blanditiis,Sports,3540.34,True
P014263,,Fashion,23704.55,True
P011867,SaddleBrown Facilis,Sports,8581.03,True
P009121,BlanchedAlmond Nihil,Books,2891.62,True
P010206,HoneyDew Facere,Electronics,1675.9,True
P005173,Linen Minima,Fashion,1408.92,True
P009141,Teal Animi,Electronics,10055.25,True
P004352,SpringGreen Itaque,Books,24806.16,True
P004497,DarkSeaGreen Est,Toys,20951.61,True
P012183,Unleash Real-Time Infrastructures,Home,-997.0875226360275,True
P002222,LimeGreen Tempore,Home,4023.54,True
P003288,LemonChiffon Illum,Fashion,9025.91,True
P008144,Tomato Necessitatibus,Fashion,20341.59,True
P005589,Magenta Nemo,Home,11673.88,True
P002043,OliveDrab Asperiores,Fashion,20612.76,True
P003399,Blue Provident,Grocery,7564.74,True
P001218,Productize Dynamic Technologies,Sports,19916.45,True
P010836,SeaGreen Dolorum,Sports,19573.96,True
P008135,PaleGoldenRod Magni,Toys,2848.52,True
P003818,Silver Sequi,Toys,6679.39,True
P007771,IndianRed Laudantium,Books,24531.93,True
P004457,Azure Amet,Books,19381.29,True
P004217,GhostWhite Ipsam,Toys,15609.53,True
P009238,DarkGreen Praesentium,Grocery,10808.19,True
P004318,DarkOliveGreen Eligendi,Beauty,8591.88,True
P012972,,,3915.53,True
P003936,PapayaWhip Ab,Toys,4746.59,True
P007833,PowderBlue Asperiores,Toys,7522.64,True
P011195,Bisque A,Electronics,5780.97,True
P009501,White Deserunt,Fashion,19648.44,True
P002995,Gray Voluptates,Electronics,20030.01,True
P013699,Maximize Viral Schemas,Electronics,FREE,True
P005488,SteelBlue Dignissimos,Sports,9408.69,True
P002048,Tomato Ut,Beauty,4120.3,True
P004296,BlueViolet Ab,Grocery,12982.88,True
P013350,,Electronics,383.57,True
P008923,Beige Sed,Books,14531.84,True
P004540,MediumSlateBlue Quos,Fashion,13694.61,True
P002494,MistyRose Eum,Toys,4588.63,True
P001087,Lavender Dolorem,Electronics,2033.0,True
P008389,Indigo Optio,Home,23838.74,True
P013159,Monetize B2B E-Business,Grocery,-873.3746861889167,True
P012596,,Sports,1513.88,True
P014443,,,20593.78,True
P012218,Incubate Bricks-And-Clicks Synergies,Electronics,-896.1740780981348,True
P008183,Linen Quasi,Sports,13844.18,True
P009487,CadetBlue Hic,Beauty,3814.31,True
P003343,LightGoldenRodYellow Esse,Grocery,14385.22,True
P002645,PaleGoldenRod Rerum,Toys,5258.16,True
P012423,,Electronics,18676.91,True
P010700,MistyRose Reiciendis,Sports,24002.96,True
P006810,Unleash Robust Models,Sports,23854.66,True
P003810,DimGray Quibusdam,Electronics,6072.71,True
P000400,LightGray Ipsam,Grocery,20632.83,True
P007024,LightCyan Expedita,Home,1679.31,True
P012057,Syndicate Killer E-Markets,Books,-983.9310219429505,True
P002636,SlateBlue Asperiores,Fashion,3903.48,True
P004447,IndianRed Tempora,Sports,9054.55,True
P009026,DarkViolet Dolores,Sports,5852.19,True
P004905,Lime Numquam,Sports,3954.61,True
P008961,WhiteSmoke Ab,Fashion,16592.56,True
P001173,DarkRed Corporis,Grocery,8615.11,True
P004438,Magenta Nam,Grocery,12483.06,True
P011228,PaleVioletRed Sapiente,Books,4519.75,True
P014870,Brand Interactive Models,Grocery,FREE,True
P001913,Gainsboro Libero,Toys,6773.72,True
P007750,Navy Enim,Grocery,11876.39,True
P010920,PaleTurquoise Omnis,Sports,17805.02,True
P009022,Cyan Perspiciatis,Home,19190.0,True
P000162,DarkOliveGreen Nobis,Toys,14796.04,True
P004657,Utilize Bricks-And-Clicks E-Commerce,Home,1523.99,True
P001783,SpringGreen Facilis,Grocery,6222.92,True
P014629,Implement Cutting-Edge Metrics,Toys,-832.6024566908278,True
P007366,MediumOrchid Dolorem,Grocery,16386.62,True
P013942,E-Enable 24/7 Architectures,Electronics,-642.2511738985859,True
P010439,Ivory Ipsam,Beauty,10399.7,True
P010697,Yellow Eius,Fashion,20800.22,True
P008357,MediumSeaGreen Dolorum,Home,17922.85,True
P014183,Incentivize Value-Added Infrastructures,Grocery,FREE,True
P005330,Indigo Minima,Home,8177.9,True
P008904,Purple Quibusdam,Toys,15272.94,True
P005787,MediumSeaGreen Quod,Beauty,5684.87,True
P004750,PeachPuff Officia,Home,2337.86,True
P003590,Tan Minus,Books,2384.31,True
P014077,Harness Strategic Users,,-142.96558864667224,True
P005608,OrangeRed Unde,Sports,24726.13,True
P000396,DeepSkyBlue Doloremque,Home,22545.44,True
P011177,Aqua Non,Home,18117.62,True
P005092,Teal Nam,Electronics,10614.9,True
P011756,MidnightBlue Architecto,Books,23072.88,True
P012965,Redefine B2C Metrics,Home,FREE,True
P000716,ForestGreen Ullam,Home,22981.24,True
P006949,DarkOrchid Molestias,Electronics,6845.5,True
P002868,DodgerBlue Aperiam,Grocery,7501.87,True
P002216,BurlyWood Voluptate,Grocery,739.4,True
P006011,Tan Ullam,Beauty,10141.83,True
P006793,MediumSpringGreen Facilis,Home,5644.51,True
P003838,DarkGray Molestias,Electronics,23419.9,True
P005628,Maroon Fugit,Home,22567.95,True
P006837,LightYellow Vitae,Sports,4277.08,True
P011928,MediumOrchid Ullam,Beauty,19576.88,True
P001723,PaleGoldenRod Labore,Electronics,4404.18,True
P002070,SeaGreen Asperiores,Books,22384.8,True
P013886,Optimize Next-Generation E-Tailers,Beauty,-177.2238853473017,True
P009418,DeepPink Explicabo,Fashion,19609.95,True
P013431,,Books,12085.81,True
P004803,Ivory Asperiores,Fashion,703.72,True
P004133,LightGoldenRodYellow Eum,Books,7045.36,True
P004454,DimGray Asperiores,Beauty,311.33,True
P008438,CadetBlue Unde,Electronics,18489.77,True
P006911,RosyBrown Excepturi,Grocery,16903.84,True
P013885,,Electronics,12635.86,True
P009129,DarkSlateBlue Ad,Home,15483.04,True
P006101,Olive Repellendus,Beauty,7218.11,True
P002756,Cornsilk Eius,Fashion,17127.52,True
P010493,Brown Suscipit,Grocery,16307.66,True
P000447,SandyBrown Adipisci,Toys,22842.99,True
P009647,Chartreuse Illum,Sports,8602.61,True
P010059,MidnightBlue Debitis,Sports,19828.22,True
P008326,DimGray Eum,Sports,17569.95,True
P003866,Sienna Cum,Grocery,18999.95,True
P002502,DarkBlue Sint,Toys,2135.66,True
P006719,LightGray Dolorem,Home,23726.46,True
P000516,Chartreuse Quod,Books,9700.69,True
P006546,AntiqueWhite Quis,Grocery,15775.24,True
P000074,Red Quae,Books,755.21,True
P007944,LightGray Fuga,Electronics,13951.84,True
P000947,OliveDrab Ea,Electronics,13796.72,True
P003182,RoyalBlue Voluptatem,Books,19027.66,True
P001581,DarkCyan Quae,Sports,18042.54,True
P009322,Azure Et,Sports,11490.44,True
P010828,Beige Exercitationem,Books,22019.68,True
P014347,Revolutionize Next-Generation Web Services,Beauty,FREE,True
P002716,Cornsilk Nulla,Grocery,12230.07,True
P010132,MediumSlateBlue Nihil,Electronics,2295.29,True
P000272,DarkTurquoise Quos,Grocery,1986.88,True
P006785,DeepSkyBlue Aspernatur,Grocery,8584.53,True
P011093,Magenta Quisquam,Fashion,12307.89,True
P002507,SteelBlue Nobis,Toys,3328.44,True
P007689,DarkBlue Eligendi,Sports,2479.21,True
P001572,Leverage Customized Functionalities,Electronics,14738.87,True
P006166,ForestGreen Omnis,Electronics,5373.86,True
P012608,,Grocery,21451.01,True
P000282,MediumSpringGreen Laudantium,Fashion,15470.52,True
P000364,DarkSeaGreen Omnis,Home,15634.87,True
P003311,DarkSlateGray Totam,Sports,3153.55,True
P002139,DarkOrange Architecto,Home,18703.59,True
P002588,SpringGreen Deserunt,Toys,10771.51,True
P001487,RosyBrown Aut,Home,1812.75,True
P010640,Lavender Commodi,Electronics,13818.19,True
P001845,Aqua Maiores,Grocery,8029.07,True
P011465,MediumSeaGreen Totam,Sports,16782.91,True
P012404,,,14057.67,True
P003672,SeaShell Iusto,Books,11879.11,True
P004085,MediumBlue Deleniti,Sports,8217.02,True
P002683,Orchestrate Bleeding-Edge Platforms,Toys,18135.0,True
P003593,SandyBrown Blanditiis,Electronics,19357.22,True
P008271,Salmon Labore,Fashion,6695.44,True
P002210,Silver Consequuntur,Sports,2646.86,True
P010614,LightGoldenRodYellow Officia,Home,2197.0,True
P010211,OldLace Tempora,Beauty,374.73,True
P002198,SeaShell Possimus,Beauty,12022.22,True
P003575,Bisque Provident,Electronics,8941.36,True
P014938,Expedite Out-Of-The-Box Users,Books,-343.71520314158397,True
P004995,Brown Labore,Grocery,15741.81,True
P003539,Turquoise Rerum,Electronics,17147.42,True
P012909,,Electronics,3571.14,True
P010368,AntiqueWhite Ipsum,Toys,17431.45,True
P004669,SlateGray Impedit,Fashion,3100.49,True
P006253,FireBrick Voluptatem,Fashion,668.13,True
P001825,Violet Doloribus,Grocery,19711.58,True
P011280,Snow Qui,Electronics,64.84,True
P009349,Magenta Ipsa,Books,23407.1,True
P006393,Aquamarine Animi,Home,20562.8,True
P006360,GreenYellow Ducimus,Grocery,22025.99,True
P007341,MediumSpringGreen Voluptatem,Books,7338.74,True
P014504,Aggregate Granular E-Tailers,,FREE,True
P007687,LavenderBlush Eos,Grocery,17892.56,True
P005306,DarkGoldenRod Veritatis,Grocery,22564.1,True
P001686,Tomato Autem,Sports,10572.09,True
P006230,DarkCyan Asperiores,Sports,8924.59,True
P008970,Tan Labore,Beauty,5809.75,True
P006182,FloralWhite Quam,Beauty,9506.48,True
P011790,Maroon Distinctio,Fashion,13436.2,True
P009240,Gainsboro Omnis,Grocery,16024.66,True
P007078,PaleTurquoise Incidunt,Toys,19267.38,True
P007860,LightSteelBlue Explicabo,Home,23416.4,True
P009389,DeepSkyBlue Accusamus,Beauty,16936.56,True
P002279,DarkGray Officiis,Home,5529.72,True
P007151,SteelBlue Quis,Sports,3624.86,True
P007609,MintCream Voluptates,Fashion,6511.36,True
P001740,MidnightBlue Dolorem,Sports,17148.52,True
P008914,DarkKhaki Sint,Toys,23122.53,True
P003403,MediumBlue Corrupti,Fashion,17243.11,True
P000455,MediumSeaGreen Sit,Fashion,14789.37,True
P003098,LightCyan Deserunt,Grocery,16266.38,True
P007109,Transition Clicks-And-Mortar Synergies,Beauty,17051.33,True
P005081,Salmon Nihil,Electronics,17343.43,True
P012665,Optimize Revolutionary Relationships,Grocery,-110.96055635806795,True
P006734,OldLace Nisi,Books,4722.36,True
P007756,Green Dolore,Sports,16099.95,True
P004168,LavenderBlush Nostrum,Toys,6500.86,True
P001666,LavenderBlush Sapiente,Beauty,16325.21,True
P006730,FireBrick Nihil,Toys,15233.74,True
P011634,DarkSlateGray Veniam,Books,23983.67,True
P000811,Yellow Rem,Fashion,22051.5,True
P006259,Lavender Assumenda,Sports,11077.31,True
P011631,Sienna Illum,Toys,15393.09,True
P003884,Black Excepturi,Grocery,968.12,True
P007574,HotPink Ratione,Toys,18271.65,True
P003336,Coral Distinctio,Sports,10161.15,True
P009854,Cornsilk Dolores,Books,23817.84,True
P000239,Violet Quidem,Books,22857.86,True
P011524,Magenta Quae,Home,899.97,True
P002788,OldLace Pariatur,Books,15452.48,True
P002959,SlateBlue Vero,Electronics,3349.26,True
P007004,PaleGoldenRod Atque,Fashion,11314.51,True
P001831,YellowGreen Est,Home,10805.36,True
P007734,LightGray Sint,Books,1310.28,True
P001175,Maroon Molestiae,Sports,12152.13,True
P003949,DarkGreen Qui,Books,3487.77,True
P010020,LightSalmon Esse,Home,54.32,True
P005079,IndianRed Quisquam,Grocery,22111.39,True
P008550,LightPink Ipsam,Fashion,3556.22,True
P011531,MediumOrchid Sunt,Books,3507.44,True
P008800,DarkGray Consequuntur,Toys,10253.12,True
P000210,LightSkyBlue Commodi,Electronics,15939.64,True
P001059,NavajoWhite Adipisci,Fashion,10217.41,True
P007283,GreenYellow Amet,Books,18716.13,True
P009863,AliceBlue Voluptatem,Sports,8838.04,True
P006403,SteelBlue Aliquid,Books,19276.65,True
P006933,SaddleBrown Facere,Grocery,10675.72,True
P002330,DeepSkyBlue In,Home,23573.96,True
P003643,Yellow Nemo,Home,24667.09,True
P005989,Beige Ad,Home,21574.41,True
P005826,MintCream Ratione,Sports,23670.22,True
P005824,Cornsilk Fuga,Home,22565.28,True
P011584,PaleTurquoise Maiores,Electronics,17431.44,True
P011582,Chocolate Veniam,Sports,7756.84,True
P004297,DeepPink Accusantium,Electronics,182.14,True
P004993,BlueViolet Iure,Fashion,4829.08,True
P012097,Cultivate Enterprise Systems,Books,-418.8176948793075,True
P004623,Sienna Dolore,Grocery,1038.25,True
P008428,OldLace Dicta,Grocery,13979.54,True
P013868,,,16930.49,True
P013195,Aggregate Web-Enabled Synergies,Grocery,FREE,True
P007355,DarkSlateGray Necessitatibus,Sports,20000.02,True
P000903,Moccasin Error,Beauty,8367.85,True
P012543,Deliver Cutting-Edge Relationships,,-382.55749130679624,True
P013057,Strategize Cross-Media Deliverables,Fashion,FREE,True
P005290,Brown Aspernatur,Fashion,23239.29,True
P012553,Deploy Frictionless Markets,Sports,FREE,True
P010014,LightSteelBlue Beatae,Beauty,15791.7,True
P004484,RosyBrown Commodi,Fashion,13234.95,True
P011623,Purple Delectus,Toys,10725.04,True
P012101,Productize Next-Generation Action-Items,Home,FREE,True
P012586,Repurpose Cross-Platform Relationships,Books,-345.5208147579475,True
P005312,DimGray Suscipit,Home,4151.49,True
P010948,Khaki Corporis,Grocery,19027.54,True
P009928,PaleTurquoise Deleniti,Sports,12728.17,True
P002608,LightGoldenRodYellow Explicabo,Home,15438.46,True
P009432,Cyan Inventore,Toys,23601.2,True
P010180,DarkOrchid Ad,Electronics,9316.89,True
P012074,Brand Vertical Vortals,Electronics,FREE,True
P009280,HoneyDew Excepturi,Grocery,10369.0,True
P002956,Drive Transparent Channels,Electronics,15023.03,True
P006866,DarkSlateBlue Accusantium,Fashion,192.49,True
P000126,SlateBlue Quo,Beauty,652.83,True
P005067,MediumSlateBlue Pariatur,Toys,22241.96,True
P011255,Peru Minus,Fashion,8664.7,True
P008804,Aqua Odio,Books,3456.39,True
P003867,RosyBrown Ipsa,Sports,716.48,True
P009894,Red Et,Beauty,17823.48,True
P001311,Deploy User-Centric Convergence,Sports,19007.32,True
P009544,AliceBlue Nostrum,Fashion,504.96,True
P011938,WhiteSmoke Eos,Electronics,8201.1,True
P008546,Beige Labore,Grocery,719.39,True
P001280,HotPink Rerum,Home,22619.14,True
P000081,Teal Ut,Sports,18202.11,True
P006506,LightYellow Vitae,Home,1323.8,True
P003204,WhiteSmoke Nobis,Electronics,24252.85,True
P006229,DarkMagenta Cumque,Grocery,9643.53,True
P005214,BurlyWood Corporis,Electronics,5777.6,True
P007211,DarkViolet Vero,Beauty,8175.25,True
P011281,NavajoWhite Impedit,Fashion,18819.13,True
P003977,DarkSeaGreen Nostrum,Toys,18353.53,True
P004542,DarkBlue Iste,Home,3541.86,True
P009168,BurlyWood Accusantium,Toys,22876.72,True
P003453,Cyan Eaque,Electronics,22254.05,True
P004893,LawnGreen Molestiae,Beauty,14038.42,True
P000655,DarkViolet Ea,Beauty,10339.53,True
P014008,Benchmark Value-Added E-Business,Grocery,FREE,True
P009376,AliceBlue Amet,Sports,22231.71,True
P003948,Salmon Minus,Books,9969.41,True
P005762,Red Sequi,Grocery,5988.27,True
P004276,HoneyDew Aliquam,Sports,19097.11,True
P004561,LightSkyBlue Vitae,Electronics,24803.79,True
P006171,PaleGoldenRod Ipsa,Sports,2794.1,True
P006228,Orange Eveniet,Home,16788.24,True
P006528,LightCoral Dolores,Toys,20843.92,True
P005971,Teal Dolorum,Toys,8959.17,True
P011989,Snow Rerum,Electronics,7849.36,True
P011122,Chartreuse Cupiditate,Electronics,18279.56,True
P004301,Azure Perferendis,Home,18182.98,True
P013539,Visualize Cross-Platform Eyeballs,,FREE,True
P010283,ForestGreen Fugit,Grocery,6461.1,True
P004148,LightSalmon Adipisci,Sports,20191.9,True
P012481,,,3330.22,True
P001232,Yellow Fugiat,Toys,18646.76,True
P004343,CadetBlue Magnam,Electronics,20961.42,True
P007305,DarkSeaGreen Optio,Electronics,23556.5,True
P003185,DarkMagenta Id,Electronics,22539.9,True
P008931,Violet Dolores,Home,13336.06,True
P013915,,Sports,9120.02,True
P010721,PeachPuff Numquam,Books,3129.49,True
P011183,MediumPurple Atque,Books,9304.54,True
P001481,Orchestrate Best-Of-Breed Infrastructures,Grocery,18697.02,True
P005301,Blue Eos,Sports,279.29,True
P001038,DarkMagenta Quae,Sports,5213.73,True
P005528,ForestGreen Sed,Grocery,13386.36,True
P005269,Chartreuse Repellendus,Fashion,12519.86,True
P009563,LightSalmon Veritatis,Electronics,9521.32,True
P012189,,Books,4584.92,True
P010441,Navy Quia,Electronics,16043.27,True
P013549,Empower Bleeding-Edge Solutions,Beauty,-134.17156749849462,True
P014194,,Books,1431.06,True
P008287,DarkRed Excepturi,Home,14978.41,True
P014668,Expedite Enterprise Methodologies,Beauty,-869.3203683001786,True
P002402,Orchid Nihil,Electronics,24405.34,True
P001219,SteelBlue Dolore,Beauty,3057.65,True
P008823,SpringGreen Nemo,Books,494.32,True
P005239,Khaki Ad,Sports,20271.18,True
P013370,Aggregate Holistic Web Services,Home,FREE,True
P007337,PeachPuff Praesentium,Toys,5937.09,True
P005942,DarkViolet Facilis,Beauty,16362.7,True
P000908,Orange Amet,Beauty,17706.08,True
P014185,,Beauty,13294.2,True
P003261,SaddleBrown Vel,Electronics,4194.37,True
P014357,,Electronics,19063.72,True
P009123,Tomato Consequuntur,Home,10622.33,True
P007856,Sienna Dolorum,Toys,6237.61,True
P012099,Syndicate Next-Generation Architectures,,-378.30406094256523,True
P006843,Productize Granular Infrastructures,Toys,16329.58,True
P009091,Unleash Holistic Convergence,Beauty,22765.77,True
P006200,Purple Cupiditate,Sports,164.75,True
P000880,Moccasin Aliquam,Beauty,14109.43,True
P009416,Peru Omnis,Sports,2647.54,True
P002635,DeepPink Quae,Fashion,19617.58,True
P005955,Grow Scalable Experiences,Books,417.58,True
P009525,MediumSlateBlue Deserunt,Fashion,13248.97,True
P012393,Transform Interactive Applications,Sports,-204.52498420286435,True
P002011,GoldenRod Corrupti,Electronics,19380.72,True
P008717,MidnightBlue Accusamus,Fashion,23081.84,True
P011999,MistyRose Magni,Grocery,20219.44,True
P008200,White Animi,Electronics,7511.1,True
P003921,MediumTurquoise Hic,Fashion,18936.36,True
P009860,LavenderBlush Non,Toys,940.79,True
P003928,DarkTurquoise Pariatur,Fashion,2286.08,True
P006300,White Sed,Sports,6417.96,True
P014593,Incubate Dynamic Info-Mediaries,Home,-350.3624866416644,True
P004792,Lime Earum,Electronics,14356.39,True
P006527,NavajoWhite Odit,Electronics,21900.98,True
P011593,Aqua Eaque,Beauty,8088.06,True
P008618,Purple Earum,Electronics,8461.54,True
P013573,Leverage World-Class Models,,-7.907668902113199,True
P003822,SeaShell Ratione,Beauty,6394.21,True
P009397,SaddleBrown Numquam,Beauty,11850.43,True
P007868,Khaki Libero,Books,7418.1,True
P004680,SkyBlue Fugiat,Home,22967.66,True
P014144,Reinvent Transparent Deliverables,Toys,FREE,True
P007316,Teal Non,Fashion,24124.41,True
P008529,MediumBlue Nulla,Books,9793.77,True
P009515,ForestGreen Quidem,Beauty,20890.81,True
P009661,Teal Minima,Electronics,20950.77,True
P001780,MediumAquaMarine Porro,Fashion,20855.32,True
P010271,MediumSlateBlue Ullam,Books,21915.39,True
P004663,LightSkyBlue Dignissimos,Beauty,5258.07,True
P007956,DarkSlateGray Ad,Books,19454.14,True
P005343,Orchid Alias,Grocery,20305.93,True
P004461,SandyBrown Neque,Toys,7688.89,True
P006614,Beige Voluptatem,Electronics,22324.14,True
P014399,Expedite Value-Added Models,Electronics,FREE,True
P001944,DarkTurquoise Corporis,Books,11633.0,True
P002306,MediumBlue Rem,Fashion,19315.46,True
P007738,DarkOrange Nostrum,Home,19328.79,True
P010559,SeaShell Perspiciatis,Books,21697.99,True
P003497,Extend Frictionless Interfaces,,13639.44,True
P002133,Salmon Reiciendis,Beauty,2686.65,True
P003911,BlueViolet Laborum,Books,12736.16,True
P012926,Benchmark World-Class Relationships,Home,FREE,True
P009986,Magenta Distinctio,Beauty,17836.82,True
P010550,DarkBlue Est,Electronics,6678.3,True
P006599,SeaShell Veritatis,Sports,11814.94,True
P007323,LightGoldenRodYellow Accusamus,Beauty,18019.28,True
P000475,PowderBlue Minima,Electronics,21771.42,True
P011869,Coral Adipisci,Toys,14956.38,True
P004331,MediumSeaGreen Ipsa,Books,8665.12,True
P008424,OliveDrab Quo,Electronics,15635.4,True
P008497,MidnightBlue Consequuntur,Books,14391.11,True
P011051,LightGray Atque,Home,22880.2,True
P007258,Teal Id,Home,13203.24,True
P003814,IndianRed Neque,Books,15379.05,True
P012124,Enable Front-End Mindshare,Electronics,-653.2218493808626,True
P008583,Snow Beatae,Home,15673.88,True
P007606,Redefine One-To-One Supply-Chains,,8938.98,True
P007409,PaleVioletRed Consequuntur,Home,757.61,True
P007541,PowderBlue Similique,Electronics,17188.23,True
P000001,AntiqueWhite Labore,Electronics,21593.69,True
P012798,Leverage Synergistic Action-Items,Books,FREE,True
P010852,LawnGreen Voluptatibus,Toys,17633.43,True
P001777,FireBrick Animi,Electronics,6486.14,True
P001054,SaddleBrown Molestiae,Grocery,4802.57,True
P010322,SteelBlue Expedita,Fashion,16798.17,True
P004420,Plum Non,Toys,14940.66,True
P000651,LightCyan Beatae,Sports,14575.72,True
P012288,,Electronics,15767.26,True
P004152,DarkRed Sed,Beauty,17518.59,True
P009697,BlanchedAlmond Dolorem,Sports,2977.58,True
P009736,Embrace Dynamic E-Business,Beauty,15447.61,True
P008919,DarkCyan Minima,Toys,12857.58,True
P003475,Crimson Iure,Beauty,4041.15,True
P003001,SlateBlue Molestiae,Grocery,814.9,True
P005011,LightSlateGray Numquam,Fashion,24796.03,True
P009866,MediumOrchid Est,Fashion,5526.81,True
P008023,GhostWhite Labore,Grocery,4215.34,True
P006776,IndianRed Nobis,Home,11727.28,True
P003841,YellowGreen Labore,Fashion,23065.79,True
P012517,,Toys,16658.2,True
P000766,SlateGray Pariatur,Books,14864.41,True
P012913,,Electronics,9407.59,True
P002128,E-Enable Best-Of-Breed Supply-Chains,Sports,6458.22,True
P011856,Transform Interactive Web Services,,5794.25,True
P005452,DarkGray Nostrum,Toys,90.94,True
P005827,Expedite Killer Infrastructures,Books,13379.63,True
P004907,SkyBlue Praesentium,Books,552.08,True
P012969,Embrace Virtual E-Tailers,,FREE,True
P004698,LightSlateGray Provident,Books,19385.92,True
P002408,MediumSeaGreen Consectetur,Electronics,6919.74,True
P004638,FireBrick Autem,Sports,22654.96,True
P005239,Brand Customized Niches,Grocery,22408.28,True
P013008,Synergize Compelling Applications,Electronics,FREE,True
P000594,DarkOrchid Nemo,Grocery,13210.26,True
P011426,Moccasin Qui,Home,23308.57,True
P001926,DarkBlue Ratione,Toys,11647.33,True
P002050,Azure Tempore,Beauty,16967.27,True
P009620,Gray Perspiciatis,Electronics,21653.4,True
P008966,OliveDrab Perspiciatis,Beauty,8640.66,True
P005567,Snow Tempore,Sports,21989.92,True
P002531,Peru Beatae,Home,24702.41,True
P004747,Synthesize Strategic Interfaces,Home,2725.07,True
P006991,GoldenRod Vero,Grocery,1526.43,True
P010028,GhostWhite Deserunt,Electronics,16978.86,True
P008063,Tomato Esse,Sports,16406.46,True
P004437,CadetBlue Aliquid,Electronics,9024.44,True
P011676,Tan Libero,Fashion,10109.8,True
P002755,Red Excepturi,Sports,2058.32,True
P001618,Snow Nam,Grocery,21636.69,True
P005599,OldLace Inventore,Fashion,19668.45,True
P000918,Lime Qui,Books,23340.99,True
P013011,,Beauty,18613.63,True
P006429,Gold Vero,Books,23240.14,True
P007286,MediumSeaGreen Nisi,Sports,15373.36,True
P005013,CornflowerBlue Voluptatum,Books,6376.67,True
P006063,MediumPurple Enim,Books,23275.64,True
P001119,HoneyDew Qui,Grocery,6942.52,True
P013839,Incubate Bricks-And-Clicks Mindshare,Electronics,FREE,True
P000623,DarkGreen Odio,Beauty,12084.08,True
P010091,Target Killer Eyeballs,Home,4543.82,True
P003037,PaleTurquoise Placeat,Books,14234.86,True
P005843,SeaShell Doloremque,Fashion,20347.8,True
P011396,Aquamarine Cupiditate,Electronics,6724.55,True
P006713,Morph Holistic Metrics,Home,22785.05,True
P008378,MediumAquaMarine Quos,Beauty,5394.47,True
P013746,Repurpose Holistic Platforms,Home,-980.8147387957223,True
P002590,PaleGreen Consequatur,Home,22849.72,True
P011847,BlueViolet Unde,Electronics,10739.21,True
P014689,Synthesize Integrated Markets,Electronics,-257.8348291299523,True
P009557,DarkKhaki Inventore,Toys,5386.04,True
P014423,Implement Dynamic E-Commerce,Beauty,-481.3334136400842,True
P010263,DarkViolet Mollitia,Books,718.23,True
P000425,Cyan Voluptatum,Grocery,5603.43,True
P001603,ForestGreen Facilis,Books,20227.07,True
P005325,HoneyDew Unde,Fashion,7415.0,True
P009326,MediumBlue Optio,Toys,8215.73,True
P002388,Lavender Et,Toys,18825.57,True
P014380,Deliver End-To-End Relationships,Fashion,-552.7673792613002,True
P002055,Khaki Laudantium,Beauty,18796.36,True
P010071,Violet Voluptates,Home,13554.69,True
P003786,Coral Adipisci,Toys,1603.92,True
P001338,SeaGreen Aut,Grocery,5003.72,True
P000576,Gainsboro Praesentium,Home,582.82,True
P010598,Snow Ad,Sports,900.68,True
P000548,SaddleBrown Dolore,Grocery,23634.74,True
P012661,,Toys,992.14,True
P003190,MintCream Soluta,Electronics,19714.11,True
P000675,DarkMagenta Facere,Sports,20509.73,True
P000669,Salmon Itaque,Sports,4134.59,True
P008760,PeachPuff Itaque,Home,16988.85,True
P006386,LightGoldenRodYellow Repellat,Toys,16378.38,True
P009892,Lavender Debitis,Electronics,16072.51,True
P013096,,Sports,24991.41,True
P008055,AliceBlue Atque,Fashion,17021.77,True
P009208,PaleTurquoise Earum,Fashion,21094.49,True
P000949,Orchid Omnis,Electronics,11805.67,True
P000527,Fuchsia Explicabo,Beauty,9223.63,True
P007414,ForestGreen Doloribus,Home,3410.65,True
P011383,BurlyWood Consectetur,Grocery,12663.59,True
P009021,DeepPink Minima,Fashion,17917.97,True
P011716,Azure Ipsum,Books,19885.09,True
P008684,IndianRed Quod,Sports,18997.96,True
P002161,Turquoise Necessitatibus,Sports,23189.81,True
P010609,Wheat Necessitatibus,Sports,5144.02,True
P005532,PaleGreen Veritatis,Fashion,16155.74,True
P008289,CadetBlue Quisquam,Toys,16986.23,True
P011614,DarkMagenta Aspernatur,Sports,3029.74,True
P001968,Olive Sed,Grocery,12804.16,True
P010356,Silver Ullam,Books,86.55,True
P002319,Ivory Quisquam,Beauty,23328.59,True
P012040,Transition Synergistic Architectures,,-958.1543706467088,True
P003745,Salmon Blanditiis,Books,21961.51,True
P006930,Orchid Incidunt,Beauty,3278.08,True
P005970,Purple Nulla,Toys,14582.09,True
P009639,DarkOrchid Quos,Fashion,22549.63,True
P005442,Morph Global E-Business,Grocery,1378.57,True
P005060,Red Ab,Toys,14371.82,True
P006466,Olive Ea,Grocery,13603.86,True
P013857,,Home,9360.12,True
P009351,Pink A,Fashion,20029.09,True
P009063,DarkSalmon Ut,Toys,18307.65,True
P003606,SeaShell Dolores,Fashion,6604.34,True
P003743,Snow Facilis,Sports,1274.63,True
P000634,FloralWhite Ipsam,Home,5333.62,True
P003342,DarkOrange Quaerat,Books,1746.85,True
P010386,Revolutionize Transparent Partnerships,Toys,22747.4,True
P005710,SandyBrown Aliquid,Sports,10655.49,True
P009475,MediumSlateBlue Corporis,Fashion,11560.17,True
P014182,Scale Granular Relationships,Sports,-297.3904266537289,True
P006697,Fuchsia Minus,Home,8484.51,True
P007055,LightSeaGreen Similique,Grocery,21188.8,True
P004885,LightGoldenRodYellow Molestiae,Electronics,16508.79,True
P013055,,Grocery,17445.37,True
P002942,MediumOrchid Reprehenderit,Sports,24272.48,True
P004443,Beige Molestias,Electronics,9058.84,True
P014390,,Electronics,20987.95,True
P004492,Purple Adipisci,Beauty,8446.29,True
P012804,Empower Sticky Networks,Toys,FREE,True
P014169,Embrace Frictionless Eyeballs,Sports,-461.4701118613632,True
P014230,Exploit Compelling Niches,Beauty,-370.970016159639,True
P007281,Orange Officia,Home,15223.1,True
P005927,CadetBlue Dicta,Books,7385.98,True
P012795,Unleash Scalable Technologies,Beauty,-231.38537146215089,True
P012673,,Sports,11807.82,True
P012711,Architect Bricks-And-Clicks Content,Sports,FREE,True
P002325,DarkOrchid Quam,Sports,16383.27,True
P004446,Lavender Error,Toys,20227.83,True
P010594,Chocolate Rerum,Beauty,2902.49,True
P014237,,Books,24420.1,True
P012688,Maximize Visionary Methodologies,Electronics,-764.1384493023312,True
P003986,DarkViolet Quas,Electronics,5355.29,True
P000087,MediumSlateBlue Minus,Grocery,4626.21,True
P008990,White Neque,Toys,17423.03,True
P014570,,Beauty,4836.9,True
P006847,Red Sequi,Toys,18550.06,True
P001402,DarkGreen Odit,Toys,18097.61,True
P009501,Generate Innovative Paradigms,Electronics,6499.37,True
P013244,Mesh Interactive Markets,Grocery,FREE,True
P001897,DarkSlateBlue Quibusdam,Grocery,20102.3,True
P004794,NavajoWhite Vero,Books,24682.1,True
P003036,Black Qui,Sports,12914.47,True
P000411,RosyBrown Sint,Home,19913.27,True
P011916,Orchid Rem,Toys,16987.73,True
P009520,MediumVioletRed Fugit,Books,9554.96,True
P002373,ForestGreen Natus,Beauty,20292.59,True
P006128,FireBrick Saepe,Home,13511.35,True
P013471,Revolutionize Cross-Platform Mindshare,Beauty,FREE,True
P011809,SeaGreen Laudantium,Electronics,113.14,True
P013640,Strategize Bleeding-Edge Content,Books,-118.33013676660124,True
P005565,MediumAquaMarine Veniam,Sports,11749.38,True
P007711,Chocolate Sint,Electronics,22356.81,True
P012908,Transition End-To-End Relationships,,FREE,True
P006855,DarkKhaki Nesciunt,Home,2536.23,True
P002114,Cornsilk Libero,Fashion,23933.61,True
P000724,MediumVioletRed Saepe,Beauty,17890.27,True
P014344,,Grocery,23859.8,True
P003455,LightYellow Totam,Electronics,1799.36,True
P002963,Orange Magnam,Beauty,5288.03,True
P011100,DarkOrchid Soluta,Electronics,16423.33,True
P006572,DarkMagenta Labore,Toys,1086.13,True
P010638,Lime Ea,Grocery,22424.73,True
P006284,MediumTurquoise Excepturi,Grocery,13659.98,True
P009135,Matrix Rich Content,Grocery,321.95,True
P012065,,,18475.41,True
P007724,LightCoral Beatae,Books,2422.04,True
P008415,Cyan Quia,Beauty,13002.27,True
P011412,Peru Quod,Fashion,17337.43,True
P008944,Lavender Architecto,Fashion,4420.56,True
P006480,Bisque Voluptatibus,Grocery,16786.47,True
P008921,DarkBlue Cumque,Books,818.66,True
P009794,CornflowerBlue Reprehenderit,Toys,5659.21,True
P007174,Innovate Value-Added Markets,,2651.22,True
P005621,Pink Perferendis,Sports,24165.94,True
P007481,Azure Sequi,Beauty,11212.86,True
P013426,,Books,22768.6,True
P007439,PaleGoldenRod Accusantium,Sports,23156.37,True
P002122,Tan Veritatis,Home,4919.9,True
P002647,RoyalBlue Quod,Beauty,18838.53,True
P012583,Envisioneer Wireless E-Tailers,,-962.6737084313777,True
P007822,OldLace Expedita,Sports,2654.83,True
P009651,DeepPink Provident,Grocery,9777.15,True
P002577,Coral Non,Electronics,8257.57,True
P002692,GhostWhite Nobis,Books,9358.61,True
P006971,LightBlue Voluptatibus,Fashion,24578.98,True
P001970,DarkSalmon Illo,Beauty,6504.84,True
P002053,Orange Omnis,Fashion,3594.26,True
P007160,Salmon Iure,Home,4201.67,True
P013895,Generate Wireless Architectures,Home,FREE,True
P008602,Khaki Dolorem,Books,23158.64,True
P010453,Fuchsia Quaerat,Grocery,198.86,True
P008306,BlanchedAlmond Excepturi,Electronics,267.12,True
P010416,Sienna Earum,Toys,1161.98,True
P001544,Black Aut,Toys,21298.36,True
P004062,LightCoral Aut,Fashion,1706.22,True
P003541,Indigo Nostrum,Books,6996.59,True
P005757,Orange Harum,Toys,18080.92,True
P007557,Fuchsia Rerum,Grocery,9099.83,True
P009862,Violet Consequuntur,Electronics,22413.9,True
P000741,MediumSeaGreen Odit,Books,24698.6,True
P010605,Orchid Architecto,Toys,13072.31,True
P007674,DarkSlateGray Iusto,Fashion,23773.33,True
P008551,DarkOliveGreen Alias,Sports,4724.63,True
P010546,Chartreuse Porro,Grocery,6230.14,True
P008477,RoyalBlue Aliquid,Beauty,1264.52,True
P007694,Peru Libero,Beauty,21817.29,True
P005195,Blue At,Toys,16824.66,True
P005174,Expedite Frictionless Solutions,Books,24604.31,True
P007601,RosyBrown Debitis,Toys,21458.12,True
P002263,Navy Beatae,Sports,9276.7,True
P006596,Cornsilk Facilis,Toys,4836.08,True
P011620,LemonChiffon Autem,Fashion,10551.86,True
P006588,DarkSalmon Ipsum,Books,1651.1,True
P012650,Incentivize Synergistic Niches,,FREE,True
P004951,Green Minus,Home,17113.54,True
P000118,Chartreuse Facilis,Electronics,19506.57,True
P005200,DarkSlateBlue Dolorem,Fashion,11244.04,True
P013005,Transform User-Centric Metrics,Books,-543.9037937959642,True
P008847,ForestGreen Eaque,Books,19059.26,True
P005939,SpringGreen Aut,Electronics,4618.95,True
P007145,Indigo Debitis,Fashion,13137.51,True
P000369,DodgerBlue Illo,Sports,17651.05,True
P010308,MediumTurquoise Dolorum,Fashion,16290.09,True
P002768,Turquoise Recusandae,Home,11072.97,True
P001242,FireBrick Doloremque,Grocery,21224.91,True
P002281,DeepPink Quas,Books,13577.87,True
P007202,LightPink Natus,Fashion,5782.29,True
P004474,LightGray Rerum,Fashion,3127.59,True
P004084,MediumPurple Facilis,Fashion,17944.86,True
P007877,PowderBlue Reiciendis,Home,12396.11,True
P008534,IndianRed Laborum,Fashion,14216.29,True
P006110,Orange Dolorum,Sports,10278.15,True
P005347,Crimson Delectus,Home,6957.67,True
P008596,Indigo Nemo,Grocery,971.48,True
P003163,CornflowerBlue Illum,Electronics,17435.71,True
P005266,FireBrick Modi,Books,17739.72,True
P004219,DeepSkyBlue Ea,Grocery,23409.49,True
P000869,LavenderBlush Officiis,Toys,14309.18,True
P000754,LimeGreen Aspernatur,Grocery,11107.44,True
P010683,DarkKhaki Officiis,Beauty,19360.88,True
P004321,DarkCyan Enim,Electronics,17647.04,True
P014863,Repurpose Holistic Web Services,Beauty,FREE,True
P005827,Lavender Nemo,Books,17990.12,True
P011794,DarkSalmon Pariatur,Electronics,16610.81,True
P014688,Matrix Compelling Schemas,Toys,FREE,True
P008636,Azure Quod,Sports,894.36,True
P006591,NavajoWhite Debitis,Books,5228.17,True
P010613,Bisque Asperiores,Sports,22097.36,True
P006156,DarkSlateGray Nisi,Fashion,9668.99,True
P010922,DarkMagenta Laudantium,Sports,8735.77,True
P005879,BurlyWood Numquam,Grocery,3693.4,True
P000727,YellowGreen Nihil,Home,9631.24,True
P013596,Utilize Integrated Applications,,FREE,True
P011880,RosyBrown Harum,Sports,6910.67,True
P007507,DarkGray Aspernatur,Beauty,19652.07,True
P000185,MistyRose Assumenda,Home,23759.32,True
P001470,FireBrick Consectetur,Beauty,23698.67,True
P005984,Khaki Suscipit,Grocery,1169.91,True
P012528,Mesh Plug-And-Play Deliverables,Fashion,FREE,True
P002239,DarkCyan Est,Beauty,6480.32,True
P006551,PowderBlue Ea,Toys,5794.84,True
P013894,Disintermediate Leading-Edge Markets,,-982.5158176837006,True
P012179,,,22475.69,True
P002086,Moccasin Architecto,Toys,529.35,True
P004988,Bisque Maiores,Home,15533.88,True
P012478,Morph One-To-One E-Commerce,Books,-72.33170537694677,True
P007072,LightSalmon Velit,Fashion,10046.28,True
P014703,Architect Extensible Eyeballs,Beauty,-350.38299117782987,True
P008101,LawnGreen Adipisci,Beauty,10777.28,True
P009223,LimeGreen Temporibus,Fashion,1982.07,True
P010544,Silver Eum,Electronics,3178.04,True
P010552,YellowGreen Totam,Fashion,12824.43,True
P012416,Orchestrate Extensible Metrics,Toys,-721.6453711228488,True
P008294,PaleVioletRed Pariatur,Grocery,10069.97,True
P011960,IndianRed Occaecati,Home,5793.62,True
P010309,PowderBlue Blanditiis,Toys,2056.58,True
P011611,Moccasin Dolor,Home,13164.72,True
P000129,SpringGreen Ullam,Fashion,22108.75,True
P010508,Bisque Veritatis,Books,23485.87,True
P008712,MediumSlateBlue Doloribus,Fashion,16967.18,True
P006324,HoneyDew Delectus,Fashion,9927.63,True
P007867,Blue Veniam,Toys,10893.94,True
P012559,Deploy Cross-Platform Technologies,Grocery,FREE,True
P004268,LightSeaGreen Occaecati,Books,24394.77,True
P013176,Transform Customized E-Business,Toys,FREE,True
P002548,Gold Amet,Sports,7095.31,True
P007809,DimGray Nesciunt,Grocery,20175.47,True
P006881,GreenYellow Voluptates,Electronics,13807.3,True
P000504,DarkBlue Officia,Home,14245.45,True
P008146,DarkViolet Nulla,Beauty,15959.97,True
P008776,DarkRed Laudantium,Beauty,18600.72,True
P000878,White Dolorum,Toys,14175.93,True
P002546,Cyan Reiciendis,Fashion,18954.9,True
P003035,DarkBlue Laudantium,Home,7787.69,True
P010813,Coral Vitae,Books,17296.78,True
P001596,LightSkyBlue Veritatis,Sports,12801.04,True
P006172,LightGreen Sed,Home,7948.71,True
P011557,Brown Dolorum,Beauty,1816.52,True
P009666,Cyan Ut,Fashion,14516.15,True
P011381,Black Asperiores,Books,17974.71,True
P008485,Crimson Magnam,Fashion,5823.76,True
P000217,Indigo Harum,Grocery,20650.03,True
P003474,ForestGreen Enim,Books,4184.54,True
P002699,Ivory Corrupti,Toys,20144.81,True
P000313,CornflowerBlue Unde,Fashion,4697.49,True
P007918,SlateGray Saepe,Fashion,17685.58,True
P008405,MidnightBlue Saepe,Beauty,11344.7,True
P003678,Chartreuse Tenetur,Sports,7780.19,True
P011351,Yellow Nemo,Beauty,2237.18,True
P011438,LimeGreen Consequuntur,Beauty,15778.33,True
P009670,Salmon Provident,Fashion,1673.33,True
P006195,PaleVioletRed Tempore,Grocery,12913.9,True
P013127,Generate Cutting-Edge Bandwidth,Grocery,FREE,True
P000677,DarkGray Sunt,Books,18857.6,True
P007636,DarkRed Nesciunt,Sports,19895.85,True
P008645,Gainsboro Quae,Toys,9955.71,True
P001328,AntiqueWhite Reprehenderit,Sports,4439.26,True
P010560,PaleVioletRed Suscipit,Sports,22605.94,True
P013627,Deliver Dot-Com Eyeballs,Books,-40.08167342291318,True
P004209,Silver Quae,Toys,1102.49,True
P010126,DarkTurquoise Delectus,Sports,11689.12,True
P013124,Integrate Dynamic Initiatives,,-531.480869679588,True
P000264,Aquamarine Voluptas,Fashion,1808.43,True
P007126,Engineer Visionary E-Commerce,Sports,16271.13,True
P006815,Chocolate Repudiandae,Toys,17953.0,True
P008439,SteelBlue Veniam,Books,21243.34,True
P004107,Gainsboro Consectetur,Home,6161.6,True
P007632,Cyan Architecto,Electronics,8956.75,True
P001943,DarkRed Aut,Grocery,14471.68,True
P005654,Aqua Harum,Beauty,16268.64,True
P004220,Wheat Laborum,Home,12067.95,True
P000197,RosyBrown Eveniet,Fashion,2824.65,True
P001326,SlateBlue Esse,Beauty,13242.58,True
P014756,,Fashion,11415.86,True
P002964,SlateGray Accusantium,Toys,17903.65,True
P009386,LightSteelBlue Culpa,Fashion,19374.02,True
P008997,MediumAquaMarine Amet,Sports,1891.21,True
P005612,MediumOrchid Laborum,Grocery,12193.36,True
P009076,DarkBlue Deserunt,Home,18888.18,True
P002275,LimeGreen Laudantium,Home,4503.52,True
P002999,OliveDrab Dolorem,Toys,24058.13,True
P000423,BurlyWood Neque,Beauty,19643.0,True
P006498,Khaki Quidem,Books,10401.84,True
P006014,White Quod,Toys,20865.33,True
P011934,Ivory Dolorem,Toys,7840.26,True
P007056,DeepPink Odio,Sports,11308.95,True
P002292,MediumAquaMarine Rerum,Grocery,19952.84,True
P004038,YellowGreen Praesentium,Beauty,15828.09,True
P006116,Orange Quibusdam,Grocery,10526.51,True
P005176,LightGreen Reprehenderit,Home,18449.71,True
P002643,MediumTurquoise Rerum,Electronics,1442.31,True
P001670,DarkGoldenRod Iure,Home,24174.42,True
P006503,AntiqueWhite Incidunt,Grocery,5895.25,True
P010937,HotPink Expedita,Books,10188.18,True
P007928,YellowGreen Animi,Toys,19866.22,True
P009091,Teal Quam,Home,12177.76,True
P006898,Fuchsia Laborum,Sports,18324.46,True
P002349,LemonChiffon Tempore,Toys,9943.83,True
P013412,,Books,6423.53,True
P005777,DarkOliveGreen Accusantium,Beauty,4795.38,True
P013149,Re-Intermediate 24/365 Supply-Chains,Home,FREE,True
P004113,DarkSlateBlue Quis,Grocery,3324.16,True
P012633,Deploy Clicks-And-Mortar Portals,Fashion,FREE,True
P001420,Incubate Dot-Com Niches,Beauty,20485.71,True
P008821,LimeGreen Error,Electronics,11369.96,True
P004032,SeaGreen Facilis,Sports,24741.47,True
P000853,NavajoWhite Quae,Toys,21586.33,True
P011407,Linen Assumenda,Sports,12070.17,True
P001574,Salmon Consectetur,Home,8911.22,True
P014646,Monetize 24/365 Technologies,,-239.38311155408803,True
P000637,PaleGoldenRod Et,Fashion,13516.68,True
P004427,Chocolate Voluptatibus,Sports,20662.03,True
P005003,PapayaWhip Vel,Beauty,14109.16,True
P001458,Linen Quasi,Beauty,15125.57,True
P014568,,Sports,23389.87,True
P003082,Tomato Officia,Sports,19814.16,True
P003434,WhiteSmoke Id,Grocery,20110.15,True
P011247,SeaGreen Veniam,Grocery,16583.37,True
P003177,Pink Delectus,Beauty,16936.63,True
P010521,DarkOrchid Aliquid,Sports,14148.44,True
P004097,DarkViolet Maxime,Fashion,24519.88,True
P007404,LimeGreen Sapiente,Home,15201.58,True
P004044,SaddleBrown Magnam,Fashion,13245.72,True
P007561,HoneyDew Omnis,Sports,560.81,True
P002272,Tomato Eaque,Toys,16451.32,True
P000752,LightSkyBlue Odio,Toys,12336.18,True
P006982,Red Saepe,Grocery,23444.75,True
P009880,Tomato Rerum,Home,3189.24,True
P004312,GhostWhite Nihil,Sports,1848.66,True
P000186,Magenta Quae,Home,1025.85,True
P005354,Tomato Ad,Grocery,3699.72,True
P012395,,,8962.56,True
P008887,Lime Nam,Books,24150.18,True
P010829,Thistle Debitis,Books,2548.02,True
P004186,OliveDrab Totam,Books,22844.29,True
P006095,DarkSalmon Voluptates,Beauty,17568.96,True
P011780,DarkKhaki Beatae,Toys,1158.52,True
P000688,PaleGoldenRod Veritatis,Sports,11375.33,True
P011321,PaleGreen Veritatis,Fashion,17607.13,True
P008958,DarkOrchid Quidem,Home,221.49,True
P011157,Gainsboro Quas,Beauty,18124.77,True
P008202,LightCyan Laboriosam,Electronics,10862.54,True
P006652,Indigo Ducimus,Books,14834.72,True
P000867,LightGoldenRodYellow Et,Fashion,14158.35,True
P005391,Scale Leading-Edge Synergies,,23421.92,True
P013327,Empower Best-Of-Breed Models,Fashion,-496.8727014771314,True
P000363,SeaShell Sunt,Beauty,21188.39,True
P013828,,,24987.1,True
P005514,Red Eos,Fashion,19988.94,True
P005892,Peru Architecto,Sports,21226.82,True
P007654,DarkSeaGreen Consequuntur,Books,24993.4,True
P009805,DarkGray Tenetur,Toys,23269.39,True
P005659,Violet Sint,Sports,14058.38,True
P014239,Whiteboard Best-Of-Breed Channels,Toys,-50.48110663799841,True
P002667,LightGray Quia,Books,13097.54,True
P004856,Lime Voluptatem,Toys,4226.65,True
P005993,Navy Nesciunt,Beauty,6148.72,True
P006654,Moccasin Porro,Electronics,1686.76,True
P013252,Re-Contextualize Ubiquitous Communities,Fashion,-728.139406203648,True
P014084,,Fashion,15446.51,True
P012940,Exploit Customized Info-Mediaries,Home,-89.41672742594652,True
P013187,Synergize E-Business Web-Readiness,Books,-267.7198264677426,True
P003544,Khaki Soluta,Grocery,14249.99,True
P012341,,,11002.07,True
P000674,IndianRed Quae,Beauty,5485.62,True
P010172,OrangeRed Eius,Beauty,14827.65,True
P011087,Silver Vitae,Home,18324.57,True
P001789,Silver Fugit,Fashion,736.43,True
P011422,Cyan Eligendi,Sports,955.17,True
P013710,Scale Viral Technologies,Sports,-624.8055620090652,True
P007763,Linen Praesentium,Fashion,15714.93,True
P010467,MediumBlue Vel,Books,5875.16,True
P003000,DarkGreen Assumenda,Grocery,2570.57,True
P012398,,Sports,7663.1,True
P004851,Purple Culpa,Toys,8819.36,True
P004903,NavajoWhite Vero,Books,16644.24,True
P003213,IndianRed Quis,Electronics,383.26,True
P000352,DarkSeaGreen Tempore,Electronics,6765.41,True
P010024,FireBrick Consequatur,Toys,24896.14,True
P010672,LightPink Reprehenderit,Fashion,9550.43,True
P003909,Chocolate Voluptatibus,Sports,9985.66,True
P009749,Turquoise Sequi,Toys,22635.04,True
P010472,Ivory Veritatis,Grocery,6450.75,True
P000520,Aquamarine Velit,Grocery,14486.07,True
P007830,SlateGray Ullam,Beauty,17935.15,True
P011102,Khaki Eligendi,Fashion,22333.41,True
P002140,Facilitate Viral E-Business,Beauty,2550.73,True
P001722,MediumAquaMarine Itaque,Beauty,2367.62,True
P003476,OldLace Vel,Home,20159.59,True
P014458,,Books,14151.11,True
P000458,Bisque Deserunt,Books,15442.21,True
P006704,Sienna Quibusdam,Sports,8659.67,True
P013226,,Home,1565.22,True
P006126,LightSteelBlue Accusamus,Books,18702.91,True
P012474,Morph Compelling Relationships,Grocery,FREE,True
P010730,SeaGreen Sed,Sports,6881.88,True
P003573,SeaShell Illo,Home,22140.63,True
P000087,Benchmark Enterprise E-Business,Beauty,11181.9,True
P013365,Benchmark 24/365 Bandwidth,Fashion,FREE,True
P002914,Purple Reprehenderit,Home,9563.55,True
P011556,DarkSeaGreen Quae,Electronics,21051.57,True
P010094,PapayaWhip Minus,Fashion,19229.91,True
P003615,LimeGreen Excepturi,Toys,20020.27,True
P004199,Harness Back-End Synergies,Beauty,22361.26,True
P011560,MediumAquaMarine Vero,Grocery,13134.87,True
P001759,HoneyDew Officiis,Toys,19817.68,True
P011335,LimeGreen Magni,Toys,18342.54,True
P011985,LimeGreen Temporibus,Sports,19955.69,True
P007376,MediumPurple Delectus,Fashion,1527.74,True
P006437,MediumSpringGreen Culpa,Home,2293.35,True
P002930,DeepSkyBlue Error,Electronics,6846.57,True
P004395,LightSteelBlue Earum,Fashion,1999.56,True
P007814,RosyBrown Voluptate,Beauty,2767.92,True
P005825,Tan Veniam,Beauty,7474.47,True
P004988,Repurpose Rich Eyeballs,Electronics,17915.05,True
P001008,LightYellow Modi,Grocery,15228.73,True
P001557,DarkOrchid Aperiam,Sports,12047.56,True
P012663,,Electronics,20545.62,True
P005935,MediumOrchid Beatae,Grocery,18880.16,True
P005691,LightGoldenRodYellow Atque,Beauty,13729.7,True
P006202,Chartreuse Ad,Electronics,9709.65,True
P010492,DarkCyan Odit,Fashion,9408.13,True
P001180,Linen Consequuntur,Books,20246.75,True
P009268,SkyBlue Ut,Books,1313.28,True
P003203,SkyBlue Soluta,Fashion,6670.96,True
P002805,Aquamarine Similique,Sports,19062.66,True
P001067,Purple Minima,Sports,18518.52,True
P004925,DarkRed Et,Grocery,11020.49,True
P003329,PeachPuff Sunt,Sports,23206.37,True
P002688,YellowGreen Cumque,Sports,10592.39,True
P006739,LightSkyBlue Ad,Fashion,8411.06,True
P006526,Salmon Nulla,Electronics,2137.43,True
P005969,AliceBlue Assumenda,Toys,12047.81,True
P009452,Streamline Extensible Convergence,Home,13515.75,True
P009143,SkyBlue Deleniti,Sports,4614.26,True
P008419,PeachPuff Maxime,Books,22979.66,True
P008058,HotPink Architecto,Fashion,7877.95,True
P012257,Monetize Dynamic Deliverables,Grocery,-516.6945321299147,True
P001420,RoyalBlue Dolor,Beauty,23532.29,True
P002341,FireBrick Consequuntur,Books,22050.38,True
P003095,OliveDrab Tempora,Grocery,9177.69,True
P011632,Brown Ipsum,Grocery,19351.55,True
P010702,DeepSkyBlue Deserunt,Electronics,19147.36,True
P014039,Optimize Mission-Critical Platforms,Grocery,FREE,True
P009526,DarkMagenta Nobis,Home,15767.75,True
P003529,GreenYellow Autem,Books,11355.7,True
P009224,LightSalmon Sequi,Electronics,11517.78,True
P002620,DarkTurquoise Praesentium,Electronics,3858.86,True
P009256,Crimson Quasi,Home,18816.03,True
P007631,SpringGreen Modi,Books,20516.83,True
P004090,Brown Tempore,Sports,9131.29,True
P005535,PeachPuff Ipsum,Books,17838.75,True
P014999,Extend World-Class Relationships,Grocery,-581.972079955941,True
P011538,Plum Ex,Toys,24181.86,True
P011855,AliceBlue Earum,Electronics,9737.86,True
P014842,Morph Customized Bandwidth,Home,-584.468093009074,True
P014326,Repurpose Value-Added Networks,,-222.49519576491267,True
P011695,SlateBlue Natus,Sports,12521.82,True
P013543,,Toys,18498.08,True
P011972,Chartreuse Error,Electronics,7057.53,True
P005095,DarkBlue Praesentium,Books,7388.89,True
P001994,MediumPurple Voluptate,Toys,10818.09,True
P005671,MistyRose Quae,Electronics,9956.8,True
P010660,MediumVioletRed Possimus,Beauty,15370.36,True
P007325,DarkGreen Pariatur,Beauty,23560.83,True
P008143,Thistle Nemo,Sports,23715.23,True
P009375,DarkGoldenRod Non,Electronics,19269.12,True
P006194,GoldenRod Sequi,Toys,14728.69,True
P009872,DeepSkyBlue Non,Home,24673.56,True
P012900,Expedite Sticky E-Business,Sports,-666.5350695310972,True
P012338,Extend Front-End Portals,Books,FREE,True
P005693,IndianRed Ut,Electronics,15088.35,True
P012292,Optimize Back-End Methodologies,Sports,FREE,True
P005753,Tan Deleniti,Toys,23123.09,True
P005495,AntiqueWhite Aliquam,Grocery,18372.61,True
P002978,MediumSpringGreen Quibusdam,Beauty,7189.99,True
P008045,Fuchsia Beatae,Fashion,2052.78,True
P005049,Strategize Back-End Metrics,Grocery,20509.15,True
P007704,PeachPuff Mollitia,Beauty,2419.84,True
P003143,LightGoldenRodYellow Voluptatibus,Home,3718.85,True
P007276,DarkKhaki Aperiam,Fashion,21579.54,True
P000391,Peru Sequi,Fashion,24200.88,True
P002299,PaleTurquoise Eaque,Fashion,5668.52,True
P001441,PaleGreen Blanditiis,Home,23869.33,True
P000845,Ivory Deleniti,Sports,11245.69,True
P006854,Turquoise Illo,Books,5862.31,True
P008901,LightCyan Velit,Sports,1440.21,True
P010097,PaleVioletRed Ratione,Beauty,73.55,True
P004127,SteelBlue Voluptates,Books,17376.09,True
P001461,Teal Nisi,Beauty,15676.64,True
P011755,Turquoise Suscipit,Electronics,2635.83,True
P006181,Coral Aliquam,Home,6643.61,True
P003542,BlueViolet Dolorem,Sports,1245.62,True
P002210,Aggregate Frictionless E-Commerce,Fashion,16015.99,True
P014887,,,16678.45,True
P011430,Aquamarine Quas,Books,18784.7,True
P014618,Brand World-Class Supply-Chains,Home,FREE,True
P012023,Drive Innovative Niches,Fashion,-26.67241503232886,True
P000470,LightGreen Nam,Beauty,21090.72,True
P002955,PaleGoldenRod Soluta,Beauty,6101.53,True
P003026,DarkGray Consequuntur,Fashion,9007.49,True
P014333,Exploit Efficient Bandwidth,Beauty,-76.69348546743919,True
P010513,DarkCyan Ratione,Electronics,14511.52,True
P003012,AliceBlue Ratione,Books,16509.45,True
P004256,Navy Illum,Home,10486.26,True
P010106,SaddleBrown Quas,Grocery,15452.86,True
P006727,DarkSlateGray Ullam,Fashion,8488.46,True
P000983,Redefine Integrated Supply-Chains,,5145.92,True
P002873,RoyalBlue Repellat,Sports,24789.51,True
P007315,LemonChiffon Ea,Home,20058.14,True
P000913,Engineer Dot-Com Architectures,Fashion,15515.89,True
P012994,Enhance Turn-Key Users,Beauty,-905.5547205286016,True
P010853,DarkOliveGreen Veritatis,Home,5338.84,True
P009739,PaleTurquoise Dolores,Home,17248.65,True
P004092,ForestGreen Nam,Fashion,11525.79,True
P004914,LightBlue Hic,Sports,4801.62,True
P002113,Matrix Synergistic Paradigms,Toys,3443.61,True
P005579,MistyRose Doloribus,Electronics,23240.86,True
P011376,Salmon Modi,Grocery,11967.1,True
P007621,SlateGray Accusamus,Electronics,12202.79,True
P013382,,Sports,16826.32,True
P002229,Benchmark Dot-Com Eyeballs,Books,11699.24,True
P004417,DarkSeaGreen Minus,Grocery,7841.96,True
P005251,DarkTurquoise Asperiores,Grocery,24150.35,True
P000644,Cyan Asperiores,Beauty,2622.11,True
P006845,SeaShell Ratione,Fashion,22689.03,True
P007237,LightCyan Sunt,Fashion,5320.23,True
P010335,Indigo Dicta,Grocery,18812.23,True
P006935,DeepSkyBlue Porro,Electronics,3411.33,True
P002202,PaleGreen Reprehenderit,Beauty,349.01,True
P010518,AntiqueWhite Architecto,Home,19381.76,True
P002704,Orange Ratione,Beauty,12821.58,True
P000246,Gainsboro Odit,Home,4911.03,True
P013631,Re-Intermediate Distributed Action-Items,Books,FREE,True
P000265,Synergize World-Class Vortals,Grocery,10098.7,True
P008238,RoyalBlue Rem,Toys,23253.55,True
P010092,AntiqueWhite Ex,Books,12993.24,True
P007390,Yellow Libero,Beauty,5406.43,True
P000103,DarkRed Unde,Books,12772.09,True
P002575,Visualize World-Class Eyeballs,Grocery,11188.48,True
P011473,SpringGreen Voluptatibus,Toys,10343.15,True
P000503,RosyBrown Iure,Fashion,5006.99,True
P012024,Enable E-Business Portals,Fashion,FREE,True
P000024,Lavender Dignissimos,Toys,569.32,True
P005867,SeaGreen Enim,Toys,19828.04,True
P011520,CadetBlue Sed,Grocery,21946.82,True
P011177,Envisioneer Ubiquitous Platforms,Sports,8270.19,True
P008203,Cyan Totam,Toys,14076.9,True
P002808,LightSteelBlue Laudantium,Beauty,5869.52,True
P001384,FireBrick Et,Home,12665.86,True
P012083,Synthesize 24/7 Interfaces,,-564.2732392178478,True
P007540,RosyBrown Itaque,Beauty,15999.25,True
P005097,LightSlateGray Et,Books,8675.0,True
P007848,LimeGreen Amet,Home,21285.4,True
P007086,MistyRose Dolore,Books,20413.68,True
P000393,Salmon Magnam,Beauty,10887.02,True
P003155,Tan Suscipit,Books,13618.66,True
P012136,,Beauty,24597.56,True
P013786,,Books,1473.18,True
P014223,Utilize Wireless Supply-Chains,Beauty,-853.2585914030051,True
P001762,SteelBlue Consequatur,Grocery,8340.11,True
P011872,OldLace Esse,Electronics,8015.11,True
P011834,ForestGreen Dolore,Fashion,14729.6,True
P002667,Revolutionize Scalable Systems,Grocery,24067.93,True
P005545,DarkRed Architecto,Toys,21865.1,True
P012431,,Electronics,348.78,True
P009711,LightSlateGray Recusandae,Grocery,18442.55,True
P009876,YellowGreen Debitis,Fashion,15444.58,True
P011210,Silver Quasi,Toys,7970.95,True
P012343,,Home,5544.36,True
P014895,Architect B2C Solutions,Fashion,-892.2952787512415,True
P004640,Chocolate Aperiam,Electronics,9430.99,True
P014155,Generate 24/7 Synergies,Toys,FREE,True
P001936,AliceBlue Architecto,Electronics,18732.92,True
P001655,AliceBlue Soluta,Sports,8152.25,True
P002589,Salmon Nemo,Home,5988.42,True
P006762,SpringGreen Nostrum,Fashion,1669.33,True
P011365,PaleGoldenRod Mollitia,Books,7422.29,True
P008715,GoldenRod Totam,Toys,6562.23,True
P006311,SkyBlue Distinctio,Electronics,15848.47,True
P008825,FloralWhite Accusantium,Home,15364.78,True
P011810,Thistle Voluptates,Grocery,2629.34,True
P006396,MediumBlue Temporibus,Electronics,9627.58,True
P001904,HoneyDew Rem,Books,17491.42,True
P007378,LightSeaGreen Sit,Grocery,11972.47,True
P013291,,,4827.12,True
P002354,DeepPink Sed,Toys,1112.68,True
P007829,PapayaWhip Provident,Sports,12221.09,True
P008972,PowderBlue Consectetur,Electronics,19123.12,True
P012935,E-Enable Rich Methodologies,Grocery,-864.7675768226417,True
P013618,Enhance World-Class Models,Beauty,FREE,True
P007656,Orchid Laborum,Home,12084.31,True
P013902,,Fashion,11696.77,True
P000764,FloralWhite Qui,Sports,2280.23,True
P010446,SkyBlue Velit,Fashion,23748.8,True
P001357,PowderBlue Ab,Toys,20493.3,True
P013276,Maximize Plug-And-Play Synergies,Fashion,-29.938720544139862,True
P003713,SlateBlue Impedit,Sports,14646.12,True
P011919,Brand Value-Added E-Markets,Home,6997.01,True
P004802,SeaShell Ut,Beauty,2592.39,True
P004711,Gainsboro Enim,Beauty,9169.11,True
P008892,Gold Tempora,Sports,16349.63,True
P003400,AntiqueWhite Odit,Toys,5154.86,True
P014319,Deploy Bleeding-Edge Deliverables,Home,-929.0045963005768,True
P005697,DarkGray Quos,Books,15494.71,True
P008474,LightGoldenRodYellow Provident,Toys,23013.46,True
P013308,,Electronics,22612.9,True
P002564,SpringGreen Error,Home,20722.3,True
P000012,Drive Cutting-Edge Models,Grocery,22187.12,True
P004689,Turquoise Architecto,Home,22966.63,True
P001775,FloralWhite Recusandae,Toys,22832.51,True
P002491,HoneyDew Repudiandae,Grocery,14160.66,True
P010140,PaleTurquoise Dolore,Fashion,16623.34,True
P009421,DarkOrchid Harum,Sports,16868.53,True
P006983,Violet Ab,Fashion,13470.31,True
P012035,,Books,17508.66,True
P008347,Green Vel,Home,8810.69,True
P007065,SteelBlue Sed,Books,17482.47,True
P011688,IndianRed Et,Beauty,239.8,True
P011421,Whiteboard B2C Markets,Books,2910.84,True
P001228,Green Inventore,Books,24980.06,True
P002251,SteelBlue Quo,Toys,8738.05,True
P005647,Brown Sint,Electronics,1218.88,True
P002670,Cornsilk Voluptatem,Books,3247.85,True
P012198,Seize Ubiquitous Web Services,Beauty,FREE,True
P012953,,Home,1562.6,True
P008742,DimGray Dicta,Beauty,8047.97,True
P002631,DarkSalmon Qui,Books,21426.44,True
P005704,LightSalmon Consequatur,Electronics,22835.88,True
P004780,HotPink Vel,Beauty,17640.35,True
P006871,CadetBlue Quisquam,Books,23941.29,True
P005551,DarkSeaGreen Itaque,Electronics,17453.51,True
P014317,,,14937.11,True
P012371,Engineer Dynamic Architectures,Grocery,FREE,True
P014050,Mesh Frictionless Content,Books,-910.7053203662865,True
P013179,Benchmark Sticky Architectures,Sports,FREE,True
P008015,PaleGreen Atque,Sports,6696.84,True
P006375,GoldenRod Aperiam,Books,1727.42,True
P010190,MediumSpringGreen Dignissimos,Toys,14398.27,True
P006272,Re-Intermediate Wireless E-Tailers,Fashion,6583.18,True
P013273,,Electronics,8165.78,True
P009127,MediumBlue Quas,Sports,20339.25,True
P005245,LightCoral Laboriosam,Books,13517.99,True
P012305,Drive Magnetic Info-Mediaries,Grocery,FREE,True
P000401,RoyalBlue Totam,Electronics,3547.95,True
P001199,LightYellow Asperiores,Home,16541.85,True
P008205,Azure Consequuntur,Home,2272.75,True
P003842,Thistle Doloremque,Fashion,4691.59,True
P002378,DarkSeaGreen Consequatur,Home,12466.05,True
P003477,Coral Nemo,Fashion,3390.22,True
P008677,DarkGreen Hic,Grocery,7351.12,True
P001439,Navy Quibusdam,Electronics,22515.72,True
P009173,Khaki Dolorum,Electronics,1957.15,True
P013391,,,15251.06,True
P009823,BlueViolet Quaerat,Electronics,24828.83,True
P000345,Turquoise Magni,Electronics,19356.37,True
P005085,DeepPink Maiores,Home,20349.43,True
P001740,Utilize Holistic Roi,Sports,16564.63,True
P002099,DeepSkyBlue Perferendis,Sports,19047.02,True
P004244,MediumBlue Eius,Beauty,12189.63,True
P003997,Black Exercitationem,Fashion,3197.0,True
P006895,CadetBlue Minus,Electronics,23639.02,True
P002290,WhiteSmoke Rem,Sports,5972.26,True
P006217,Green Beatae,Beauty,2911.22,True
P009373,Blue Commodi,Books,19852.86,True
P001823,HoneyDew Officiis,Home,6241.46,True
P009446,CornflowerBlue Debitis,Home,9873.4,True
P006361,Unleash Back-End Mindshare,Fashion,11788.36,True
P010768,DarkGray Aliquid,Home,2585.16,True
P008528,OldLace Laborum,Fashion,9185.36,True
P001155,IndianRed Quae,Books,2894.27,True
P010781,GoldenRod Ipsam,Fashion,20667.89,True
P007148,OrangeRed Dolores,Beauty,16237.27,True
P002082,Tan Illo,Toys,3607.42,True
P001587,Orange Id,Fashion,2118.26,True
P009177,Matrix Extensible E-Tailers,Grocery,2937.02,True
P011844,PaleGreen Ratione,Electronics,8943.57,True
P001354,LightSalmon Asperiores,Home,1052.24,True
P005411,Black Ab,Books,4323.32,True
P008470,Azure Ut,Fashion,10231.26,True
P011493,SaddleBrown Quaerat,Electronics,17436.26,True
P008555,Aqua Magni,Fashion,1256.93,True
P010323,MediumOrchid Quis,Sports,16914.88,True
P005619,MediumTurquoise Ad,Fashion,22433.21,True
P005493,LightSkyBlue Corporis,Beauty,20543.58,True
P008664,Enable 24/7 Action-Items,Home,18118.23,True
P013484,Unleash B2B Markets,Beauty,FREE,True
P002471,GreenYellow Odio,Toys,22426.76,True
P014227,Reinvent Compelling Eyeballs,Fashion,-239.02156280484144,True
P007552,MidnightBlue Eligendi,Fashion,4396.82,True
P003131,Blue Aliquid,Sports,6926.93,True
P000599,BlueViolet Dicta,Beauty,16807.81,True
P011904,SeaShell Laudantium,Home,2194.37,True
P002498,MediumTurquoise Quod,Electronics,745.46,True
P006111,Fuchsia Sequi,Beauty,17978.05,True
P013314,Implement Web-Enabled E-Business,Toys,-184.67494473812428,True
P009047,MediumBlue Optio,Home,13988.92,True
P005775,DimGray Dolore,Toys,17777.3,True
P011097,MediumSpringGreen Modi,Beauty,16815.64,True
P010898,Pink Ipsam,Books,19540.7,True
P003895,WhiteSmoke Dignissimos,Electronics,17061.51,True
P005286,SteelBlue Culpa,Toys,11184.65,True
P008859,DarkGreen Illo,Sports,5178.87,True
P005662,AliceBlue Minus,Books,22842.51,True
P011021,LightSeaGreen Nam,Electronics,23006.23,True
P008587,GoldenRod Ipsa,Fashion,11381.57,True
P012318,Streamline Scalable Paradigms,Electronics,-854.6845853181402,True
P008450,Cyan Suscipit,Grocery,3404.38,True
P009331,RoyalBlue Alias,Fashion,23029.2,True
P007499,Olive Excepturi,Grocery,16561.37,True
P013995,,,1587.19,True
P004376,Chocolate Illum,Home,7184.4,True
P011866,Tomato Adipisci,Beauty,19147.05,True
P001559,GoldenRod Illum,Fashion,20533.34,True
P007222,Chocolate Officia,Books,24167.28,True
P006222,AntiqueWhite Suscipit,Sports,3539.18,True
P012028,Deliver Leading-Edge Vortals,Toys,FREE,True
P005513,DarkGoldenRod Ipsa,Beauty,6813.42,True
P001550,LightSkyBlue Reiciendis,Fashion,3500.98,True
P005342,Crimson Blanditiis,Beauty,18112.28,True
P008228,SandyBrown Provident,Home,711.56,True
P002781,DarkKhaki Rem,Grocery,8967.02,True
P009218,IndianRed Necessitatibus,Grocery,18923.31,True
P008471,OrangeRed Consequuntur,Home,12684.59,True
P003234,DarkOliveGreen Iste,Books,13508.33,True
P013882,Optimize Enterprise Solutions,Fashion,-805.9184198397886,True
P009230,SlateBlue Eius,Toys,18126.15,True
P007986,Aqua Vero,Sports,10008.61,True
P005952,Chocolate Praesentium,Fashion,4751.94,True
P009680,GhostWhite Aut,Toys,16052.93,True
P002890,Turquoise Quaerat,Fashion,18025.53,True
P008291,Cyan Rem,Electronics,13484.18,True
P011198,LightCyan Voluptatum,Beauty,11345.78,True
P006159,Gold Eligendi,Sports,1406.21,True
P004852,Navy Minus,Grocery,18923.76,True
P010431,DarkGoldenRod Minus,Books,7786.91,True
P013497,Productize 24/7 Bandwidth,Books,-123.54598157612557,True
P014209,,Fashion,8748.67,True
P007193,MistyRose Qui,Toys,21819.61,True
P010767,DarkSalmon Facilis,Beauty,5364.39,True
P006343,MidnightBlue Incidunt,Electronics,9897.64,True
P009128,SeaShell Omnis,Toys,19983.05,True
P000645,Plum Corporis,Electronics,1837.74,True
P013677,Drive Real-Time E-Business,Home,-738.577262133859,True
P001295,IndianRed Minus,Beauty,23099.23,True
P001918,SteelBlue Quae,Fashion,5068.59,True
P008000,Maroon Cumque,Grocery,24553.26,True
P001681,Gray Quis,Sports,10123.2,True
P007465,LightCoral Tempora,Beauty,12559.79,True
P007181,AntiqueWhite Vel,Beauty,13152.06,True
P003942,FireBrick Tempora,Fashion,5882.31,True
P007720,Turquoise Labore,Fashion,12313.76,True
P014131,Synthesize Open-Source Channels,,FREE,True
P001843,Sienna Corrupti,Toys,4493.67,True
P005298,Syndicate Open-Source E-Commerce,Beauty,3504.35,True
P003873,AliceBlue Iusto,Electronics,14764.08,True
P004808,Khaki Quam,Toys,14939.45,True
P006966,PaleGreen Non,Beauty,12951.35,True
P010133,Teal Aspernatur,Fashion,20887.87,True
P007777,Innovate Rich Applications,Fashion,23876.0,True
P009223,Mesh E-Business Communities,Grocery,17291.28,True
P009788,PeachPuff Nostrum,Electronics,4033.32,True
P003318,Salmon Debitis,Fashion,257.57,True
P002571,DarkGray Facilis,Beauty,14028.35,True
P014221,Repurpose Transparent Partnerships,,FREE,True
P007943,MediumSpringGreen Amet,Books,11876.27,True
P009507,SandyBrown Quos,Toys,21907.42,True
P000414,LimeGreen Commodi,Books,15910.48,True
P010995,LavenderBlush A,Sports,18283.6,True
P007159,Chartreuse Architecto,Toys,2569.43,True
P008949,DarkBlue Amet,Toys,20748.34,True
P000684,LightYellow Eum,Electronics,18231.27,True
P000137,DeepSkyBlue Sed,Home,3798.25,True
P014548,Incentivize Cross-Media Info-Mediaries,Fashion,-512.6570040530858,True
P004046,Violet Iure,Books,16500.21,True
P009101,IndianRed Nisi,Electronics,2870.84,True
P003034,LightSlateGray Ab,Beauty,17842.48,True
P010667,HotPink Ipsam,Sports,7594.96,True
P012884,Morph Front-End Niches,,FREE,True
P009542,DarkOliveGreen Minima,Grocery,18601.75,True
P012287,Visualize Global Methodologies,Grocery,FREE,True
P001436,MediumOrchid Quidem,Toys,13568.38,True
P007457,Magenta Magni,Grocery,2394.7,True
P004948,Linen Officiis,Electronics,22157.91,True
P004601,DarkOliveGreen Quidem,Beauty,19244.82,True
P011508,PaleVioletRed At,Grocery,8467.06,True
P013586,Morph Dynamic Eyeballs,Toys,-400.72422791115883,True
P000955,Wheat Odit,Home,969.2,True
P009214,DarkOrchid Quasi,Fashion,3423.19,True
P005664,LavenderBlush Numquam,Electronics,10972.76,True
P006483,Gainsboro Temporibus,Grocery,18197.55,True
P012759,,Beauty,9345.35,True
P005187,SeaShell Explicabo,Grocery,21735.88,True
P009298,Silver Quam,Toys,12880.47,True
P010471,Gold Vel,Grocery,10793.06,True
P008235,DarkOliveGreen Odio,Fashion,1918.21,True
P008147,MediumSpringGreen Facere,Grocery,15976.84,True
P003746,Cornsilk Praesentium,Books,952.98,True
P013319,Synergize Scalable Action-Items,Beauty,FREE,True
P013051,Leverage Enterprise Architectures,Sports,-11.270412774004617,True
P001186,DarkRed Asperiores,Beauty,21530.32,True
P008918,WhiteSmoke Deserunt,Electronics,4955.37,True
P014903,Orchestrate 24/7 Infrastructures,Beauty,FREE,True
P010772,DimGray Quasi,Electronics,5752.16,True
P011741,Ivory Dolores,Grocery,13258.43,True
P003472,DarkMagenta Quasi,Beauty,637.9,True
P003454,Magenta Fugiat,Fashion,14005.19,True
P012682,Aggregate Back-End Action-Items,Fashion,-591.5214228768365,True
P012882,Enhance Bricks-And-Clicks Roi,Sports,-847.394839274441,True
P013026,Evolve Innovative E-Markets,Electronics,-228.4644362217369,True
P001558,Indigo Delectus,Beauty,4451.77,True
P001974,Azure Asperiores,Beauty,8476.49,True
P007594,MediumPurple Aspernatur,Grocery,10722.19,True
P011469,DarkGray Provident,Books,5080.94,True
P000420,Chartreuse Sequi,Home,16314.47,True
P008025,Cornsilk Veniam,Sports,13072.45,True
P003372,Black Aspernatur,Fashion,18726.91,True
P001311,FloralWhite Tempore,Sports,11466.52,True
P004409,OrangeRed Ipsa,Toys,1858.73,True
P008308,LightSlateGray Eum,Sports,18685.04,True
P008495,Chartreuse Quod,Electronics,7763.42,True
P011519,DeepPink Tempore,Grocery,19777.84,True
P005331,LightSalmon Id,Grocery,16280.08,True
P009906,Brown Perferendis,Sports,7478.57,True
P010929,PapayaWhip Reprehenderit,Beauty,15106.7,True
P000974,AntiqueWhite Maxime,Fashion,15739.16,True
P000942,Turquoise Eos,Fashion,7112.09,True
P003367,Sienna Vero,Electronics,3539.43,True
P010778,MediumAquaMarine Ab,Toys,5254.78,True
P003289,Chocolate Quidem,Home,8291.17,True
P012049,,,16148.34,True
P014691,Unleash Robust Content,Toys,FREE,True
P000194,SteelBlue Debitis,Toys,13176.63,True
P011434,LightSlateGray Quae,Books,21453.83,True
P003604,PeachPuff Dolore,Books,10810.12,True
P006207,Navy Placeat,Grocery,24841.98,True
P004208,Generate Visionary Supply-Chains,Beauty,18572.36,True
P001796,RoyalBlue Quasi,Grocery,17193.91,True
P003834,MediumVioletRed Aliquid,Grocery,12232.34,True
P010431,Unleash Wireless Functionalities,Electronics,18520.32,True
P014996,Disintermediate Front-End Users,Sports,FREE,True
P000588,Black Earum,Toys,20878.39,True
P014829,Cultivate Holistic Infrastructures,Electronics,-657.844332759922,True
P009175,DarkMagenta Officia,Beauty,8581.72,True
P005372,PeachPuff Non,Fashion,4434.77,True
P005483,DarkTurquoise Maxime,Beauty,12289.75,True
P002893,LightSeaGreen Perspiciatis,Sports,3916.78,True
P002640,GreenYellow Cum,Sports,3327.15,True
P008423,Plum Quas,Sports,11466.48,True
P004576,Silver Facere,Sports,3254.27,True
P005485,BlueViolet Architecto,Home,17117.2,True
P001986,DarkBlue Velit,Grocery,23467.89,True
P012701,Repurpose Impactful Convergence,Fashion,-541.053067855433,True
P006486,Crimson Eaque,Grocery,4024.56,True
P006694,SkyBlue Necessitatibus,Beauty,6746.7,True
P011514,Linen Officiis,Grocery,7877.53,True
P006969,OliveDrab Quidem,Fashion,5042.49,True
P010740,Red Consectetur,Home,22152.48,True
P004010,MediumPurple Animi,Grocery,8184.8,True
P005626,DarkTurquoise Eveniet,Beauty,17620.76,True
P007319,DarkGray In,Home,5557.98,True
P004188,PowderBlue Quas,Books,971.4,True
P005307,Purple In,Grocery,13909.76,True
P003060,Fuchsia Similique,Electronics,22986.54,True
P010570,Brown Voluptates,Grocery,11098.36,True
P005796,DarkKhaki Ipsam,Toys,11620.47,True
P006682,FireBrick Animi,Beauty,3290.9,True
P000365,YellowGreen Nesciunt,Grocery,12746.89,True
P007125,Tomato Ipsa,Sports,1848.17,True
P006410,LightCoral Quis,Grocery,11135.63,True
P010985,BlueViolet Deserunt,Beauty,3622.67,True
P004386,LemonChiffon Magnam,Books,5911.58,True
P003992,Utilize Cross-Platform Web-Readiness,Books,10650.51,True
P002150,Reinvent Customized Content,Beauty,20326.3,True
P011959,DeepSkyBlue Ipsa,Home,7957.12,True
P010398,Fuchsia Unde,Grocery,1995.31,True
P001161,SlateGray Necessitatibus,Sports,16664.99,True
P013247,Optimize Integrated E-Markets,Books,FREE,True
P010964,Tan A,Home,478.19,True
P002737,Chartreuse Libero,Electronics,9072.76,True
P006806,LightSalmon Consectetur,Toys,17854.2,True
P006489,MediumAquaMarine Commodi,Toys,6831.52,True
P004755,SteelBlue Eum,Toys,23257.72,True
P012281,Engage Seamless Technologies,Toys,FREE,True
P005296,BlueViolet Sequi,Beauty,7641.7,True
P001677,Yellow Quos,Electronics,7104.26,True
P010246,LightSeaGreen Atque,Sports,16226.94,True
P010665,MidnightBlue Officiis,Grocery,6581.65,True
P014046,,Grocery,15166.9,True
P007667,DarkOrchid Alias,Beauty,11169.22,True
P010717,DarkSlateBlue Nesciunt,Beauty,23980.71,True
P008802,DarkViolet Exercitationem,Beauty,18635.68,True
P008267,MediumSeaGreen Non,Grocery,18881.68,True
P001540,LightCoral Eaque,Home,20269.06,True
P009157,MediumVioletRed Eius,Beauty,13518.03,True
P002684,GhostWhite Ratione,Beauty,10936.71,True
P002108,Indigo Eum,Electronics,12674.81,True
P011992,Salmon Id,Books,6740.45,True
P000791,Gray Adipisci,Home,1204.42,True
P007312,DarkSeaGreen Fugiat,Fashion,4044.81,True
P006703,Synthesize Efficient Technologies,Electronics,5781.63,True
P014843,Utilize Front-End E-Markets,Beauty,-59.20478426917596,True
P011078,Crimson Optio,Beauty,12041.7,True
P007322,Whiteboard Value-Added Convergence,Sports,10486.26,True
P007278,Olive Impedit,Home,3945.83,True
P011957,MediumSpringGreen Suscipit,Beauty,17706.3,True
P003612,Gray Porro,Sports,12116.66,True
P008434,LightSeaGreen Ut,Books,21356.09,True
P012780,,Toys,17379.14,True
P000056,Pink Reprehenderit,Electronics,800.52,True
P009715,CornflowerBlue Autem,Beauty,5091.86,True
P009820,Embrace World-Class Functionalities,,20381.31,True
P010999,LightPink Quos,Sports,3143.58,True
P009032,Chocolate Mollitia,Fashion,17807.32,True
P008581,Olive Consequuntur,Books,8948.63,True
P009588,Silver Hic,Electronics,14782.97,True
P014738,,,2922.91,True
P008004,Leverage Virtual Architectures,Fashion,12851.22,True
P006158,Tomato Officiis,Sports,24515.78,True
P006553,Incentivize Transparent Portals,Books,10065.71,True
P002690,MediumTurquoise Corporis,Fashion,18251.92,True
P004193,BlanchedAlmond Aperiam,Home,21748.88,True
P003152,LightSalmon Reprehenderit,Beauty,15344.92,True
P010384,PaleGoldenRod Quam,Beauty,5029.15,True
P005650,Green Quaerat,Beauty,11993.06,True
P005482,Cyan Voluptates,Grocery,1959.77,True
P014781,Mesh Killer Vortals,Books,-221.0452530821658,True
P004098,LightGreen Qui,Electronics,18236.25,True
P014187,,Sports,22341.93,True
P007477,DimGray Nam,Grocery,12696.17,True
P005360,Brown Quam,Books,17316.2,True
P006661,Violet Eaque,Home,4899.81,True
P000989,Tan Ipsam,Sports,4995.24,True
P011118,LightSlateGray Praesentium,Home,9124.95,True
P001114,MediumBlue Ut,Electronics,24912.77,True
P000839,LightGreen Eos,Fashion,21236.7,True
P005171,BurlyWood Odio,Sports,8502.36,True
P009673,Teal Sint,Toys,13569.99,True
P012182,Strategize Viral Supply-Chains,Grocery,-582.7942344074762,True
P005949,Tomato A,Beauty,19222.95,True
P013714,Incentivize Leading-Edge Interfaces,Sports,-703.5390385485016,True
P011213,Grow Impactful Metrics,Sports,278.81,True
P006132,LightCyan Quos,Electronics,8784.27,True
P003266,Orchestrate B2B Synergies,Books,6643.13,True
P000410,Pink Quam,Grocery,4369.77,True
P014692,Scale Mission-Critical Mindshare,Electronics,-779.7927436385705,True
P009418,Leverage Web-Enabled Markets,Beauty,617.45,True
P012581,,,867.09,True
P004128,Crimson Enim,Books,6821.75,True
P008155,Orange Consectetur,Toys,7361.09,True
P004396,LightSalmon Soluta,Toys,1765.57,True
P001216,HotPink Maiores,Beauty,1864.97,True
P012523,Iterate Real-Time E-Markets,Grocery,FREE,True
P008064,DarkSlateGray Dolor,Sports,21968.96,True
P002937,DeepPink Voluptates,Beauty,6130.15,True
P014397,Integrate Web-Enabled Eyeballs,Electronics,FREE,True
P002242,SteelBlue Quam,Electronics,9095.42,True
P000408,DarkKhaki Tempora,Electronics,16234.32,True
P000817,Snow Error,Books,2993.76,True
P007529,PapayaWhip Laboriosam,Beauty,22428.9,True
P012710,,Toys,1003.75,True
P011947,Snow Tenetur,Beauty,20873.69,True
P010877,LightBlue Neque,Books,9502.23,True
P001200,White Possimus,Grocery,14692.36,True
P010046,LightYellow Quibusdam,Sports,20958.69,True
P004964,PaleGoldenRod Non,Grocery,3847.26,True
P008486,Morph Extensible E-Commerce,Toys,11157.61,True
P005516,Brown Ut,Sports,14646.02,True
P013913,Synergize E-Business Supply-Chains,Books,FREE,True
P000872,Brown Quos,Home,14224.5,True
P010753,SlateBlue Ducimus,Books,16528.35,True
P009657,Plum Repellat,Toys,612.92,True
P003366,Salmon Provident,Home,2248.28,True
P003937,Navy Voluptate,Sports,14307.83,True
P007911,Benchmark Efficient Systems,Grocery,14577.15,True
P001999,DarkSlateBlue Distinctio,Grocery,14342.19,True
P000027,Target Viral Architectures,Grocery,19854.56,True
P002448,BurlyWood Ducimus,Electronics,20422.41,True
P001833,DarkKhaki Eius,Electronics,14013.99,True
P004369,LightSalmon A,Fashion,657.98,True
P002176,Aquamarine Ipsum,Grocery,8179.48,True
P010743,Unleash Revolutionary Applications,Fashion,697.01,True
P006519,CornflowerBlue Libero,Home,9269.15,True
P002115,MediumSpringGreen Doloribus,Electronics,9047.44,True
P002783,Linen Eligendi,Sports,15210.22,True
P002300,DarkMagenta Ipsam,Toys,428.69,True
P007238,Salmon Corrupti,Home,2007.61,True
P000607,Wheat Adipisci,Fashion,6134.81,True
P010834,Deploy Dynamic Paradigms,,7272.56,True
P005109,MintCream Unde,Fashion,630.72,True
P006487,LightBlue Delectus,Sports,17059.09,True
P002332,Linen Tenetur,Beauty,13183.83,True
P007401,HotPink Sequi,Home,23433.61,True
P003503,YellowGreen Aliquam,Beauty,55.28,True
P009575,Khaki Optio,Beauty,13151.69,True
P008192,CornflowerBlue Laborum,Home,5729.34,True
P003624,Aqua Laboriosam,Fashion,13798.45,True
P001500,MediumOrchid Aliquid,Grocery,24871.57,True
P006267,Disintermediate Frictionless Niches,Beauty,63.32,True
P010533,GreenYellow Veniam,Toys,20601.7,True
P012917,Morph Web-Enabled E-Tailers,Toys,FREE,True
P003581,Productize Web-Enabled Technologies,,21202.07,True
P004700,LightCyan Aperiam,Home,15269.64,True
P006771,DeepPink Libero,Toys,17444.92,True
P004718,GreenYellow Neque,Fashion,21795.6,True
P000742,Gainsboro Saepe,Sports,21811.84,True
P012480,Envisioneer Killer E-Business,Toys,FREE,True
P006547,SandyBrown Qui,Books,8098.69,True
P001208,Aqua Ab,Grocery,3346.65,True
P006482,Salmon Libero,Home,21437.56,True
P012931,Deliver Rich Portals,Books,-484.4283682728357,True
P009764,Crimson Alias,Beauty,23502.21,True
P004777,LightBlue Et,Home,5522.46,True
P010946,Sienna Nulla,Electronics,22383.26,True
P003502,Snow Voluptas,Electronics,5857.43,True
P001782,LightSalmon Provident,Beauty,13009.5,True
P011016,Matrix Back-End Content,Sports,11395.87,True
P010314,MediumTurquoise Quas,Home,11152.32,True
P010248,SpringGreen Eos,Sports,4630.63,True
P001030,Magenta Dolorem,Fashion,4444.46,True
P001889,DarkTurquoise Unde,Beauty,580.18,True
P004607,Purple Expedita,Electronics,17032.34,True
P013301,Strategize Compelling Platforms,Home,-469.2674113235755,True
P014923,,Books,8058.91,True
P007617,GreenYellow Voluptates,Electronics,12672.77,True
P005894,FloralWhite Blanditiis,Electronics,23776.6,True
P008362,DodgerBlue Adipisci,Grocery,11089.68,True
P012422,Facilitate Distributed Supply-Chains,Home,FREE,True
P008657,Magenta Repellendus,Fashion,21504.22,True
P012350,,Home,20224.64,True
P000397,LawnGreen Harum,Home,1807.08,True
P006508,Extend Mission-Critical Paradigms,Sports,24435.26,True
P013017,Disintermediate Back-End Info-Mediaries,Electronics,-293.38153473180114,True
P000958,MistyRose Sed,Toys,24743.09,True
P001846,PaleVioletRed Rem,Grocery,7996.7,True
P011334,MintCream Delectus,Fashion,15993.69,True
P000011,Orange Cum,Electronics,3188.0,True
P003768,LightGoldenRodYellow Voluptate,Beauty,22063.82,True
P008992,OldLace Corrupti,Home,9472.22,True
P010607,SeaGreen Facilis,Electronics,1073.13,True
P011890,Fuchsia Atque,Fashion,5201.1,True
P005983,OliveDrab Laborum,Fashion,7160.5,True
P010062,E-Enable Rich Bandwidth,Fashion,11804.08,True
P001093,MediumSlateBlue Neque,Grocery,11671.55,True
P007866,Peru Eos,Electronics,8991.55,True
P008774,GreenYellow Tempora,Books,22373.8,True
P011442,DarkTurquoise Libero,Books,18537.03,True
P002146,PaleTurquoise Suscipit,Beauty,9609.11,True
P014532,Synergize Impactful Architectures,Fashion,-53.982133599280715,True
P001685,Thistle Libero,Toys,4201.46,True
P003857,DarkTurquoise Ducimus,Toys,10383.49,True
P013449,Exploit Compelling Channels,Sports,FREE,True
P005323,SpringGreen Sunt,Electronics,11903.41,True
P010383,Orchestrate Best-Of-Breed Eyeballs,Electronics,23232.1,True
P001507,Violet Doloremque,Toys,16103.8,True
P013489,Implement Global Paradigms,Grocery,-692.8889263187413,True
P007615,Thistle Consequatur,Beauty,1441.58,True
P014967,Monetize Wireless Vortals,Electronics,FREE,True
P008319,CornflowerBlue Quo,Home,16405.02,True
P000570,BlueViolet Quae,Fashion,3184.77,True
P006020,MediumSlateBlue Tenetur,Fashion,6732.61,True
P006493,Navy Inventore,Toys,3180.61,True
P014184,Orchestrate Leading-Edge Action-Items,Sports,-358.30462215753414,True
P006780,MediumPurple Ullam,Books,13756.17,True
P010901,NavajoWhite Sequi,Grocery,18735.21,True
P005017,PaleVioletRed Sequi,Sports,8437.81,True
P010365,Lime Omnis,Beauty,13445.24,True
P003137,PaleGoldenRod Dignissimos,Beauty,14645.75,True
P009275,DodgerBlue Quod,Books,12649.74,True
P013138,Expedite Best-Of-Breed Convergence,,-811.5143050249022,True
P009736,Aqua Quidem,Electronics,24922.02,True
P002413,Red Quo,Electronics,22249.02,True
P005363,IndianRed Eius,Electronics,9072.95,True
P001493,AliceBlue Veritatis,Fashion,12093.73,True
P000382,DarkSlateGray Ipsa,Books,4846.92,True
P014827,Redefine B2C Partnerships,Fashion,-170.37959114324642,True
P005169,DarkBlue Doloremque,Grocery,2938.5,True
P004826,Chocolate Libero,Books,12193.78,True
P008716,AliceBlue Maiores,Grocery,2593.64,True
P003700,LightSteelBlue Nam,Grocery,4216.63,True
P008699,DarkOrange Iure,Sports,12195.5,True
P007426,Sienna Rem,Grocery,14262.21,True
P009675,NavajoWhite Veniam,Beauty,1296.01,True
P010218,PowderBlue Itaque,Beauty,24515.45,True
P002178,Monetize Cross-Media Partnerships,,17695.7,True
P012177,Envisioneer Robust Content,Home,FREE,True
P013403,Seize Impactful Roi,Fashion,FREE,True
P011900,Generate Cross-Platform Action-Items,,2112.13,True
P005639,Moccasin Odio,Books,16938.31,True
P007034,DarkViolet Esse,Beauty,18461.2,True
P013257,Drive Leading-Edge Metrics,Books,FREE,True
P003771,LemonChiffon Praesentium,Electronics,16274.5,True
P008498,Wheat Aperiam,Fashion,6827.0,True
P011337,MidnightBlue Non,Electronics,15858.66,True
P005151,DarkGray Eligendi,Fashion,12221.1,True
P000215,LightSkyBlue Nemo,Sports,8155.13,True
P014690,Visualize Viral Eyeballs,Grocery,-830.1124059386095,True
P006689,DarkMagenta Impedit,Toys,2765.64,True
P012728,Engage 24/365 Web Services,Electronics,-980.116981277947,True
P001260,DarkGoldenRod Voluptate,Grocery,9493.28,True
P010179,LightPink Provident,Electronics,19303.24,True
P000549,Fuchsia Cupiditate,Sports,7736.91,True
P008242,RoyalBlue Unde,Toys,129.27,True
P004314,DeepSkyBlue Eum,Home,7683.09,True
P007957,HotPink Porro,Home,12497.9,True
P006580,HotPink Deleniti,Beauty,19761.86,True
P014045,Matrix Viral Web Services,Grocery,FREE,True
P001874,SaddleBrown Quia,Toys,9698.92,True
P009781,LightGoldenRodYellow Reprehenderit,Sports,8754.99,True
P004912,LightGoldenRodYellow Esse,Books,14454.63,True
P008137,DarkViolet Animi,Sports,7466.0,True
P007662,Purple Autem,Electronics,5608.74,True
P010999,Deploy Compelling Deliverables,Books,1875.98,True
P009594,SlateBlue Accusantium,Grocery,4111.48,True
P012666,,,13320.67,True
P013832,Productize Strategic Bandwidth,Books,-76.58263747378473,True
P000161,OrangeRed Nobis,Home,4379.65,True
P009842,Disintermediate Seamless Roi,Grocery,24159.93,True
P003068,Violet Natus,Grocery,6419.18,True
P009142,IndianRed Odio,Home,10040.36,True
P005960,SeaShell Consequatur,Beauty,23146.3,True
P001607,Fuchsia Magnam,Sports,7728.14,True
P005646,DarkKhaki Necessitatibus,Electronics,20675.28,True
P009897,LightSlateGray Sed,Toys,13832.09,True
P005093,PaleVioletRed Officia,Sports,10400.32,True
P001239,RoyalBlue Aspernatur,Home,20696.59,True
P002497,CadetBlue Cum,Toys,13341.64,True
P007106,SteelBlue Beatae,Fashion,9327.17,True
P001184,Aquamarine Quo,Beauty,12357.62,True
P005563,LightSteelBlue Repudiandae,Fashion,8248.5,True
P011446,LightSeaGreen Deserunt,Electronics,11034.48,True
P012229,,Toys,4339.08,True
P009165,SlateBlue Magni,Books,23789.4,True
P011888,PaleGoldenRod Occaecati,Grocery,23029.0,True
P010935,Thistle Tenetur,Toys,3873.44,True
P000427,Olive Dicta,Books,3483.02,True
P011242,Cornsilk Id,Beauty,23106.42,True
P007955,Snow Quibusdam,Books,22523.75,True
P005994,YellowGreen Labore,Books,20356.39,True
P013281,Monetize Next-Generation Bandwidth,Electronics,FREE,True
P000482,SlateGray Adipisci,Sports,6125.5,True
P010245,White Temporibus,Grocery,14801.67,True
P005530,Leverage 24/365 Supply-Chains,Beauty,9277.11,True
P007391,AntiqueWhite Pariatur,Grocery,19202.69,True
P005427,Blue Nostrum,Home,9988.56,True
P012793,Cultivate Scalable Synergies,Books,-134.84994964643332,True
P007069,Gainsboro Tenetur,Electronics,21850.62,True
P007817,LemonChiffon Quidem,Fashion,22844.61,True
P001297,DeepSkyBlue Deserunt,Grocery,10287.86,True
P007530,Unleash Leading-Edge Infrastructures,Books,23532.74,True
P006959,Blue Minima,Fashion,20455.86,True
P014133,,Toys,18174.17,True
P005679,SandyBrown Iure,Fashion,10477.62,True
P008869,DarkSalmon Fugit,Electronics,17852.36,True
P014603,,Electronics,15959.49,True
P014211,,Sports,1925.71,True
P009549,Bisque Excepturi,Beauty,15070.46,True
P003122,DarkBlue Optio,Grocery,10885.7,True
P008134,Silver Rem,Sports,21919.05,True
P010676,LightGoldenRodYellow Assumenda,Toys,2815.11,True
P001772,Orchid Voluptates,Grocery,14117.29,True
P006669,PaleTurquoise Magni,Fashion,22710.96,True
P007655,MediumPurple Unde,Fashion,22394.75,True
P005137,MediumBlue Delectus,Books,2460.1,True
P004485,DeepSkyBlue Nihil,Toys,13788.11,True
P012637,Harness Cutting-Edge Roi,Fashion,-513.2946019200419,True
P004467,DodgerBlue Ea,Fashion,14336.29,True
P009206,LightSkyBlue Voluptatibus,Grocery,18844.66,True
P013771,,Grocery,24543.94,True
P005574,OrangeRed Pariatur,Electronics,220.85,True
P006783,DarkViolet Soluta,Toys,23318.74,True
P003965,LightSkyBlue Tempora,Fashion,24870.48,True
P010762,DarkCyan Excepturi,Electronics,21059.56,True
P002897,GoldenRod Cumque,Books,1647.98,True
P010280,Salmon Dolor,Electronics,21373.21,True
P004468,Tomato Consequuntur,Electronics,3963.86,True
P001464,Salmon Dolorem,Toys,8618.19,True
P007756,Cultivate 24/7 Deliverables,Home,14209.86,True
P000336,MediumSpringGreen Reprehenderit,Fashion,17392.58,True
P009452,DarkSlateGray Voluptates,Grocery,23252.54,True
P009402,CadetBlue Pariatur,Electronics,12471.93,True
P002103,GreenYellow Laudantium,Toys,14009.79,True
P011549,Revolutionize Sticky Channels,Beauty,17204.65,True
P008459,MediumVioletRed Minus,Home,17174.79,True
P003194,MistyRose Ut,Grocery,17333.23,True
P010088,Chocolate Sequi,Books,21742.45,True
P013258,Morph Impactful Networks,Sports,-38.4017682328427,True
P010943,SlateGray Id,Sports,17878.89,True
P003050,SkyBlue Tenetur,Sports,11573.8,True
P006038,Chartreuse Numquam,Electronics,21844.69,True
P007794,LightSteelBlue Nemo,Books,7696.95,True
P003397,MistyRose Libero,Fashion,10000.88,True
P010187,LightSeaGreen Iusto,Home,13165.89,True
P002029,Azure Eius,Books,10111.38,True
P009033,DeepPink Ipsam,Beauty,5112.86,True
P006192,DeepSkyBlue Dolorem,Sports,9368.85,True
P006013,Teal Numquam,Beauty,1838.6,True
P012359,Grow Innovative Content,Toys,FREE,True
P005808,MediumSpringGreen Porro,Home,7644.02,True
P003518,Linen Delectus,Beauty,11580.58,True
P014945,Disintermediate Efficient Convergence,Home,FREE,True
P013842,Utilize 24/365 E-Business,Electronics,FREE,True
P008370,DarkGray Illo,Toys,219.0,True
P011370,ForestGreen Ratione,Sports,12491.56,True
P013571,,Electronics,8757.75,True
P000495,MistyRose Sit,Home,14120.55,True
P004346,MediumPurple Nisi,Home,8675.95,True
P006366,Peru Illum,Grocery,7458.97,True
P004606,Green Repudiandae,Sports,19967.57,True
P008667,Maroon Praesentium,Electronics,6008.37,True
P005705,DarkSeaGreen Distinctio,Grocery,12641.89,True
P014123,Facilitate Out-Of-The-Box Supply-Chains,Books,FREE,True
P013545,Monetize Granular Vortals,Toys,FREE,True
P014490,Reinvent Impactful Deliverables,,-40.57276758278073,True
P009314,DarkBlue Ullam,Sports,15166.3,True
P001886,Lime Mollitia,Grocery,19769.51,True
P005429,BlanchedAlmond Harum,Grocery,4065.47,True
P012736,,Home,15418.49,True
P011069,Integrate Turn-Key Relationships,Electronics,11954.15,True
P007569,SpringGreen Deleniti,Home,4348.17,True
P007717,SaddleBrown Quos,Books,8003.53,True
P014477,Generate Virtual Initiatives,Beauty,-179.21762287175386,True
P011239,RoyalBlue Tempore,Grocery,9093.03,True
P009664,DarkRed Hic,Sports,17401.86,True
P009459,AntiqueWhite Ad,Home,17234.01,True
P010352,OrangeRed Error,Fashion,6107.77,True
P001154,Snow Molestiae,Electronics,2450.17,True
P005669,SeaShell Vitae,Toys,9009.85,True
P011667,Gray Qui,Books,15565.0,True
P009284,Yellow Sunt,Sports,16320.94,True
P000385,DarkMagenta Enim,Fashion,7606.23,True
P000530,Chocolate Recusandae,Books,13322.77,True
P003683,Linen Ipsa,Beauty,10850.16,True
P011864,GhostWhite Reprehenderit,Beauty,8535.07,True
P006074,Re-Contextualize User-Centric Markets,Home,23623.25,True
P002610,White Nisi,Books,9504.71,True
P001864,PapayaWhip Nihil,Toys,9112.09,True
P008683,PaleGreen Autem,Books,17842.55,True
P008780,White Ullam,Books,19763.43,True
P003901,DarkCyan Debitis,Sports,22934.15,True
P002433,Maroon Nemo,Fashion,3019.37,True
P006863,DarkKhaki Consequatur,Beauty,24473.3,True
P009996,NavajoWhite Neque,Fashion,2704.82,True
P007165,Black Occaecati,Toys,4266.77,True
P007251,LightSkyBlue Quisquam,Electronics,6581.71,True
P002579,CornflowerBlue At,Grocery,12159.28,True
P013160,Architect Compelling Content,Beauty,-210.55983661098944,True
P008447,GhostWhite Autem,Fashion,9209.26,True
P000173,DimGray Quibusdam,Fashion,11476.88,True
P000418,Chocolate Repellendus,Grocery,9007.03,True
P000062,Aqua Autem,Grocery,12709.44,True
P011878,MediumSeaGreen Cum,Books,23926.91,True
P010729,Red Reprehenderit,Books,12819.56,True
P006261,Aqua Repudiandae,Toys,22784.37,True
P007180,Red Consectetur,Fashion,24063.77,True
P009649,OliveDrab Quia,Beauty,6392.12,True
P007434,LightPink Iste,Books,20139.54,True
P003069,Syndicate Real-Time Web Services,,10815.81,True
P002254,LightYellow Totam,Home,5061.78,True
P003210,Gold Placeat,Electronics,13650.17,True
P004141,DarkOrange Corrupti,Beauty,3435.77,True
P011356,Generate Real-Time Roi,Grocery,2014.23,True
P014879,Maximize Efficient Schemas,,FREE,True
P012409,,Books,2628.7,True
P008374,DarkSeaGreen Eum,Fashion,17836.37,True
P011444,MediumTurquoise Asperiores,Sports,15388.0,True
P000185,Cultivate 24/7 Initiatives,Beauty,19491.75,True
P003586,SkyBlue Aliquam,Books,8623.75,True
P005008,Green Illo,Books,388.38,True
P008037,Chartreuse Corporis,Home,4765.59,True
P012631,Seize Wireless Architectures,Sports,-253.147880225423,True
P001224,CadetBlue Assumenda,Electronics,9640.72,True
P001877,Turquoise Iure,Grocery,19829.53,True
P001811,FireBrick Fuga,Home,17266.95,True
P008181,DeepSkyBlue Repellendus,Grocery,9928.5,True
P000021,GhostWhite Distinctio,Electronics,22081.06,True
P012284,Monetize Mission-Critical E-Services,Sports,FREE,True
P010297,DarkOrange Voluptatibus,Books,17197.87,True
P012064,Iterate Extensible E-Markets,Fashion,FREE,True
P003199,Thistle Distinctio,Sports,12702.56,True
P004795,PaleGreen Corrupti,Fashion,14271.76,True
P007096,SaddleBrown Ut,Books,2006.87,True
P008489,Plum Quae,Toys,7959.51,True
P009874,LightPink Eligendi,Beauty,15961.24,True
P014379,Extend Distributed E-Services,Beauty,FREE,True
P006733,MediumPurple Quod,Sports,1661.26,True
P007769,SeaShell Accusamus,Books,11506.13,True
P007596,DarkGreen Mollitia,Home,22844.03,True
P008026,Sienna Non,Electronics,22989.24,True
P003913,Green Hic,Books,3046.13,True
P002421,DarkTurquoise In,Electronics,4716.61,True
P011639,Green Possimus,Books,16600.06,True
P002217,Lavender Quis,Sports,2036.48,True
P003668,Magenta Alias,Beauty,3451.96,True
P012781,Reinvent One-To-One Models,Fashion,-363.81642713099103,True
P001400,BlanchedAlmond Voluptatem,Fashion,17400.36,True
P013421,Target Transparent Platforms,Toys,FREE,True
P002069,LightPink Laborum,Books,16847.03,True
P003115,DeepSkyBlue Magni,Sports,4331.1,True
P007402,LightSalmon Eum,Electronics,13627.44,True
P007311,MidnightBlue Corrupti,Grocery,16432.69,True
P011871,MediumSlateBlue Nisi,Fashion,23043.62,True
P004316,PaleGreen Quidem,Fashion,18685.49,True
P011292,Blue Necessitatibus,Sports,6705.96,True
P003443,SlateBlue Suscipit,Toys,17280.08,True
P008366,Whiteboard Clicks-And-Mortar Interfaces,Toys,828.27,True
P003654,MediumTurquoise Accusantium,Grocery,3470.17,True
P006344,Aquamarine Qui,Sports,6215.87,True
P007450,PaleVioletRed Dolorum,Toys,21595.03,True
P000150,Indigo In,Books,10596.5,True
P004108,DarkKhaki Provident,Toys,12780.79,True
P012173,,Beauty,14433.89,True
P006449,Red Quaerat,Books,6670.98,True
P008875,SaddleBrown Occaecati,Home,7483.26,True
P012640,Re-Intermediate Killer Models,Fashion,-404.0835959068659,True
P006484,WhiteSmoke Eos,Grocery,7788.8,True
P005240,LightYellow In,Sports,4118.79,True
P002174,Pink Enim,Fashion,21643.34,True
P002228,MediumOrchid Ratione,Fashion,11589.98,True
P009462,Gold Quos,Home,6629.05,True
P002997,Gold Possimus,Sports,13158.36,True
P012464,Visualize Rich Experiences,Beauty,-807.5139043582134,True
P008142,Beige Blanditiis,Books,14808.15,True
P011537,SpringGreen Commodi,Electronics,14727.31,True
P013469,Morph User-Centric Synergies,Sports,FREE,True
P011482,LightYellow Tenetur,Toys,24544.43,True
P012538,,Fashion,12988.99,True
P009166,Yellow Laborum,Electronics,1271.77,True
P002137,LightGreen Dignissimos,Home,18019.79,True
P013246,Transform Sticky Mindshare,Fashion,-444.48118139373724,True
P005314,LightSeaGreen Ad,Beauty,21143.98,True
P006839,SeaGreen Suscipit,Home,19744.63,True
P013107,,Fashion,11704.88,True
P014647,Embrace Collaborative Initiatives,Fashion,FREE,True
P000405,Transform Visionary Systems,Books,21241.16,True
P009605,MediumOrchid Molestias,Grocery,23806.03,True
P011896,Violet Nam,Toys,21894.03,True
P010001,Crimson Iusto,Fashion,19995.13,True
P003202,Lavender Magnam,Grocery,2493.01,True
P002343,DarkMagenta Vel,Sports,1059.92,True
P005735,Turquoise Impedit,Toys,23885.22,True
P002338,DarkSeaGreen Quisquam,Toys,13356.13,True
P009979,LightSeaGreen Repellat,Electronics,218.13,True
P007394,BlanchedAlmond Excepturi,Toys,4291.77,True
P011921,Magenta Possimus,Grocery,21316.6,True
P011968,MediumVioletRed Tenetur,Toys,24397.63,True
P004959,DarkOrchid Praesentium,Toys,8555.48,True
P004045,LightCoral Ullam,Books,13572.06,True
P010875,ForestGreen Commodi,Fashion,11534.16,True
P004732,Gainsboro Distinctio,Sports,24996.31,True
P003823,DarkSalmon Quidem,Toys,13460.96,True
P014225,,Books,24669.47,True
P002552,MistyRose Natus,Home,23321.65,True
P014309,Incentivize Killer Applications,Electronics,FREE,True
P008091,Cultivate Back-End Portals,,23420.49,True
P001834,DeepPink Ipsam,Electronics,15691.82,True
P004320,PeachPuff Repellendus,Sports,14554.53,True
P010298,Violet Maiores,Beauty,17370.95,True
P012146,Incentivize End-To-End Convergence,Toys,-215.63596438148943,True
P002199,Tan Commodi,Books,5306.63,True
P009747,GoldenRod Voluptate,Books,9929.76,True
P008915,Yellow Sequi,Books,16463.8,True
P003032,BurlyWood Aliquam,Sports,17397.53,True
P001372,MediumSeaGreen Amet,Home,11863.56,True
P009081,Innovate End-To-End Action-Items,Sports,5118.26,True
P004415,Harness World-Class Architectures,Fashion,504.27,True
P011025,FloralWhite Impedit,Home,11369.49,True
P009295,DarkKhaki Placeat,Beauty,18592.96,True
P004060,ForestGreen Vel,Sports,5030.53,True
P009681,Gray Error,Electronics,5300.31,True
P001806,PaleGreen Voluptatum,Home,9623.37,True
P007156,Streamline Efficient E-Services,,18964.74,True
P012222,Empower Customized Info-Mediaries,Electronics,-392.9588131095616,True
P008169,MediumBlue Accusamus,Home,384.96,True
P011966,Tomato Iste,Grocery,20326.04,True
P011114,Magenta Labore,Beauty,21397.71,True
P000782,Tomato Alias,Electronics,4423.0,True
P008743,MistyRose Incidunt,Books,8240.39,True
P006894,Tomato Explicabo,Grocery,8099.3,True
P009608,SlateBlue Quam,Sports,9581.05,True
P008811,Magenta Sapiente,Books,2569.68,True
P010390,MediumAquaMarine Excepturi,Electronics,18057.43,True
P009377,Violet Commodi,Fashion,12897.62,True
P006147,Engineer Enterprise E-Tailers,Grocery,12076.24,True
P009685,PaleTurquoise Totam,Fashion,18447.51,True
P007996,DarkSlateGray Dolorum,Home,11197.39,True
P008560,BurlyWood Delectus,Electronics,10143.72,True
P004207,Bisque Inventore,Toys,10877.19,True
P011747,LightBlue Fuga,Toys,20047.62,True
P001829,Sienna Occaecati,Books,16612.92,True
P002867,LightPink Iste,Books,18602.26,True
P004337,SeaGreen Temporibus,Books,22528.76,True
P005642,Turquoise Animi,Beauty,11745.07,True
P007502,SeaGreen Quam,Fashion,1787.11,True
P006510,Tomato Fuga,Sports,8415.6,True
P004422,AntiqueWhite Fuga,Books,15295.09,True
P004941,Turquoise Ratione,Electronics,6038.48,True
P010654,DarkGoldenRod Vero,Beauty,3030.82,True
P000472,RosyBrown Dolore,Books,6351.47,True
P014883,Strategize Seamless Schemas,Books,-77.90035756802881,True
P008386,DarkCyan Quia,Toys,2899.24,True
P001146,SeaGreen Nobis,Grocery,24422.3,True
P013544,,Home,2801.28,True
P006773,Thistle Praesentium,Beauty,17174.07,True
P012332,Envisioneer Real-Time Bandwidth,Electronics,-291.8177331701755,True
P012571,Brand 24/7 Deliverables,Electronics,-157.7685625552819,True
P013763,Incubate Extensible Supply-Chains,,-891.2364439951152,True
P009195,DarkSeaGreen In,Home,10156.29,True
P000682,MistyRose Qui,Beauty,13352.83,True
P004604,Plum Quam,Home,12720.18,True
P010050,Silver Ipsa,Grocery,8868.08,True
P000765,CadetBlue Corporis,Sports,24924.95,True
P007863,Gold Praesentium,Electronics,19522.32,True
P002563,Linen Corrupti,Grocery,23380.27,True
P001764,Green Commodi,Sports,9336.7,True
P000706,LightGray Magni,Fashion,15013.86,True
P002054,Maroon Et,Toys,5116.9,True
P002987,MistyRose Delectus,Toys,11186.79,True
P007773,RoyalBlue Quod,Toys,18939.24,True
P004972,DarkGoldenRod Maxime,Books,12510.43,True
P002446,NavajoWhite Exercitationem,Grocery,9308.86,True
P003075,Fuchsia Nam,Grocery,12651.39,True
P005774,Aquamarine Quia,Home,20794.24,True
P010041,MistyRose Enim,Fashion,20410.75,True
P013344,,Sports,716.79,True
P011893,LightPink Recusandae,Fashion,13853.74,True
P007109,IndianRed In,Sports,2354.39,True
P009683,Lime Aut,Electronics,5538.1,True
P013624,Engage Vertical Info-Mediaries,Grocery,-586.9817579389058,True
P004109,DeepPink Reiciendis,Beauty,3261.21,True
P014013,Evolve Strategic Networks,Grocery,FREE,True
P004706,Aquamarine Cupiditate,Beauty,23485.77,True
P004916,SaddleBrown Cupiditate,Electronics,13575.04,True
P007538,YellowGreen Tempore,Beauty,17506.33,True
P004892,Linen Veniam,Home,12036.87,True
P012705,Matrix Real-Time Channels,Books,-918.7336763212375,True
P005149,Red Doloremque,Beauty,6794.19,True
P003546,Maroon Eaque,Grocery,3520.22,True
P010042,PowderBlue Libero,Beauty,14145.82,True
P004896,LightSteelBlue Nihil,Toys,2450.06,True
P006188,DeepSkyBlue Explicabo,Home,6837.66,True
P005489,Cultivate Plug-And-Play Paradigms,Home,11355.45,True
P008812,Fuchsia In,Grocery,944.28,True
P009252,Cornsilk Laborum,Fashion,18403.17,True
P000906,Deliver Holistic E-Business,Grocery,23136.7,True
P005841,Turquoise Delectus,Sports,12892.68,True
P007970,Blue Iste,Beauty,11630.37,True
P014846,Repurpose Impactful Technologies,Home,-827.7020000897702,True
P006153,LimeGreen Aliquam,Grocery,12836.59,True
P004270,OldLace Autem,Home,15195.28,True
P007776,Tomato Quis,Toys,16299.84,True
P011241,Indigo Deserunt,Electronics,5866.58,True
P007168,LightSalmon Adipisci,Electronics,8100.71,True
P007585,Aqua Aliquam,Sports,8926.29,True
P007620,Crimson Quo,Toys,5887.41,True
P012107,Implement Proactive Metrics,Books,FREE,True
P009893,FireBrick Occaecati,Home,18203.9,True
P008658,GhostWhite Itaque,Sports,18581.8,True
P008784,LightSeaGreen Repudiandae,Fashion,14515.94,True
P003359,Plum Amet,Beauty,7721.05,True
P013713,Enable Holistic Portals,Home,FREE,True
P006529,LightPink Qui,Toys,3579.11,True
P002600,MediumVioletRed Recusandae,Toys,1133.27,True
P004713,DarkGreen Rerum,Grocery,614.72,True
P012299,Architect Frictionless E-Tailers,Grocery,FREE,True
P008046,Black Quaerat,Grocery,11503.11,True
P009804,Aquamarine Omnis,Books,12333.24,True
P010488,LemonChiffon In,Electronics,4767.08,True
P001711,LightYellow Voluptatibus,Home,18601.28,True
P005845,MediumSeaGreen Repudiandae,Toys,12730.71,True
P003517,Fuchsia Nostrum,Books,5490.16,True
P012069,Mesh Dot-Com Systems,,FREE,True
P007890,MediumBlue Quam,Electronics,24092.83,True
P005198,Gray Eaque,Fashion,21844.67,True
P008735,DarkGray Totam,Grocery,8457.67,True
P000571,Aqua Itaque,Beauty,8331.18,True
P004382,BlanchedAlmond Fugiat,Fashion,24266.99,True
P006772,Whiteboard Strategic Niches,Home,20883.36,True
P008926,BurlyWood Nostrum,Grocery,18659.27,True
P012532,Matrix Dot-Com Communities,Electronics,-360.1682999126158,True
P006758,MintCream Iusto,Fashion,18879.85,True
P013158,Re-Intermediate Clicks-And-Mortar Bandwidth,Electronics,-934.1079531011819,True
P005631,LightBlue Illo,Grocery,3259.85,True
P005723,PaleTurquoise Molestiae,Books,17029.3,True
P006701,MistyRose Ipsa,Grocery,21378.46,True
P003938,Aggregate Intuitive E-Business,Electronics,4798.69,True
P007127,CornflowerBlue Facilis,Sports,13207.11,True
P004651,Green Eum,Home,21887.11,True
P003262,BurlyWood Tempore,Books,19788.18,True
P005857,Snow Blanditiis,Books,6156.33,True
P014412,,Sports,3670.29,True
P003157,LightSkyBlue Saepe,Beauty,22327.56,True
P010551,Indigo Numquam,Beauty,3302.79,True
P002822,Linen Quidem,Beauty,10143.24,True
P009438,Indigo Labore,Books,11230.8,True
P010014,Productize Global Mindshare,Beauty,1486.11,True
P014092,Engineer Distributed Architectures,Fashion,FREE,True
P003632,Ivory Magni,Books,8555.55,True
P011858,Gold Iusto,Beauty,23740.7,True
P006960,Azure Ratione,Home,10599.18,True
P008977,LightSteelBlue Illo,Home,9756.95,True
P012866,,Books,1010.59,True
P007506,Magenta Eveniet,Sports,12067.3,True
P006932,SpringGreen Error,Sports,3889.55,True
P011221,Yellow Corrupti,Fashion,14294.84,True
P001345,Peru Facere,Electronics,17271.78,True
P012689,,Sports,20785.26,True
P014542,Matrix B2C Convergence,Home,-959.7622350219831,True
P000997,Blue Aspernatur,Electronics,22281.41,True
P002315,OldLace Cumque,Sports,18364.52,True
P008867,LemonChiffon Accusamus,Sports,9174.87,True
P007054,SteelBlue Quis,Sports,2255.62,True
P012829,E-Enable Collaborative Infrastructures,Grocery,FREE,True
P003201,Aqua Eos,Sports,21325.23,True
P007764,MediumSeaGreen Ab,Electronics,17660.86,True
P002986,Magenta Tenetur,Books,13982.85,True
P012224,,Fashion,8729.64,True
P002629,DarkGray Itaque,Books,5426.14,True
P006339,Integrate Out-Of-The-Box Paradigms,Fashion,21998.2,True
P000624,AntiqueWhite Voluptatum,Home,16340.38,True
P004036,DarkRed Doloribus,Fashion,6412.01,True
P010887,ForestGreen Alias,Books,12878.22,True
P003421,FireBrick Nisi,Toys,20459.65,True
P005769,Snow Recusandae,Sports,2648.38,True
P012948,E-Enable Distributed Partnerships,Home,-822.9157915619054,True
P014409,,,21664.93,True
P002181,DarkGoldenRod Velit,Electronics,24396.84,True
P014745,Aggregate Next-Generation Functionalities,Beauty,-971.799350380727,True
P004917,AntiqueWhite Nobis,Sports,3989.46,True
P012169,,Toys,524.7,True
P013062,Drive Bleeding-Edge Interfaces,Home,-778.1490878179194,True
P014446,,Grocery,1611.3,True
P009512,MediumSlateBlue Officiis,Grocery,11336.93,True
P004658,Khaki Culpa,Electronics,14035.23,True
P001629,SandyBrown Voluptatum,Books,10456.69,True
P007896,Azure Delectus,Toys,12497.89,True
P002432,Beige Distinctio,Fashion,1687.4,True
P002091,LightSeaGreen Fuga,Toys,3020.22,True
P005936,DarkOrange Modi,Fashion,20871.2,True
P002504,LemonChiffon Omnis,Beauty,11845.95,True
P005622,Gray Tempora,Sports,11210.13,True
P007005,LavenderBlush Ratione,Electronics,14249.19,True
P000793,Indigo Minus,Grocery,7901.34,True
P000240,Violet Voluptatibus,Electronics,16187.66,True
P006289,PaleGoldenRod Animi,Fashion,24511.03,True
P001604,Salmon Sint,Toys,12656.36,True
P004832,Red Distinctio,Books,15525.41,True
P014474,,Beauty,4594.09,True
P003273,ForestGreen Consequuntur,Fashion,24891.02,True
P011152,ForestGreen Quia,Toys,20848.48,True
P006609,DarkMagenta Id,Toys,1779.44,True
P005940,DarkOrange Asperiores,Electronics,18437.69,True
P004629,MistyRose Doloribus,Electronics,8271.96,True
P011569,Cyan Nisi,Fashion,23420.1,True
P009728,MediumAquaMarine Recusandae,Home,6466.59,True
P006811,Beige Beatae,Home,11359.63,True
P007473,Coral Nihil,Sports,7419.15,True
P005738,DeepPink Excepturi,Toys,18402.96,True
P003450,MediumPurple Sequi,Beauty,9963.66,True
P006641,Blue Iure,Sports,15745.42,True
P001106,Salmon Ipsum,Toys,12834.36,True
P007640,RosyBrown Veniam,Sports,20166.0,True
P009403,LightCyan Veniam,Home,14763.05,True
P003128,DarkOliveGreen Deleniti,Beauty,21076.49,True
P005474,DarkOrchid Officiis,Toys,1605.33,True
P010091,DarkGray Nobis,Grocery,21748.82,True
P006965,Chartreuse Repudiandae,Electronics,11564.55,True
P012541,Seize Granular Metrics,Electronics,-707.7239468697793,True
P002265,GhostWhite Ratione,Toys,13781.72,True
P006777,Blue Sit,Sports,1936.33,True
P010623,DarkOliveGreen Ad,Electronics,21949.86,True
P010538,LimeGreen Eligendi,Beauty,15063.81,True
P013616,Utilize Plug-And-Play Info-Mediaries,Fashion,-376.1808296431087,True
P003626,AliceBlue Quidem,Sports,11626.69,True
P000234,Orchestrate Revolutionary Users,Sports,6326.35,True
P003007,Wheat Omnis,Home,17474.38,True
P005096,LemonChiffon Laborum,Fashion,21004.53,True
P004775,Expedite Wireless Experiences,Sports,7834.96,True
P007332,Cyan Beatae,Toys,231.68,True
P004050,MediumPurple Optio,Home,21390.04,True
P008953,CornflowerBlue Consequatur,Toys,21153.37,True
P001678,DarkGreen Sunt,Books,19808.06,True
P010634,RosyBrown Sint,Books,21712.88,True
P009597,SeaGreen Praesentium,Sports,24872.64,True
P012605,,Toys,5765.34,True
P004708,LavenderBlush Veritatis,Electronics,1633.37,True
P013803,Whiteboard Open-Source Web Services,Beauty,FREE,True
P008869,Synergize Global Content,,744.89,True
P012526,Leverage Scalable E-Services,Sports,-835.4983067517309,True
P006839,Harness Interactive Users,Fashion,17973.1,True
P011873,DarkRed Deleniti,Home,5451.14,True
P007958,SlateGray Ipsam,Sports,19856.06,True
P010078,Indigo Sed,Beauty,805.73,True
P006139,SkyBlue Aliquid,Books,23711.87,True
P003864,Maximize Mission-Critical Portals,Grocery,16261.03,True
P002741,Cyan Et,Sports,6492.29,True
P003478,RoyalBlue Voluptas,Fashion,13600.79,True
P005333,Violet Beatae,Grocery,16372.14,True
P001401,Ivory Nesciunt,Sports,7786.07,True
P001893,Chocolate Porro,Toys,3919.0,True
P013185,Brand E-Business Technologies,Home,FREE,True
P002130,LightSkyBlue Dolorem,Home,10344.04,True
P009702,Chartreuse Reiciendis,Home,24931.82,True
P012090,Transition Bricks-And-Clicks Vortals,Grocery,-61.44115742892853,True
P008309,PowderBlue Praesentium,Toys,19181.08,True
P013901,,Books,21252.98,True
P009721,Gray Nihil,Sports,17985.35,True
P004502,Cyan Ipsum,Electronics,16219.87,True
P006180,MediumAquaMarine Facere,Toys,22609.8,True
P010756,Cornsilk Recusandae,Electronics,6289.67,True
P001465,Lime Modi,Home,23054.4,True
P006910,SkyBlue Perspiciatis,Sports,14069.76,True
P005731,Pink Ipsum,Books,1771.24,True
P002289,PapayaWhip In,Home,7608.18,True
P008083,Green Alias,Grocery,18270.51,True
P003701,MediumSeaGreen Quibusdam,Toys,5621.31,True
P013303,Deploy Visionary E-Commerce,Home,-268.363722563896,True
P008548,DarkCyan Ipsum,Fashion,24168.62,True
P000170,DarkKhaki Fugit,Electronics,1446.7,True
P010354,SlateGray Iure,Books,15441.39,True
P003797,SlateGray Eos,Grocery,17443.69,True
P001667,FireBrick Totam,Sports,24792.28,True
P011673,Aggregate E-Business Methodologies,Beauty,8922.93,True
P006149,MediumSeaGreen Alias,Sports,700.95,True
P011886,LightSteelBlue Libero,Grocery,8325.67,True
P010905,LimeGreen Totam,Sports,6828.34,True
P005089,GreenYellow Labore,Beauty,4435.84,True
P012190,Evolve Real-Time Convergence,Home,-108.89304070487529,True
P011690,DarkRed Sequi,Electronics,19123.53,True
P005223,Turquoise At,Sports,23828.82,True
P007178,MediumTurquoise A,Home,9538.06,True
P013087,,Electronics,10336.32,True
P010706,SaddleBrown Exercitationem,Beauty,7163.76,True
P008363,LimeGreen Excepturi,Grocery,9755.03,True
P007539,SpringGreen Tenetur,Grocery,4457.57,True
P008484,MediumOrchid Nobis,Books,4026.63,True
P003890,Brown Dolores,Grocery,21294.35,True
P001931,LightSteelBlue Nisi,Electronics,18636.12,True
P006821,BlanchedAlmond Odit,Home,95.62,True
P013434,,Books,15229.03,True
P003591,Cornsilk Quis,Sports,2901.53,True
P002578,Yellow Veritatis,Fashion,6711.57,True
P014819,Matrix World-Class Platforms,Electronics,FREE,True
P005922,Beige Harum,Fashion,15591.91,True
P007033,MintCream Soluta,Grocery,1596.05,True
P005653,Violet Impedit,Sports,21533.03,True
P011764,Cornsilk Voluptates,Grocery,1490.07,True
P008145,DarkCyan Velit,Home,14296.11,True
P003315,OrangeRed Ducimus,Toys,2192.7,True
P011147,Aquamarine Aut,Fashion,7096.65,True
P006632,GreenYellow In,Beauty,22710.88,True
P013156,Harness Synergistic Roi,Electronics,-454.13438426203845,True
P000356,LightSlateGray Quae,Electronics,24937.66,True
P006814,PeachPuff Natus,Beauty,12633.72,True
P004317,PeachPuff Tempore,Fashion,17835.52,True
P007761,DarkCyan Illo,Grocery,5484.46,True
P007916,DimGray Quia,Toys,12685.61,True
P007237,Expedite Open-Source Relationships,Home,7529.4,True
P012391,,Sports,1361.79,True
P008946,PaleGoldenRod Nostrum,Grocery,9193.33,True
P009042,BlueViolet Enim,Fashion,15009.24,True
P012534,,Books,13563.23,True
P011729,SaddleBrown Tenetur,Books,18816.99,True
P006294,MediumPurple Dolores,Electronics,5665.29,True
P013322,,Beauty,18505.06,True
P005759,Ivory Eligendi,Home,24013.4,True
P011000,Wheat Iusto,Books,24701.66,True
P007487,PapayaWhip Porro,Fashion,2235.1,True
P004146,AntiqueWhite Deserunt,Grocery,22246.59,True
P006404,GoldenRod Quo,Sports,20557.24,True
P012535,,Beauty,7513.15,True
P002923,LightGray Amet,Electronics,1983.83,True
P004029,DeepPink Doloribus,Books,1814.47,True
P013984,,Sports,15282.85,True
P007908,OldLace Corporis,Fashion,10984.77,True
P003819,SteelBlue Quam,Toys,2271.43,True
P004120,ForestGreen Exercitationem,Home,2761.05,True
P002023,Cornsilk Nulla,Fashion,7256.8,True
P009496,Green Dicta,Sports,2083.18,True
P013230,Incentivize Seamless Relationships,Toys,FREE,True
P011187,Facilitate Mission-Critical Partnerships,Fashion,20547.62,True
P006726,Envisioneer Compelling Infrastructures,Books,21496.75,True
P010311,Aqua Mollitia,Toys,10169.98,True
P002304,SkyBlue Minima,Fashion,6516.23,True
P002648,Gray Tempora,Beauty,22526.67,True
P011605,DarkCyan Autem,Sports,3382.22,True
P004327,NavajoWhite Facere,Home,10228.51,True
P009408,Gainsboro Cupiditate,Beauty,18778.89,True
P004177,Purple Unde,Toys,21013.4,True
P000566,Maroon Inventore,Beauty,24075.02,True
P007247,Tomato A,Electronics,11308.11,True
P008834,LightCoral Tenetur,Beauty,11733.55,True
P006746,DarkSlateGray Iste,Beauty,18161.28,True
P011369,Silver Dolorem,Toys,6916.05,True
P010051,Beige Corporis,Sports,18727.54,True
P004267,SteelBlue Nesciunt,Toys,5318.66,True
P005399,LightSlateGray Nisi,Grocery,2799.99,True
P001315,PaleGreen Aperiam,Fashion,1400.3,True
P002435,Sienna Corrupti,Grocery,14969.52,True
P003390,PaleVioletRed Est,Books,12780.31,True
P011792,Turquoise In,Sports,10712.53,True
P010161,BurlyWood Animi,Beauty,3298.21,True
P010127,Orchestrate Impactful Mindshare,Grocery,22608.36,True
P012304,Harness Interactive E-Markets,Books,-990.3421473110708,True
P013569,Maximize Synergistic Mindshare,Home,-383.0011571734445,True
P000643,Red Esse,Grocery,9672.26,True
P010272,FloralWhite Accusamus,Sports,11369.46,True
P003271,MediumOrchid Perspiciatis,Toys,22877.15,True
P010482,SpringGreen Sed,Fashion,22193.53,True
P009279,Green Deserunt,Electronics,24108.69,True
P002220,WhiteSmoke Dignissimos,Sports,1077.8,True
P012912,Drive Transparent Relationships,Books,-421.0890239247329,True
P010545,IndianRed Laudantium,Home,13626.19,True
P004153,Beige Iure,Grocery,18009.5,True
P000266,SlateGray Necessitatibus,Toys,12208.63,True
P014695,Enhance Dynamic Web Services,Home,-776.7933059559317,True
P006033,PeachPuff Quos,Books,14822.02,True
P001797,LightCyan Veritatis,Toys,3008.73,True
P004104,GhostWhite Minima,Home,21462.49,True
P010630,Gray Odio,Sports,13548.98,True
P008442,SeaShell Reprehenderit,Home,9732.79,True
P011734,LightSteelBlue Culpa,Home,12319.0,True
P002724,Productize Integrated E-Business,Books,6718.18,True
P014054,Mesh Revolutionary Content,Beauty,-764.1181797014598,True
P010026,HotPink Aspernatur,Fashion,20799.98,True
P008911,Violet Architecto,Toys,17121.49,True
P001498,SpringGreen Praesentium,Grocery,6643.24,True
P001906,PapayaWhip Labore,Fashion,3252.47,True
P014775,,,7117.67,True
P001497,DarkSlateBlue Provident,Books,24227.01,True
P004983,SkyBlue Placeat,Home,142.72,True
P000225,DarkOrange Asperiores,Beauty,5236.12,True
P011253,Blue Possimus,Sports,20046.87,True
P001855,Black Quam,Toys,22507.47,True
P003572,PeachPuff Quae,Beauty,11088.3,True
P010981,Purple Occaecati,Home,19140.15,True
P012684,Enhance Synergistic Schemas,Books,FREE,True
P011484,BurlyWood Alias,Sports,3026.38,True
P006401,HoneyDew Harum,Fashion,12922.21,True
P011237,FireBrick Aperiam,Grocery,17146.51,True
P006307,Khaki Nemo,Fashion,2416.74,True
P000224,DarkSalmon Minima,Fashion,18689.43,True
P010588,Khaki Voluptatibus,Books,7797.56,True
P000361,Maroon Alias,Beauty,23120.34,True
P008610,LightCyan Ullam,Home,22688.45,True
P003868,MediumOrchid Odio,Grocery,11990.93,True
P009046,Moccasin Cum,Beauty,654.04,True
P012595,,Electronics,14184.33,True
P007201,Red Nihil,Fashion,24128.41,True
P005557,Aggregate Scalable Systems,Books,20304.41,True
P010860,Cultivate Leading-Edge Web Services,Fashion,2389.3,True
P014943,,Beauty,11379.56,True
P012331,Incubate Dynamic E-Commerce,Grocery,FREE,True
P011371,Gray Architecto,Beauty,22798.84,True
P002328,Teal Iure,Grocery,20639.87,True
P009508,Gray Iure,Toys,17693.63,True
P000694,Navy Inventore,Home,20445.89,True
P013985,Strategize B2B Supply-Chains,Home,-582.1634635994238,True
P003835,Red Eligendi,Toys,9986.04,True
P012754,Unleash Open-Source Models,Sports,-185.66883238589872,True
P011065,IndianRed Nulla,Home,18796.18,True
P003498,Bisque Consequatur,Grocery,6429.6,True
P011814,MintCream Hic,Toys,14893.34,True
P004891,MintCream Quidem,Books,10101.89,True
P012533,Synthesize B2C Supply-Chains,Toys,-692.0572999514852,True
P000554,Blue Assumenda,Beauty,15250.95,True
P004620,Plum Ab,Sports,7858.35,True
P012645,,Grocery,9534.98,True
P012093,Revolutionize Global Convergence,Toys,-113.5694306527644,True
P009889,Violet Eos,Fashion,8267.69,True
P014783,Transition Mission-Critical Models,Toys,FREE,True
P007638,LimeGreen Consequuntur,Toys,1594.34,True
P003209,Wheat Expedita,Home,19267.16,True
P000300,IndianRed Excepturi,Beauty,23949.94,True
P006295,DodgerBlue Exercitationem,Home,17766.27,True
P008261,OrangeRed Repudiandae,Sports,16285.99,True
P000519,LightSteelBlue Provident,Home,8664.33,True
P003046,CadetBlue Eum,Books,24995.22,True
P011542,LightCoral Accusamus,Beauty,15494.19,True
P008660,HoneyDew Libero,Toys,19237.96,True
P002475,LightGray Ea,Fashion,14618.29,True
P007416,LightGoldenRodYellow Nemo,Grocery,7665.49,True
P009288,DarkTurquoise Minima,Electronics,2528.71,True
P007883,DarkMagenta Saepe,Fashion,18864.39,True
P005420,Violet Necessitatibus,Toys,13676.6,True
P002298,SeaShell Aliquid,Electronics,2093.91,True
P000831,SeaShell Eligendi,Home,18394.27,True
P001308,DarkMagenta Doloremque,Grocery,8090.22,True
P000440,MediumTurquoise Ullam,Beauty,22548.55,True
P014980,Innovate Front-End E-Markets,Fashion,FREE,True
P007123,DarkMagenta Consequatur,Home,16278.68,True
P013123,Iterate Customized Deliverables,Toys,-889.2666953961892,True
P009799,PaleVioletRed Officiis,Grocery,5039.08,True
P010577,MediumOrchid Aspernatur,Home,14261.77,True
P007387,Transform Cross-Media Schemas,,16131.83,True
P006735,DarkRed Culpa,Home,12350.5,True
P007712,AliceBlue Id,Books,6717.54,True
P010383,DeepPink Aperiam,Electronics,19513.37,True
P001569,FireBrick Qui,Electronics,6068.74,True
P005117,HoneyDew Culpa,Home,15488.3,True
P013667,Brand Integrated Eyeballs,Books,FREE,True
P002081,Chocolate Velit,Fashion,7612.93,True
P008711,LightSteelBlue Quasi,Beauty,21956.73,True
P009110,Turquoise Voluptatem,Fashion,22927.43,True
P009217,DarkSlateGray Voluptates,Beauty,4906.31,True
P009055,HoneyDew Eos,Fashion,6426.82,True
P010784,MistyRose Saepe,Toys,8758.1,True
P003751,Coral Omnis,Grocery,12998.17,True
P009751,Aquamarine Est,Sports,2908.68,True
P006461,CornflowerBlue Sunt,Electronics,9658.36,True
P009486,LightGreen Deleniti,Toys,4230.46,True
P007649,DarkSlateBlue Asperiores,Electronics,21304.4,True
P002084,LavenderBlush Ullam,Toys,12591.36,True
P002686,DarkSlateBlue Quidem,Grocery,7614.02,True
P012235,Scale Value-Added E-Commerce,Fashion,-10.047078280630132,True
P009411,PaleVioletRed Amet,Grocery,2752.76,True
P000538,Azure Quibusdam,Toys,6579.26,True
P003703,Indigo Animi,Beauty,22247.6,True
P008891,LightSalmon Nam,Fashion,6692.33,True
P010237,Green In,Toys,6851.82,True
P003796,PowderBlue Maiores,Home,5544.18,True
P001128,DimGray Libero,Toys,352.11,True
P008407,HoneyDew Repudiandae,Electronics,3007.73,True
P002064,OrangeRed Iusto,Toys,3156.32,True
P010924,DarkSalmon Nesciunt,Beauty,18512.26,True
P010101,FloralWhite Aut,Toys,7883.63,True
P007042,Tomato Harum,Electronics,13264.03,True
P004674,DimGray Eligendi,Toys,19680.93,True
P006693,Azure Sapiente,Home,4481.96,True
P008080,PowderBlue Voluptate,Beauty,22604.86,True
P006696,Wheat At,Fashion,2596.95,True
P002236,Chartreuse Assumenda,Toys,14410.2,True
P005538,LightSeaGreen Nobis,Books,13900.3,True
P004500,Blue Earum,Electronics,16023.53,True
P003130,Yellow Itaque,Grocery,16098.91,True
P012223,Matrix Dynamic Synergies,Grocery,-831.549605309714,True
P001883,DeepPink Ex,Toys,24393.93,True
P005712,DarkViolet Libero,Electronics,21946.71,True
P011562,LightSlateGray In,Fashion,17051.24,True
P009777,Moccasin Iusto,Beauty,10468.87,True
P012822,Target Dynamic Solutions,Grocery,-451.4682626367806,True
P011277,Turquoise Quis,Fashion,4478.82,True
P005313,LightCyan Animi,Home,17426.57,True
P011974,LightCoral Perspiciatis,Home,21087.07,True
P012246,Strategize B2B Systems,Home,FREE,True
P002508,DarkTurquoise Reiciendis,Toys,16194.33,True
P000050,LemonChiffon Maiores,Electronics,9507.11,True
P013837,Benchmark Best-Of-Breed Networks,Home,-300.2215473849627,True
P011694,Bisque Odio,Home,13758.29,True
P010108,LightSteelBlue Quam,Home,24485.43,True
P007175,DarkTurquoise Ipsum,Beauty,18451.06,True
P004020,DeepPink Assumenda,Toys,3475.77,True
P008858,ForestGreen Vitae,Beauty,16393.51,True
P003675,LemonChiffon Dolorem,Sports,22073.73,True
P000040,Tomato Laboriosam,Sports,3890.7,True
P000348,PowderBlue Similique,Fashion,24071.69,True
P011725,PowderBlue Commodi,Home,16866.11,True
P010478,Chartreuse Deleniti,Home,16798.0,True
P006176,Blue Dolore,Electronics,3987.24,True
P009705,DarkSlateGray Rem,Books,24291.45,True
P011191,Coral Voluptas,Home,5369.0,True
P010186,Teal Quod,Sports,8398.4,True
P009257,Gold Nulla,Books,762.34,True
P013031,,Toys,17303.92,True
P008788,SeaShell Magnam,Home,16954.34,True
